id,parent_id,level,name,slug
bz.01,,1,Automotive,automotive
bz.01.01,bz.01,2,Motor & Antrieb,automotive/motor-und-antrieb
bz.01.01.01,bz.01.01,3,Motor & Antrieb – PKW,automotive/motor-und-antrieb/motor-und-antrieb-pkw
bz.01.01.02,bz.01.01,3,Motor & Antrieb – SUV,automotive/motor-und-antrieb/motor-und-antrieb-suv
bz.01.01.03,bz.01.01,3,Motor & Antrieb – Transporter,automotive/motor-und-antrieb/motor-und-antrieb-transporter
bz.01.01.04,bz.01.01,3,Motor & Antrieb – LKW,automotive/motor-und-antrieb/motor-und-antrieb-lkw
bz.01.01.05,bz.01.01,3,Motor & Antrieb – Nutzfahrzeug,automotive/motor-und-antrieb/motor-und-antrieb-nutzfahrzeug
bz.01.01.06,bz.01.01,3,Motor & Antrieb – Oldtimer,automotive/motor-und-antrieb/motor-und-antrieb-oldtimer
bz.01.01.07,bz.01.01,3,Motor & Antrieb – Sport,automotive/motor-und-antrieb/motor-und-antrieb-sport
bz.01.01.08,bz.01.01,3,Motor & Antrieb – Universal,automotive/motor-und-antrieb/motor-und-antrieb-universal
bz.01.01.09,bz.01.01,3,Motor & Antrieb – OEM,automotive/motor-und-antrieb/motor-und-antrieb-oem
bz.01.01.10,bz.01.01,3,Motor & Antrieb – Aftermarket,automotive/motor-und-antrieb/motor-und-antrieb-aftermarket
bz.01.02,bz.01,2,Getriebe & Kupplung,automotive/getriebe-und-kupplung
bz.01.02.01,bz.01.02,3,Getriebe & Kupplung – PKW,automotive/getriebe-und-kupplung/getriebe-und-kupplung-pkw
bz.01.02.02,bz.01.02,3,Getriebe & Kupplung – SUV,automotive/getriebe-und-kupplung/getriebe-und-kupplung-suv
bz.01.02.03,bz.01.02,3,Getriebe & Kupplung – Transporter,automotive/getriebe-und-kupplung/getriebe-und-kupplung-transporter
bz.01.02.04,bz.01.02,3,Getriebe & Kupplung – LKW,automotive/getriebe-und-kupplung/getriebe-und-kupplung-lkw
bz.01.02.05,bz.01.02,3,Getriebe & Kupplung – Nutzfahrzeug,automotive/getriebe-und-kupplung/getriebe-und-kupplung-nutzfahrzeug
bz.01.02.06,bz.01.02,3,Getriebe & Kupplung – Oldtimer,automotive/getriebe-und-kupplung/getriebe-und-kupplung-oldtimer
bz.01.02.07,bz.01.02,3,Getriebe & Kupplung – Sport,automotive/getriebe-und-kupplung/getriebe-und-kupplung-sport
bz.01.02.08,bz.01.02,3,Getriebe & Kupplung – Universal,automotive/getriebe-und-kupplung/getriebe-und-kupplung-universal
bz.01.02.09,bz.01.02,3,Getriebe & Kupplung – OEM,automotive/getriebe-und-kupplung/getriebe-und-kupplung-oem
bz.01.02.10,bz.01.02,3,Getriebe & Kupplung – Aftermarket,automotive/getriebe-und-kupplung/getriebe-und-kupplung-aftermarket
bz.01.03,bz.01,2,Bremsanlage,automotive/bremsanlage
bz.01.03.01,bz.01.03,3,Bremsanlage – PKW,automotive/bremsanlage/bremsanlage-pkw
bz.01.03.02,bz.01.03,3,Bremsanlage – SUV,automotive/bremsanlage/bremsanlage-suv
bz.01.03.03,bz.01.03,3,Bremsanlage – Transporter,automotive/bremsanlage/bremsanlage-transporter
bz.01.03.04,bz.01.03,3,Bremsanlage – LKW,automotive/bremsanlage/bremsanlage-lkw
bz.01.03.05,bz.01.03,3,Bremsanlage – Nutzfahrzeug,automotive/bremsanlage/bremsanlage-nutzfahrzeug
bz.01.03.06,bz.01.03,3,Bremsanlage – Oldtimer,automotive/bremsanlage/bremsanlage-oldtimer
bz.01.03.07,bz.01.03,3,Bremsanlage – Sport,automotive/bremsanlage/bremsanlage-sport
bz.01.03.08,bz.01.03,3,Bremsanlage – Universal,automotive/bremsanlage/bremsanlage-universal
bz.01.03.09,bz.01.03,3,Bremsanlage – OEM,automotive/bremsanlage/bremsanlage-oem
bz.01.03.10,bz.01.03,3,Bremsanlage – Aftermarket,automotive/bremsanlage/bremsanlage-aftermarket
bz.01.04,bz.01,2,Fahrwerk & Lenkung,automotive/fahrwerk-und-lenkung
bz.01.04.01,bz.01.04,3,Fahrwerk & Lenkung – PKW,automotive/fahrwerk-und-lenkung/fahrwerk-und-lenkung-pkw
bz.01.04.02,bz.01.04,3,Fahrwerk & Lenkung – SUV,automotive/fahrwerk-und-lenkung/fahrwerk-und-lenkung-suv
bz.01.04.03,bz.01.04,3,Fahrwerk & Lenkung – Transporter,automotive/fahrwerk-und-lenkung/fahrwerk-und-lenkung-transporter
bz.01.04.04,bz.01.04,3,Fahrwerk & Lenkung – LKW,automotive/fahrwerk-und-lenkung/fahrwerk-und-lenkung-lkw
bz.01.04.05,bz.01.04,3,Fahrwerk & Lenkung – Nutzfahrzeug,automotive/fahrwerk-und-lenkung/fahrwerk-und-lenkung-nutzfahrzeug
bz.01.04.06,bz.01.04,3,Fahrwerk & Lenkung – Oldtimer,automotive/fahrwerk-und-lenkung/fahrwerk-und-lenkung-oldtimer
bz.01.04.07,bz.01.04,3,Fahrwerk & Lenkung – Sport,automotive/fahrwerk-und-lenkung/fahrwerk-und-lenkung-sport
bz.01.04.08,bz.01.04,3,Fahrwerk & Lenkung – Universal,automotive/fahrwerk-und-lenkung/fahrwerk-und-lenkung-universal
bz.01.04.09,bz.01.04,3,Fahrwerk & Lenkung – OEM,automotive/fahrwerk-und-lenkung/fahrwerk-und-lenkung-oem
bz.01.04.10,bz.01.04,3,Fahrwerk & Lenkung – Aftermarket,automotive/fahrwerk-und-lenkung/fahrwerk-und-lenkung-aftermarket
bz.01.05,bz.01,2,Elektrik & Elektronik,automotive/elektrik-und-elektronik
bz.01.05.01,bz.01.05,3,Elektrik & Elektronik – PKW,automotive/elektrik-und-elektronik/elektrik-und-elektronik-pkw
bz.01.05.02,bz.01.05,3,Elektrik & Elektronik – SUV,automotive/elektrik-und-elektronik/elektrik-und-elektronik-suv
bz.01.05.03,bz.01.05,3,Elektrik & Elektronik – Transporter,automotive/elektrik-und-elektronik/elektrik-und-elektronik-transporter
bz.01.05.04,bz.01.05,3,Elektrik & Elektronik – LKW,automotive/elektrik-und-elektronik/elektrik-und-elektronik-lkw
bz.01.05.05,bz.01.05,3,Elektrik & Elektronik – Nutzfahrzeug,automotive/elektrik-und-elektronik/elektrik-und-elektronik-nutzfahrzeug
bz.01.05.06,bz.01.05,3,Elektrik & Elektronik – Oldtimer,automotive/elektrik-und-elektronik/elektrik-und-elektronik-oldtimer
bz.01.05.07,bz.01.05,3,Elektrik & Elektronik – Sport,automotive/elektrik-und-elektronik/elektrik-und-elektronik-sport
bz.01.05.08,bz.01.05,3,Elektrik & Elektronik – Universal,automotive/elektrik-und-elektronik/elektrik-und-elektronik-universal
bz.01.05.09,bz.01.05,3,Elektrik & Elektronik – OEM,automotive/elektrik-und-elektronik/elektrik-und-elektronik-oem
bz.01.05.10,bz.01.05,3,Elektrik & Elektronik – Aftermarket,automotive/elektrik-und-elektronik/elektrik-und-elektronik-aftermarket
bz.01.06,bz.01,2,Karosserie,automotive/karosserie
bz.01.06.01,bz.01.06,3,Karosserie – PKW,automotive/karosserie/karosserie-pkw
bz.01.06.02,bz.01.06,3,Karosserie – SUV,automotive/karosserie/karosserie-suv
bz.01.06.03,bz.01.06,3,Karosserie – Transporter,automotive/karosserie/karosserie-transporter
bz.01.06.04,bz.01.06,3,Karosserie – LKW,automotive/karosserie/karosserie-lkw
bz.01.06.05,bz.01.06,3,Karosserie – Nutzfahrzeug,automotive/karosserie/karosserie-nutzfahrzeug
bz.01.06.06,bz.01.06,3,Karosserie – Oldtimer,automotive/karosserie/karosserie-oldtimer
bz.01.06.07,bz.01.06,3,Karosserie – Sport,automotive/karosserie/karosserie-sport
bz.01.06.08,bz.01.06,3,Karosserie – Universal,automotive/karosserie/karosserie-universal
bz.01.06.09,bz.01.06,3,Karosserie – OEM,automotive/karosserie/karosserie-oem
bz.01.06.10,bz.01.06,3,Karosserie – Aftermarket,automotive/karosserie/karosserie-aftermarket
bz.01.07,bz.01,2,Innenraum,automotive/innenraum
bz.01.07.01,bz.01.07,3,Innenraum – PKW,automotive/innenraum/innenraum-pkw
bz.01.07.02,bz.01.07,3,Innenraum – SUV,automotive/innenraum/innenraum-suv
bz.01.07.03,bz.01.07,3,Innenraum – Transporter,automotive/innenraum/innenraum-transporter
bz.01.07.04,bz.01.07,3,Innenraum – LKW,automotive/innenraum/innenraum-lkw
bz.01.07.05,bz.01.07,3,Innenraum – Nutzfahrzeug,automotive/innenraum/innenraum-nutzfahrzeug
bz.01.07.06,bz.01.07,3,Innenraum – Oldtimer,automotive/innenraum/innenraum-oldtimer
bz.01.07.07,bz.01.07,3,Innenraum – Sport,automotive/innenraum/innenraum-sport
bz.01.07.08,bz.01.07,3,Innenraum – Universal,automotive/innenraum/innenraum-universal
bz.01.07.09,bz.01.07,3,Innenraum – OEM,automotive/innenraum/innenraum-oem
bz.01.07.10,bz.01.07,3,Innenraum – Aftermarket,automotive/innenraum/innenraum-aftermarket
bz.01.08,bz.01,2,Klima & Heizung,automotive/klima-und-heizung
bz.01.08.01,bz.01.08,3,Klima & Heizung – PKW,automotive/klima-und-heizung/klima-und-heizung-pkw
bz.01.08.02,bz.01.08,3,Klima & Heizung – SUV,automotive/klima-und-heizung/klima-und-heizung-suv
bz.01.08.03,bz.01.08,3,Klima & Heizung – Transporter,automotive/klima-und-heizung/klima-und-heizung-transporter
bz.01.08.04,bz.01.08,3,Klima & Heizung – LKW,automotive/klima-und-heizung/klima-und-heizung-lkw
bz.01.08.05,bz.01.08,3,Klima & Heizung – Nutzfahrzeug,automotive/klima-und-heizung/klima-und-heizung-nutzfahrzeug
bz.01.08.06,bz.01.08,3,Klima & Heizung – Oldtimer,automotive/klima-und-heizung/klima-und-heizung-oldtimer
bz.01.08.07,bz.01.08,3,Klima & Heizung – Sport,automotive/klima-und-heizung/klima-und-heizung-sport
bz.01.08.08,bz.01.08,3,Klima & Heizung – Universal,automotive/klima-und-heizung/klima-und-heizung-universal
bz.01.08.09,bz.01.08,3,Klima & Heizung – OEM,automotive/klima-und-heizung/klima-und-heizung-oem
bz.01.08.10,bz.01.08,3,Klima & Heizung – Aftermarket,automotive/klima-und-heizung/klima-und-heizung-aftermarket
bz.01.09,bz.01,2,Kraftstoffsystem,automotive/kraftstoffsystem
bz.01.09.01,bz.01.09,3,Kraftstoffsystem – PKW,automotive/kraftstoffsystem/kraftstoffsystem-pkw
bz.01.09.02,bz.01.09,3,Kraftstoffsystem – SUV,automotive/kraftstoffsystem/kraftstoffsystem-suv
bz.01.09.03,bz.01.09,3,Kraftstoffsystem – Transporter,automotive/kraftstoffsystem/kraftstoffsystem-transporter
bz.01.09.04,bz.01.09,3,Kraftstoffsystem – LKW,automotive/kraftstoffsystem/kraftstoffsystem-lkw
bz.01.09.05,bz.01.09,3,Kraftstoffsystem – Nutzfahrzeug,automotive/kraftstoffsystem/kraftstoffsystem-nutzfahrzeug
bz.01.09.06,bz.01.09,3,Kraftstoffsystem – Oldtimer,automotive/kraftstoffsystem/kraftstoffsystem-oldtimer
bz.01.09.07,bz.01.09,3,Kraftstoffsystem – Sport,automotive/kraftstoffsystem/kraftstoffsystem-sport
bz.01.09.08,bz.01.09,3,Kraftstoffsystem – Universal,automotive/kraftstoffsystem/kraftstoffsystem-universal
bz.01.09.09,bz.01.09,3,Kraftstoffsystem – OEM,automotive/kraftstoffsystem/kraftstoffsystem-oem
bz.01.09.10,bz.01.09,3,Kraftstoffsystem – Aftermarket,automotive/kraftstoffsystem/kraftstoffsystem-aftermarket
bz.01.10,bz.01,2,Abgasanlage,automotive/abgasanlage
bz.01.10.01,bz.01.10,3,Abgasanlage – PKW,automotive/abgasanlage/abgasanlage-pkw
bz.01.10.02,bz.01.10,3,Abgasanlage – SUV,automotive/abgasanlage/abgasanlage-suv
bz.01.10.03,bz.01.10,3,Abgasanlage – Transporter,automotive/abgasanlage/abgasanlage-transporter
bz.01.10.04,bz.01.10,3,Abgasanlage – LKW,automotive/abgasanlage/abgasanlage-lkw
bz.01.10.05,bz.01.10,3,Abgasanlage – Nutzfahrzeug,automotive/abgasanlage/abgasanlage-nutzfahrzeug
bz.01.10.06,bz.01.10,3,Abgasanlage – Oldtimer,automotive/abgasanlage/abgasanlage-oldtimer
bz.01.10.07,bz.01.10,3,Abgasanlage – Sport,automotive/abgasanlage/abgasanlage-sport
bz.01.10.08,bz.01.10,3,Abgasanlage – Universal,automotive/abgasanlage/abgasanlage-universal
bz.01.10.09,bz.01.10,3,Abgasanlage – OEM,automotive/abgasanlage/abgasanlage-oem
bz.01.10.10,bz.01.10,3,Abgasanlage – Aftermarket,automotive/abgasanlage/abgasanlage-aftermarket
bz.01.11,bz.01,2,Filter,automotive/filter
bz.01.11.01,bz.01.11,3,Filter – PKW,automotive/filter/filter-pkw
bz.01.11.02,bz.01.11,3,Filter – SUV,automotive/filter/filter-suv
bz.01.11.03,bz.01.11,3,Filter – Transporter,automotive/filter/filter-transporter
bz.01.11.04,bz.01.11,3,Filter – LKW,automotive/filter/filter-lkw
bz.01.11.05,bz.01.11,3,Filter – Nutzfahrzeug,automotive/filter/filter-nutzfahrzeug
bz.01.11.06,bz.01.11,3,Filter – Oldtimer,automotive/filter/filter-oldtimer
bz.01.11.07,bz.01.11,3,Filter – Sport,automotive/filter/filter-sport
bz.01.11.08,bz.01.11,3,Filter – Universal,automotive/filter/filter-universal
bz.01.11.09,bz.01.11,3,Filter – OEM,automotive/filter/filter-oem
bz.01.11.10,bz.01.11,3,Filter – Aftermarket,automotive/filter/filter-aftermarket
bz.01.12,bz.01,2,Werkstatt & Diagnose,automotive/werkstatt-und-diagnose
bz.01.12.01,bz.01.12,3,Werkstatt & Diagnose – PKW,automotive/werkstatt-und-diagnose/werkstatt-und-diagnose-pkw
bz.01.12.02,bz.01.12,3,Werkstatt & Diagnose – SUV,automotive/werkstatt-und-diagnose/werkstatt-und-diagnose-suv
bz.01.12.03,bz.01.12,3,Werkstatt & Diagnose – Transporter,automotive/werkstatt-und-diagnose/werkstatt-und-diagnose-transporter
bz.01.12.04,bz.01.12,3,Werkstatt & Diagnose – LKW,automotive/werkstatt-und-diagnose/werkstatt-und-diagnose-lkw
bz.01.12.05,bz.01.12,3,Werkstatt & Diagnose – Nutzfahrzeug,automotive/werkstatt-und-diagnose/werkstatt-und-diagnose-nutzfahrzeug
bz.01.12.06,bz.01.12,3,Werkstatt & Diagnose – Oldtimer,automotive/werkstatt-und-diagnose/werkstatt-und-diagnose-oldtimer
bz.01.12.07,bz.01.12,3,Werkstatt & Diagnose – Sport,automotive/werkstatt-und-diagnose/werkstatt-und-diagnose-sport
bz.01.12.08,bz.01.12,3,Werkstatt & Diagnose – Universal,automotive/werkstatt-und-diagnose/werkstatt-und-diagnose-universal
bz.01.12.09,bz.01.12,3,Werkstatt & Diagnose – OEM,automotive/werkstatt-und-diagnose/werkstatt-und-diagnose-oem
bz.01.12.10,bz.01.12,3,Werkstatt & Diagnose – Aftermarket,automotive/werkstatt-und-diagnose/werkstatt-und-diagnose-aftermarket
bz.02,,1,Haus & Wohnen,haus-und-wohnen
bz.02.01,bz.02,2,Wohnzimmer,haus-und-wohnen/wohnzimmer
bz.02.01.01,bz.02.01,3,Wohnzimmer – Wohnzimmer,haus-und-wohnen/wohnzimmer/wohnzimmer-wohnzimmer
bz.02.01.02,bz.02.01,3,Wohnzimmer – Schlafzimmer,haus-und-wohnen/wohnzimmer/wohnzimmer-schlafzimmer
bz.02.01.03,bz.02.01,3,Wohnzimmer – Küche,haus-und-wohnen/wohnzimmer/wohnzimmer-kueche
bz.02.01.04,bz.02.01,3,Wohnzimmer – Bad,haus-und-wohnen/wohnzimmer/wohnzimmer-bad
bz.02.01.05,bz.02.01,3,Wohnzimmer – Kinder,haus-und-wohnen/wohnzimmer/wohnzimmer-kinder
bz.02.01.06,bz.02.01,3,Wohnzimmer – Balkon,haus-und-wohnen/wohnzimmer/wohnzimmer-balkon
bz.02.01.07,bz.02.01,3,Wohnzimmer – Garten,haus-und-wohnen/wohnzimmer/wohnzimmer-garten
bz.02.01.08,bz.02.01,3,Wohnzimmer – Gewerbe,haus-und-wohnen/wohnzimmer/wohnzimmer-gewerbe
bz.02.01.09,bz.02.01,3,Wohnzimmer – Premium,haus-und-wohnen/wohnzimmer/wohnzimmer-premium
bz.02.01.10,bz.02.01,3,Wohnzimmer – Ersatzteile,haus-und-wohnen/wohnzimmer/wohnzimmer-ersatzteile
bz.02.02,bz.02,2,Schlafzimmer,haus-und-wohnen/schlafzimmer
bz.02.02.01,bz.02.02,3,Schlafzimmer – Wohnzimmer,haus-und-wohnen/schlafzimmer/schlafzimmer-wohnzimmer
bz.02.02.02,bz.02.02,3,Schlafzimmer – Schlafzimmer,haus-und-wohnen/schlafzimmer/schlafzimmer-schlafzimmer
bz.02.02.03,bz.02.02,3,Schlafzimmer – Küche,haus-und-wohnen/schlafzimmer/schlafzimmer-kueche
bz.02.02.04,bz.02.02,3,Schlafzimmer – Bad,haus-und-wohnen/schlafzimmer/schlafzimmer-bad
bz.02.02.05,bz.02.02,3,Schlafzimmer – Kinder,haus-und-wohnen/schlafzimmer/schlafzimmer-kinder
bz.02.02.06,bz.02.02,3,Schlafzimmer – Balkon,haus-und-wohnen/schlafzimmer/schlafzimmer-balkon
bz.02.02.07,bz.02.02,3,Schlafzimmer – Garten,haus-und-wohnen/schlafzimmer/schlafzimmer-garten
bz.02.02.08,bz.02.02,3,Schlafzimmer – Gewerbe,haus-und-wohnen/schlafzimmer/schlafzimmer-gewerbe
bz.02.02.09,bz.02.02,3,Schlafzimmer – Premium,haus-und-wohnen/schlafzimmer/schlafzimmer-premium
bz.02.02.10,bz.02.02,3,Schlafzimmer – Ersatzteile,haus-und-wohnen/schlafzimmer/schlafzimmer-ersatzteile
bz.02.03,bz.02,2,Küche,haus-und-wohnen/kueche
bz.02.03.01,bz.02.03,3,Küche – Wohnzimmer,haus-und-wohnen/kueche/kueche-wohnzimmer
bz.02.03.02,bz.02.03,3,Küche – Schlafzimmer,haus-und-wohnen/kueche/kueche-schlafzimmer
bz.02.03.03,bz.02.03,3,Küche – Küche,haus-und-wohnen/kueche/kueche-kueche
bz.02.03.04,bz.02.03,3,Küche – Bad,haus-und-wohnen/kueche/kueche-bad
bz.02.03.05,bz.02.03,3,Küche – Kinder,haus-und-wohnen/kueche/kueche-kinder
bz.02.03.06,bz.02.03,3,Küche – Balkon,haus-und-wohnen/kueche/kueche-balkon
bz.02.03.07,bz.02.03,3,Küche – Garten,haus-und-wohnen/kueche/kueche-garten
bz.02.03.08,bz.02.03,3,Küche – Gewerbe,haus-und-wohnen/kueche/kueche-gewerbe
bz.02.03.09,bz.02.03,3,Küche – Premium,haus-und-wohnen/kueche/kueche-premium
bz.02.03.10,bz.02.03,3,Küche – Ersatzteile,haus-und-wohnen/kueche/kueche-ersatzteile
bz.02.04,bz.02,2,Bad,haus-und-wohnen/bad
bz.02.04.01,bz.02.04,3,Bad – Wohnzimmer,haus-und-wohnen/bad/bad-wohnzimmer
bz.02.04.02,bz.02.04,3,Bad – Schlafzimmer,haus-und-wohnen/bad/bad-schlafzimmer
bz.02.04.03,bz.02.04,3,Bad – Küche,haus-und-wohnen/bad/bad-kueche
bz.02.04.04,bz.02.04,3,Bad – Bad,haus-und-wohnen/bad/bad-bad
bz.02.04.05,bz.02.04,3,Bad – Kinder,haus-und-wohnen/bad/bad-kinder
bz.02.04.06,bz.02.04,3,Bad – Balkon,haus-und-wohnen/bad/bad-balkon
bz.02.04.07,bz.02.04,3,Bad – Garten,haus-und-wohnen/bad/bad-garten
bz.02.04.08,bz.02.04,3,Bad – Gewerbe,haus-und-wohnen/bad/bad-gewerbe
bz.02.04.09,bz.02.04,3,Bad – Premium,haus-und-wohnen/bad/bad-premium
bz.02.04.10,bz.02.04,3,Bad – Ersatzteile,haus-und-wohnen/bad/bad-ersatzteile
bz.02.05,bz.02,2,Flur & Eingangsbereich,haus-und-wohnen/flur-und-eingangsbereich
bz.02.05.01,bz.02.05,3,Flur & Eingangsbereich – Wohnzimmer,haus-und-wohnen/flur-und-eingangsbereich/flur-und-eingangsbereich-wohnzimmer
bz.02.05.02,bz.02.05,3,Flur & Eingangsbereich – Schlafzimmer,haus-und-wohnen/flur-und-eingangsbereich/flur-und-eingangsbereich-schlafzimmer
bz.02.05.03,bz.02.05,3,Flur & Eingangsbereich – Küche,haus-und-wohnen/flur-und-eingangsbereich/flur-und-eingangsbereich-kueche
bz.02.05.04,bz.02.05,3,Flur & Eingangsbereich – Bad,haus-und-wohnen/flur-und-eingangsbereich/flur-und-eingangsbereich-bad
bz.02.05.05,bz.02.05,3,Flur & Eingangsbereich – Kinder,haus-und-wohnen/flur-und-eingangsbereich/flur-und-eingangsbereich-kinder
bz.02.05.06,bz.02.05,3,Flur & Eingangsbereich – Balkon,haus-und-wohnen/flur-und-eingangsbereich/flur-und-eingangsbereich-balkon
bz.02.05.07,bz.02.05,3,Flur & Eingangsbereich – Garten,haus-und-wohnen/flur-und-eingangsbereich/flur-und-eingangsbereich-garten
bz.02.05.08,bz.02.05,3,Flur & Eingangsbereich – Gewerbe,haus-und-wohnen/flur-und-eingangsbereich/flur-und-eingangsbereich-gewerbe
bz.02.05.09,bz.02.05,3,Flur & Eingangsbereich – Premium,haus-und-wohnen/flur-und-eingangsbereich/flur-und-eingangsbereich-premium
bz.02.05.10,bz.02.05,3,Flur & Eingangsbereich – Ersatzteile,haus-und-wohnen/flur-und-eingangsbereich/flur-und-eingangsbereich-ersatzteile
bz.02.06,bz.02,2,Kinderzimmer,haus-und-wohnen/kinderzimmer
bz.02.06.01,bz.02.06,3,Kinderzimmer – Wohnzimmer,haus-und-wohnen/kinderzimmer/kinderzimmer-wohnzimmer
bz.02.06.02,bz.02.06,3,Kinderzimmer – Schlafzimmer,haus-und-wohnen/kinderzimmer/kinderzimmer-schlafzimmer
bz.02.06.03,bz.02.06,3,Kinderzimmer – Küche,haus-und-wohnen/kinderzimmer/kinderzimmer-kueche
bz.02.06.04,bz.02.06,3,Kinderzimmer – Bad,haus-und-wohnen/kinderzimmer/kinderzimmer-bad
bz.02.06.05,bz.02.06,3,Kinderzimmer – Kinder,haus-und-wohnen/kinderzimmer/kinderzimmer-kinder
bz.02.06.06,bz.02.06,3,Kinderzimmer – Balkon,haus-und-wohnen/kinderzimmer/kinderzimmer-balkon
bz.02.06.07,bz.02.06,3,Kinderzimmer – Garten,haus-und-wohnen/kinderzimmer/kinderzimmer-garten
bz.02.06.08,bz.02.06,3,Kinderzimmer – Gewerbe,haus-und-wohnen/kinderzimmer/kinderzimmer-gewerbe
bz.02.06.09,bz.02.06,3,Kinderzimmer – Premium,haus-und-wohnen/kinderzimmer/kinderzimmer-premium
bz.02.06.10,bz.02.06,3,Kinderzimmer – Ersatzteile,haus-und-wohnen/kinderzimmer/kinderzimmer-ersatzteile
bz.02.07,bz.02,2,Dekoration,haus-und-wohnen/dekoration
bz.02.07.01,bz.02.07,3,Dekoration – Wohnzimmer,haus-und-wohnen/dekoration/dekoration-wohnzimmer
bz.02.07.02,bz.02.07,3,Dekoration – Schlafzimmer,haus-und-wohnen/dekoration/dekoration-schlafzimmer
bz.02.07.03,bz.02.07,3,Dekoration – Küche,haus-und-wohnen/dekoration/dekoration-kueche
bz.02.07.04,bz.02.07,3,Dekoration – Bad,haus-und-wohnen/dekoration/dekoration-bad
bz.02.07.05,bz.02.07,3,Dekoration – Kinder,haus-und-wohnen/dekoration/dekoration-kinder
bz.02.07.06,bz.02.07,3,Dekoration – Balkon,haus-und-wohnen/dekoration/dekoration-balkon
bz.02.07.07,bz.02.07,3,Dekoration – Garten,haus-und-wohnen/dekoration/dekoration-garten
bz.02.07.08,bz.02.07,3,Dekoration – Gewerbe,haus-und-wohnen/dekoration/dekoration-gewerbe
bz.02.07.09,bz.02.07,3,Dekoration – Premium,haus-und-wohnen/dekoration/dekoration-premium
bz.02.07.10,bz.02.07,3,Dekoration – Ersatzteile,haus-und-wohnen/dekoration/dekoration-ersatzteile
bz.02.08,bz.02,2,Haushalt,haus-und-wohnen/haushalt
bz.02.08.01,bz.02.08,3,Haushalt – Wohnzimmer,haus-und-wohnen/haushalt/haushalt-wohnzimmer
bz.02.08.02,bz.02.08,3,Haushalt – Schlafzimmer,haus-und-wohnen/haushalt/haushalt-schlafzimmer
bz.02.08.03,bz.02.08,3,Haushalt – Küche,haus-und-wohnen/haushalt/haushalt-kueche
bz.02.08.04,bz.02.08,3,Haushalt – Bad,haus-und-wohnen/haushalt/haushalt-bad
bz.02.08.05,bz.02.08,3,Haushalt – Kinder,haus-und-wohnen/haushalt/haushalt-kinder
bz.02.08.06,bz.02.08,3,Haushalt – Balkon,haus-und-wohnen/haushalt/haushalt-balkon
bz.02.08.07,bz.02.08,3,Haushalt – Garten,haus-und-wohnen/haushalt/haushalt-garten
bz.02.08.08,bz.02.08,3,Haushalt – Gewerbe,haus-und-wohnen/haushalt/haushalt-gewerbe
bz.02.08.09,bz.02.08,3,Haushalt – Premium,haus-und-wohnen/haushalt/haushalt-premium
bz.02.08.10,bz.02.08,3,Haushalt – Ersatzteile,haus-und-wohnen/haushalt/haushalt-ersatzteile
bz.02.09,bz.02,2,Textilien,haus-und-wohnen/textilien
bz.02.09.01,bz.02.09,3,Textilien – Wohnzimmer,haus-und-wohnen/textilien/textilien-wohnzimmer
bz.02.09.02,bz.02.09,3,Textilien – Schlafzimmer,haus-und-wohnen/textilien/textilien-schlafzimmer
bz.02.09.03,bz.02.09,3,Textilien – Küche,haus-und-wohnen/textilien/textilien-kueche
bz.02.09.04,bz.02.09,3,Textilien – Bad,haus-und-wohnen/textilien/textilien-bad
bz.02.09.05,bz.02.09,3,Textilien – Kinder,haus-und-wohnen/textilien/textilien-kinder
bz.02.09.06,bz.02.09,3,Textilien – Balkon,haus-und-wohnen/textilien/textilien-balkon
bz.02.09.07,bz.02.09,3,Textilien – Garten,haus-und-wohnen/textilien/textilien-garten
bz.02.09.08,bz.02.09,3,Textilien – Gewerbe,haus-und-wohnen/textilien/textilien-gewerbe
bz.02.09.09,bz.02.09,3,Textilien – Premium,haus-und-wohnen/textilien/textilien-premium
bz.02.09.10,bz.02.09,3,Textilien – Ersatzteile,haus-und-wohnen/textilien/textilien-ersatzteile
bz.02.10,bz.02,2,Aufbewahrung,haus-und-wohnen/aufbewahrung
bz.02.10.01,bz.02.10,3,Aufbewahrung – Wohnzimmer,haus-und-wohnen/aufbewahrung/aufbewahrung-wohnzimmer
bz.02.10.02,bz.02.10,3,Aufbewahrung – Schlafzimmer,haus-und-wohnen/aufbewahrung/aufbewahrung-schlafzimmer
bz.02.10.03,bz.02.10,3,Aufbewahrung – Küche,haus-und-wohnen/aufbewahrung/aufbewahrung-kueche
bz.02.10.04,bz.02.10,3,Aufbewahrung – Bad,haus-und-wohnen/aufbewahrung/aufbewahrung-bad
bz.02.10.05,bz.02.10,3,Aufbewahrung – Kinder,haus-und-wohnen/aufbewahrung/aufbewahrung-kinder
bz.02.10.06,bz.02.10,3,Aufbewahrung – Balkon,haus-und-wohnen/aufbewahrung/aufbewahrung-balkon
bz.02.10.07,bz.02.10,3,Aufbewahrung – Garten,haus-und-wohnen/aufbewahrung/aufbewahrung-garten
bz.02.10.08,bz.02.10,3,Aufbewahrung – Gewerbe,haus-und-wohnen/aufbewahrung/aufbewahrung-gewerbe
bz.02.10.09,bz.02.10,3,Aufbewahrung – Premium,haus-und-wohnen/aufbewahrung/aufbewahrung-premium
bz.02.10.10,bz.02.10,3,Aufbewahrung – Ersatzteile,haus-und-wohnen/aufbewahrung/aufbewahrung-ersatzteile
bz.02.11,bz.02,2,Garten & Balkon,haus-und-wohnen/garten-und-balkon
bz.02.11.01,bz.02.11,3,Garten & Balkon – Wohnzimmer,haus-und-wohnen/garten-und-balkon/garten-und-balkon-wohnzimmer
bz.02.11.02,bz.02.11,3,Garten & Balkon – Schlafzimmer,haus-und-wohnen/garten-und-balkon/garten-und-balkon-schlafzimmer
bz.02.11.03,bz.02.11,3,Garten & Balkon – Küche,haus-und-wohnen/garten-und-balkon/garten-und-balkon-kueche
bz.02.11.04,bz.02.11,3,Garten & Balkon – Bad,haus-und-wohnen/garten-und-balkon/garten-und-balkon-bad
bz.02.11.05,bz.02.11,3,Garten & Balkon – Kinder,haus-und-wohnen/garten-und-balkon/garten-und-balkon-kinder
bz.02.11.06,bz.02.11,3,Garten & Balkon – Balkon,haus-und-wohnen/garten-und-balkon/garten-und-balkon-balkon
bz.02.11.07,bz.02.11,3,Garten & Balkon – Garten,haus-und-wohnen/garten-und-balkon/garten-und-balkon-garten
bz.02.11.08,bz.02.11,3,Garten & Balkon – Gewerbe,haus-und-wohnen/garten-und-balkon/garten-und-balkon-gewerbe
bz.02.11.09,bz.02.11,3,Garten & Balkon – Premium,haus-und-wohnen/garten-und-balkon/garten-und-balkon-premium
bz.02.11.10,bz.02.11,3,Garten & Balkon – Ersatzteile,haus-und-wohnen/garten-und-balkon/garten-und-balkon-ersatzteile
bz.02.12,bz.02,2,Haustier im Haushalt,haus-und-wohnen/haustier-im-haushalt
bz.02.12.01,bz.02.12,3,Haustier im Haushalt – Wohnzimmer,haus-und-wohnen/haustier-im-haushalt/haustier-im-haushalt-wohnzimmer
bz.02.12.02,bz.02.12,3,Haustier im Haushalt – Schlafzimmer,haus-und-wohnen/haustier-im-haushalt/haustier-im-haushalt-schlafzimmer
bz.02.12.03,bz.02.12,3,Haustier im Haushalt – Küche,haus-und-wohnen/haustier-im-haushalt/haustier-im-haushalt-kueche
bz.02.12.04,bz.02.12,3,Haustier im Haushalt – Bad,haus-und-wohnen/haustier-im-haushalt/haustier-im-haushalt-bad
bz.02.12.05,bz.02.12,3,Haustier im Haushalt – Kinder,haus-und-wohnen/haustier-im-haushalt/haustier-im-haushalt-kinder
bz.02.12.06,bz.02.12,3,Haustier im Haushalt – Balkon,haus-und-wohnen/haustier-im-haushalt/haustier-im-haushalt-balkon
bz.02.12.07,bz.02.12,3,Haustier im Haushalt – Garten,haus-und-wohnen/haustier-im-haushalt/haustier-im-haushalt-garten
bz.02.12.08,bz.02.12,3,Haustier im Haushalt – Gewerbe,haus-und-wohnen/haustier-im-haushalt/haustier-im-haushalt-gewerbe
bz.02.12.09,bz.02.12,3,Haustier im Haushalt – Premium,haus-und-wohnen/haustier-im-haushalt/haustier-im-haushalt-premium
bz.02.12.10,bz.02.12,3,Haustier im Haushalt – Ersatzteile,haus-und-wohnen/haustier-im-haushalt/haustier-im-haushalt-ersatzteile
bz.03,,1,Werkzeuge,werkzeuge
bz.03.01,bz.03,2,Handwerkzeuge,werkzeuge/handwerkzeuge
bz.03.01.01,bz.03.01,3,Handwerkzeuge – Hand,werkzeuge/handwerkzeuge/handwerkzeuge-hand
bz.03.01.02,bz.03.01,3,Handwerkzeuge – Akku,werkzeuge/handwerkzeuge/handwerkzeuge-akku
bz.03.01.03,bz.03.01,3,Handwerkzeuge – Elektro,werkzeuge/handwerkzeuge/handwerkzeuge-elektro
bz.03.01.04,bz.03.01,3,Handwerkzeuge – Druckluft,werkzeuge/handwerkzeuge/handwerkzeuge-druckluft
bz.03.01.05,bz.03.01,3,Handwerkzeuge – Profi,werkzeuge/handwerkzeuge/handwerkzeuge-profi
bz.03.01.06,bz.03.01,3,Handwerkzeuge – Industrie,werkzeuge/handwerkzeuge/handwerkzeuge-industrie
bz.03.01.07,bz.03.01,3,Handwerkzeuge – Set,werkzeuge/handwerkzeuge/handwerkzeuge-set
bz.03.01.08,bz.03.01,3,Handwerkzeuge – Zubehör,werkzeuge/handwerkzeuge/handwerkzeuge-zubehoer
bz.03.01.09,bz.03.01,3,Handwerkzeuge – Ersatzteile,werkzeuge/handwerkzeuge/handwerkzeuge-ersatzteile
bz.03.01.10,bz.03.01,3,Handwerkzeuge – Verbrauch,werkzeuge/handwerkzeuge/handwerkzeuge-verbrauch
bz.03.02,bz.03,2,Elektrowerkzeuge,werkzeuge/elektrowerkzeuge
bz.03.02.01,bz.03.02,3,Elektrowerkzeuge – Hand,werkzeuge/elektrowerkzeuge/elektrowerkzeuge-hand
bz.03.02.02,bz.03.02,3,Elektrowerkzeuge – Akku,werkzeuge/elektrowerkzeuge/elektrowerkzeuge-akku
bz.03.02.03,bz.03.02,3,Elektrowerkzeuge – Elektro,werkzeuge/elektrowerkzeuge/elektrowerkzeuge-elektro
bz.03.02.04,bz.03.02,3,Elektrowerkzeuge – Druckluft,werkzeuge/elektrowerkzeuge/elektrowerkzeuge-druckluft
bz.03.02.05,bz.03.02,3,Elektrowerkzeuge – Profi,werkzeuge/elektrowerkzeuge/elektrowerkzeuge-profi
bz.03.02.06,bz.03.02,3,Elektrowerkzeuge – Industrie,werkzeuge/elektrowerkzeuge/elektrowerkzeuge-industrie
bz.03.02.07,bz.03.02,3,Elektrowerkzeuge – Set,werkzeuge/elektrowerkzeuge/elektrowerkzeuge-set
bz.03.02.08,bz.03.02,3,Elektrowerkzeuge – Zubehör,werkzeuge/elektrowerkzeuge/elektrowerkzeuge-zubehoer
bz.03.02.09,bz.03.02,3,Elektrowerkzeuge – Ersatzteile,werkzeuge/elektrowerkzeuge/elektrowerkzeuge-ersatzteile
bz.03.02.10,bz.03.02,3,Elektrowerkzeuge – Verbrauch,werkzeuge/elektrowerkzeuge/elektrowerkzeuge-verbrauch
bz.03.03,bz.03,2,Akkugeräte,werkzeuge/akkugeraete
bz.03.03.01,bz.03.03,3,Akkugeräte – Hand,werkzeuge/akkugeraete/akkugeraete-hand
bz.03.03.02,bz.03.03,3,Akkugeräte – Akku,werkzeuge/akkugeraete/akkugeraete-akku
bz.03.03.03,bz.03.03,3,Akkugeräte – Elektro,werkzeuge/akkugeraete/akkugeraete-elektro
bz.03.03.04,bz.03.03,3,Akkugeräte – Druckluft,werkzeuge/akkugeraete/akkugeraete-druckluft
bz.03.03.05,bz.03.03,3,Akkugeräte – Profi,werkzeuge/akkugeraete/akkugeraete-profi
bz.03.03.06,bz.03.03,3,Akkugeräte – Industrie,werkzeuge/akkugeraete/akkugeraete-industrie
bz.03.03.07,bz.03.03,3,Akkugeräte – Set,werkzeuge/akkugeraete/akkugeraete-set
bz.03.03.08,bz.03.03,3,Akkugeräte – Zubehör,werkzeuge/akkugeraete/akkugeraete-zubehoer
bz.03.03.09,bz.03.03,3,Akkugeräte – Ersatzteile,werkzeuge/akkugeraete/akkugeraete-ersatzteile
bz.03.03.10,bz.03.03,3,Akkugeräte – Verbrauch,werkzeuge/akkugeraete/akkugeraete-verbrauch
bz.03.04,bz.03,2,Druckluft,werkzeuge/druckluft
bz.03.04.01,bz.03.04,3,Druckluft – Hand,werkzeuge/druckluft/druckluft-hand
bz.03.04.02,bz.03.04,3,Druckluft – Akku,werkzeuge/druckluft/druckluft-akku
bz.03.04.03,bz.03.04,3,Druckluft – Elektro,werkzeuge/druckluft/druckluft-elektro
bz.03.04.04,bz.03.04,3,Druckluft – Druckluft,werkzeuge/druckluft/druckluft-druckluft
bz.03.04.05,bz.03.04,3,Druckluft – Profi,werkzeuge/druckluft/druckluft-profi
bz.03.04.06,bz.03.04,3,Druckluft – Industrie,werkzeuge/druckluft/druckluft-industrie
bz.03.04.07,bz.03.04,3,Druckluft – Set,werkzeuge/druckluft/druckluft-set
bz.03.04.08,bz.03.04,3,Druckluft – Zubehör,werkzeuge/druckluft/druckluft-zubehoer
bz.03.04.09,bz.03.04,3,Druckluft – Ersatzteile,werkzeuge/druckluft/druckluft-ersatzteile
bz.03.04.10,bz.03.04,3,Druckluft – Verbrauch,werkzeuge/druckluft/druckluft-verbrauch
bz.03.05,bz.03,2,Mess- & Prüftechnik,werkzeuge/mess-und-prueftechnik
bz.03.05.01,bz.03.05,3,Mess- & Prüftechnik – Hand,werkzeuge/mess-und-prueftechnik/mess-und-prueftechnik-hand
bz.03.05.02,bz.03.05,3,Mess- & Prüftechnik – Akku,werkzeuge/mess-und-prueftechnik/mess-und-prueftechnik-akku
bz.03.05.03,bz.03.05,3,Mess- & Prüftechnik – Elektro,werkzeuge/mess-und-prueftechnik/mess-und-prueftechnik-elektro
bz.03.05.04,bz.03.05,3,Mess- & Prüftechnik – Druckluft,werkzeuge/mess-und-prueftechnik/mess-und-prueftechnik-druckluft
bz.03.05.05,bz.03.05,3,Mess- & Prüftechnik – Profi,werkzeuge/mess-und-prueftechnik/mess-und-prueftechnik-profi
bz.03.05.06,bz.03.05,3,Mess- & Prüftechnik – Industrie,werkzeuge/mess-und-prueftechnik/mess-und-prueftechnik-industrie
bz.03.05.07,bz.03.05,3,Mess- & Prüftechnik – Set,werkzeuge/mess-und-prueftechnik/mess-und-prueftechnik-set
bz.03.05.08,bz.03.05,3,Mess- & Prüftechnik – Zubehör,werkzeuge/mess-und-prueftechnik/mess-und-prueftechnik-zubehoer
bz.03.05.09,bz.03.05,3,Mess- & Prüftechnik – Ersatzteile,werkzeuge/mess-und-prueftechnik/mess-und-prueftechnik-ersatzteile
bz.03.05.10,bz.03.05,3,Mess- & Prüftechnik – Verbrauch,werkzeuge/mess-und-prueftechnik/mess-und-prueftechnik-verbrauch
bz.03.06,bz.03,2,Schneidwerkzeuge,werkzeuge/schneidwerkzeuge
bz.03.06.01,bz.03.06,3,Schneidwerkzeuge – Hand,werkzeuge/schneidwerkzeuge/schneidwerkzeuge-hand
bz.03.06.02,bz.03.06,3,Schneidwerkzeuge – Akku,werkzeuge/schneidwerkzeuge/schneidwerkzeuge-akku
bz.03.06.03,bz.03.06,3,Schneidwerkzeuge – Elektro,werkzeuge/schneidwerkzeuge/schneidwerkzeuge-elektro
bz.03.06.04,bz.03.06,3,Schneidwerkzeuge – Druckluft,werkzeuge/schneidwerkzeuge/schneidwerkzeuge-druckluft
bz.03.06.05,bz.03.06,3,Schneidwerkzeuge – Profi,werkzeuge/schneidwerkzeuge/schneidwerkzeuge-profi
bz.03.06.06,bz.03.06,3,Schneidwerkzeuge – Industrie,werkzeuge/schneidwerkzeuge/schneidwerkzeuge-industrie
bz.03.06.07,bz.03.06,3,Schneidwerkzeuge – Set,werkzeuge/schneidwerkzeuge/schneidwerkzeuge-set
bz.03.06.08,bz.03.06,3,Schneidwerkzeuge – Zubehör,werkzeuge/schneidwerkzeuge/schneidwerkzeuge-zubehoer
bz.03.06.09,bz.03.06,3,Schneidwerkzeuge – Ersatzteile,werkzeuge/schneidwerkzeuge/schneidwerkzeuge-ersatzteile
bz.03.06.10,bz.03.06,3,Schneidwerkzeuge – Verbrauch,werkzeuge/schneidwerkzeuge/schneidwerkzeuge-verbrauch
bz.03.07,bz.03,2,Befestigung,werkzeuge/befestigung
bz.03.07.01,bz.03.07,3,Befestigung – Hand,werkzeuge/befestigung/befestigung-hand
bz.03.07.02,bz.03.07,3,Befestigung – Akku,werkzeuge/befestigung/befestigung-akku
bz.03.07.03,bz.03.07,3,Befestigung – Elektro,werkzeuge/befestigung/befestigung-elektro
bz.03.07.04,bz.03.07,3,Befestigung – Druckluft,werkzeuge/befestigung/befestigung-druckluft
bz.03.07.05,bz.03.07,3,Befestigung – Profi,werkzeuge/befestigung/befestigung-profi
bz.03.07.06,bz.03.07,3,Befestigung – Industrie,werkzeuge/befestigung/befestigung-industrie
bz.03.07.07,bz.03.07,3,Befestigung – Set,werkzeuge/befestigung/befestigung-set
bz.03.07.08,bz.03.07,3,Befestigung – Zubehör,werkzeuge/befestigung/befestigung-zubehoer
bz.03.07.09,bz.03.07,3,Befestigung – Ersatzteile,werkzeuge/befestigung/befestigung-ersatzteile
bz.03.07.10,bz.03.07,3,Befestigung – Verbrauch,werkzeuge/befestigung/befestigung-verbrauch
bz.03.08,bz.03,2,Werkstatt,werkzeuge/werkstatt
bz.03.08.01,bz.03.08,3,Werkstatt – Hand,werkzeuge/werkstatt/werkstatt-hand
bz.03.08.02,bz.03.08,3,Werkstatt – Akku,werkzeuge/werkstatt/werkstatt-akku
bz.03.08.03,bz.03.08,3,Werkstatt – Elektro,werkzeuge/werkstatt/werkstatt-elektro
bz.03.08.04,bz.03.08,3,Werkstatt – Druckluft,werkzeuge/werkstatt/werkstatt-druckluft
bz.03.08.05,bz.03.08,3,Werkstatt – Profi,werkzeuge/werkstatt/werkstatt-profi
bz.03.08.06,bz.03.08,3,Werkstatt – Industrie,werkzeuge/werkstatt/werkstatt-industrie
bz.03.08.07,bz.03.08,3,Werkstatt – Set,werkzeuge/werkstatt/werkstatt-set
bz.03.08.08,bz.03.08,3,Werkstatt – Zubehör,werkzeuge/werkstatt/werkstatt-zubehoer
bz.03.08.09,bz.03.08,3,Werkstatt – Ersatzteile,werkzeuge/werkstatt/werkstatt-ersatzteile
bz.03.08.10,bz.03.08,3,Werkstatt – Verbrauch,werkzeuge/werkstatt/werkstatt-verbrauch
bz.03.09,bz.03,2,Werkzeugsets,werkzeuge/werkzeugsets
bz.03.09.01,bz.03.09,3,Werkzeugsets – Hand,werkzeuge/werkzeugsets/werkzeugsets-hand
bz.03.09.02,bz.03.09,3,Werkzeugsets – Akku,werkzeuge/werkzeugsets/werkzeugsets-akku
bz.03.09.03,bz.03.09,3,Werkzeugsets – Elektro,werkzeuge/werkzeugsets/werkzeugsets-elektro
bz.03.09.04,bz.03.09,3,Werkzeugsets – Druckluft,werkzeuge/werkzeugsets/werkzeugsets-druckluft
bz.03.09.05,bz.03.09,3,Werkzeugsets – Profi,werkzeuge/werkzeugsets/werkzeugsets-profi
bz.03.09.06,bz.03.09,3,Werkzeugsets – Industrie,werkzeuge/werkzeugsets/werkzeugsets-industrie
bz.03.09.07,bz.03.09,3,Werkzeugsets – Set,werkzeuge/werkzeugsets/werkzeugsets-set
bz.03.09.08,bz.03.09,3,Werkzeugsets – Zubehör,werkzeuge/werkzeugsets/werkzeugsets-zubehoer
bz.03.09.09,bz.03.09,3,Werkzeugsets – Ersatzteile,werkzeuge/werkzeugsets/werkzeugsets-ersatzteile
bz.03.09.10,bz.03.09,3,Werkzeugsets – Verbrauch,werkzeuge/werkzeugsets/werkzeugsets-verbrauch
bz.03.10,bz.03,2,Arbeitsplatz,werkzeuge/arbeitsplatz
bz.03.10.01,bz.03.10,3,Arbeitsplatz – Hand,werkzeuge/arbeitsplatz/arbeitsplatz-hand
bz.03.10.02,bz.03.10,3,Arbeitsplatz – Akku,werkzeuge/arbeitsplatz/arbeitsplatz-akku
bz.03.10.03,bz.03.10,3,Arbeitsplatz – Elektro,werkzeuge/arbeitsplatz/arbeitsplatz-elektro
bz.03.10.04,bz.03.10,3,Arbeitsplatz – Druckluft,werkzeuge/arbeitsplatz/arbeitsplatz-druckluft
bz.03.10.05,bz.03.10,3,Arbeitsplatz – Profi,werkzeuge/arbeitsplatz/arbeitsplatz-profi
bz.03.10.06,bz.03.10,3,Arbeitsplatz – Industrie,werkzeuge/arbeitsplatz/arbeitsplatz-industrie
bz.03.10.07,bz.03.10,3,Arbeitsplatz – Set,werkzeuge/arbeitsplatz/arbeitsplatz-set
bz.03.10.08,bz.03.10,3,Arbeitsplatz – Zubehör,werkzeuge/arbeitsplatz/arbeitsplatz-zubehoer
bz.03.10.09,bz.03.10,3,Arbeitsplatz – Ersatzteile,werkzeuge/arbeitsplatz/arbeitsplatz-ersatzteile
bz.03.10.10,bz.03.10,3,Arbeitsplatz – Verbrauch,werkzeuge/arbeitsplatz/arbeitsplatz-verbrauch
bz.03.11,bz.03,2,Spezialwerkzeuge,werkzeuge/spezialwerkzeuge
bz.03.11.01,bz.03.11,3,Spezialwerkzeuge – Hand,werkzeuge/spezialwerkzeuge/spezialwerkzeuge-hand
bz.03.11.02,bz.03.11,3,Spezialwerkzeuge – Akku,werkzeuge/spezialwerkzeuge/spezialwerkzeuge-akku
bz.03.11.03,bz.03.11,3,Spezialwerkzeuge – Elektro,werkzeuge/spezialwerkzeuge/spezialwerkzeuge-elektro
bz.03.11.04,bz.03.11,3,Spezialwerkzeuge – Druckluft,werkzeuge/spezialwerkzeuge/spezialwerkzeuge-druckluft
bz.03.11.05,bz.03.11,3,Spezialwerkzeuge – Profi,werkzeuge/spezialwerkzeuge/spezialwerkzeuge-profi
bz.03.11.06,bz.03.11,3,Spezialwerkzeuge – Industrie,werkzeuge/spezialwerkzeuge/spezialwerkzeuge-industrie
bz.03.11.07,bz.03.11,3,Spezialwerkzeuge – Set,werkzeuge/spezialwerkzeuge/spezialwerkzeuge-set
bz.03.11.08,bz.03.11,3,Spezialwerkzeuge – Zubehör,werkzeuge/spezialwerkzeuge/spezialwerkzeuge-zubehoer
bz.03.11.09,bz.03.11,3,Spezialwerkzeuge – Ersatzteile,werkzeuge/spezialwerkzeuge/spezialwerkzeuge-ersatzteile
bz.03.11.10,bz.03.11,3,Spezialwerkzeuge – Verbrauch,werkzeuge/spezialwerkzeuge/spezialwerkzeuge-verbrauch
bz.03.12,bz.03,2,Zubehör,werkzeuge/zubehoer
bz.03.12.01,bz.03.12,3,Zubehör – Hand,werkzeuge/zubehoer/zubehoer-hand
bz.03.12.02,bz.03.12,3,Zubehör – Akku,werkzeuge/zubehoer/zubehoer-akku
bz.03.12.03,bz.03.12,3,Zubehör – Elektro,werkzeuge/zubehoer/zubehoer-elektro
bz.03.12.04,bz.03.12,3,Zubehör – Druckluft,werkzeuge/zubehoer/zubehoer-druckluft
bz.03.12.05,bz.03.12,3,Zubehör – Profi,werkzeuge/zubehoer/zubehoer-profi
bz.03.12.06,bz.03.12,3,Zubehör – Industrie,werkzeuge/zubehoer/zubehoer-industrie
bz.03.12.07,bz.03.12,3,Zubehör – Set,werkzeuge/zubehoer/zubehoer-set
bz.03.12.08,bz.03.12,3,Zubehör – Zubehör,werkzeuge/zubehoer/zubehoer-zubehoer
bz.03.12.09,bz.03.12,3,Zubehör – Ersatzteile,werkzeuge/zubehoer/zubehoer-ersatzteile
bz.03.12.10,bz.03.12,3,Zubehör – Verbrauch,werkzeuge/zubehoer/zubehoer-verbrauch
bz.04,,1,Garten,garten
bz.04.01,bz.04,2,Gartenwerkzeuge,garten/gartenwerkzeuge
bz.04.01.01,bz.04.01,3,Gartenwerkzeuge – Privatgarten,garten/gartenwerkzeuge/gartenwerkzeuge-privatgarten
bz.04.01.02,bz.04.01,3,Gartenwerkzeuge – Profi,garten/gartenwerkzeuge/gartenwerkzeuge-profi
bz.04.01.03,bz.04.01,3,Gartenwerkzeuge – Akku,garten/gartenwerkzeuge/gartenwerkzeuge-akku
bz.04.01.04,bz.04.01,3,Gartenwerkzeuge – Benzin,garten/gartenwerkzeuge/gartenwerkzeuge-benzin
bz.04.01.05,bz.04.01,3,Gartenwerkzeuge – Elektrisch,garten/gartenwerkzeuge/gartenwerkzeuge-elektrisch
bz.04.01.06,bz.04.01,3,Gartenwerkzeuge – Bewässerung,garten/gartenwerkzeuge/gartenwerkzeuge-bewaesserung
bz.04.01.07,bz.04.01,3,Gartenwerkzeuge – Bio,garten/gartenwerkzeuge/gartenwerkzeuge-bio
bz.04.01.08,bz.04.01,3,Gartenwerkzeuge – Gewächshaus,garten/gartenwerkzeuge/gartenwerkzeuge-gewaechshaus
bz.04.01.09,bz.04.01,3,Gartenwerkzeuge – Terrasse,garten/gartenwerkzeuge/gartenwerkzeuge-terrasse
bz.04.01.10,bz.04.01,3,Gartenwerkzeuge – Ersatzteile,garten/gartenwerkzeuge/gartenwerkzeuge-ersatzteile
bz.04.02,bz.04,2,Rasenpflege,garten/rasenpflege
bz.04.02.01,bz.04.02,3,Rasenpflege – Privatgarten,garten/rasenpflege/rasenpflege-privatgarten
bz.04.02.02,bz.04.02,3,Rasenpflege – Profi,garten/rasenpflege/rasenpflege-profi
bz.04.02.03,bz.04.02,3,Rasenpflege – Akku,garten/rasenpflege/rasenpflege-akku
bz.04.02.04,bz.04.02,3,Rasenpflege – Benzin,garten/rasenpflege/rasenpflege-benzin
bz.04.02.05,bz.04.02,3,Rasenpflege – Elektrisch,garten/rasenpflege/rasenpflege-elektrisch
bz.04.02.06,bz.04.02,3,Rasenpflege – Bewässerung,garten/rasenpflege/rasenpflege-bewaesserung
bz.04.02.07,bz.04.02,3,Rasenpflege – Bio,garten/rasenpflege/rasenpflege-bio
bz.04.02.08,bz.04.02,3,Rasenpflege – Gewächshaus,garten/rasenpflege/rasenpflege-gewaechshaus
bz.04.02.09,bz.04.02,3,Rasenpflege – Terrasse,garten/rasenpflege/rasenpflege-terrasse
bz.04.02.10,bz.04.02,3,Rasenpflege – Ersatzteile,garten/rasenpflege/rasenpflege-ersatzteile
bz.04.03,bz.04,2,Baumpflege,garten/baumpflege
bz.04.03.01,bz.04.03,3,Baumpflege – Privatgarten,garten/baumpflege/baumpflege-privatgarten
bz.04.03.02,bz.04.03,3,Baumpflege – Profi,garten/baumpflege/baumpflege-profi
bz.04.03.03,bz.04.03,3,Baumpflege – Akku,garten/baumpflege/baumpflege-akku
bz.04.03.04,bz.04.03,3,Baumpflege – Benzin,garten/baumpflege/baumpflege-benzin
bz.04.03.05,bz.04.03,3,Baumpflege – Elektrisch,garten/baumpflege/baumpflege-elektrisch
bz.04.03.06,bz.04.03,3,Baumpflege – Bewässerung,garten/baumpflege/baumpflege-bewaesserung
bz.04.03.07,bz.04.03,3,Baumpflege – Bio,garten/baumpflege/baumpflege-bio
bz.04.03.08,bz.04.03,3,Baumpflege – Gewächshaus,garten/baumpflege/baumpflege-gewaechshaus
bz.04.03.09,bz.04.03,3,Baumpflege – Terrasse,garten/baumpflege/baumpflege-terrasse
bz.04.03.10,bz.04.03,3,Baumpflege – Ersatzteile,garten/baumpflege/baumpflege-ersatzteile
bz.04.04,bz.04,2,Gartenmaschinen,garten/gartenmaschinen
bz.04.04.01,bz.04.04,3,Gartenmaschinen – Privatgarten,garten/gartenmaschinen/gartenmaschinen-privatgarten
bz.04.04.02,bz.04.04,3,Gartenmaschinen – Profi,garten/gartenmaschinen/gartenmaschinen-profi
bz.04.04.03,bz.04.04,3,Gartenmaschinen – Akku,garten/gartenmaschinen/gartenmaschinen-akku
bz.04.04.04,bz.04.04,3,Gartenmaschinen – Benzin,garten/gartenmaschinen/gartenmaschinen-benzin
bz.04.04.05,bz.04.04,3,Gartenmaschinen – Elektrisch,garten/gartenmaschinen/gartenmaschinen-elektrisch
bz.04.04.06,bz.04.04,3,Gartenmaschinen – Bewässerung,garten/gartenmaschinen/gartenmaschinen-bewaesserung
bz.04.04.07,bz.04.04,3,Gartenmaschinen – Bio,garten/gartenmaschinen/gartenmaschinen-bio
bz.04.04.08,bz.04.04,3,Gartenmaschinen – Gewächshaus,garten/gartenmaschinen/gartenmaschinen-gewaechshaus
bz.04.04.09,bz.04.04,3,Gartenmaschinen – Terrasse,garten/gartenmaschinen/gartenmaschinen-terrasse
bz.04.04.10,bz.04.04,3,Gartenmaschinen – Ersatzteile,garten/gartenmaschinen/gartenmaschinen-ersatzteile
bz.04.05,bz.04,2,Bewässerung,garten/bewaesserung
bz.04.05.01,bz.04.05,3,Bewässerung – Privatgarten,garten/bewaesserung/bewaesserung-privatgarten
bz.04.05.02,bz.04.05,3,Bewässerung – Profi,garten/bewaesserung/bewaesserung-profi
bz.04.05.03,bz.04.05,3,Bewässerung – Akku,garten/bewaesserung/bewaesserung-akku
bz.04.05.04,bz.04.05,3,Bewässerung – Benzin,garten/bewaesserung/bewaesserung-benzin
bz.04.05.05,bz.04.05,3,Bewässerung – Elektrisch,garten/bewaesserung/bewaesserung-elektrisch
bz.04.05.06,bz.04.05,3,Bewässerung – Bewässerung,garten/bewaesserung/bewaesserung-bewaesserung
bz.04.05.07,bz.04.05,3,Bewässerung – Bio,garten/bewaesserung/bewaesserung-bio
bz.04.05.08,bz.04.05,3,Bewässerung – Gewächshaus,garten/bewaesserung/bewaesserung-gewaechshaus
bz.04.05.09,bz.04.05,3,Bewässerung – Terrasse,garten/bewaesserung/bewaesserung-terrasse
bz.04.05.10,bz.04.05,3,Bewässerung – Ersatzteile,garten/bewaesserung/bewaesserung-ersatzteile
bz.04.06,bz.04,2,Pflanzen & Anzucht,garten/pflanzen-und-anzucht
bz.04.06.01,bz.04.06,3,Pflanzen & Anzucht – Privatgarten,garten/pflanzen-und-anzucht/pflanzen-und-anzucht-privatgarten
bz.04.06.02,bz.04.06,3,Pflanzen & Anzucht – Profi,garten/pflanzen-und-anzucht/pflanzen-und-anzucht-profi
bz.04.06.03,bz.04.06,3,Pflanzen & Anzucht – Akku,garten/pflanzen-und-anzucht/pflanzen-und-anzucht-akku
bz.04.06.04,bz.04.06,3,Pflanzen & Anzucht – Benzin,garten/pflanzen-und-anzucht/pflanzen-und-anzucht-benzin
bz.04.06.05,bz.04.06,3,Pflanzen & Anzucht – Elektrisch,garten/pflanzen-und-anzucht/pflanzen-und-anzucht-elektrisch
bz.04.06.06,bz.04.06,3,Pflanzen & Anzucht – Bewässerung,garten/pflanzen-und-anzucht/pflanzen-und-anzucht-bewaesserung
bz.04.06.07,bz.04.06,3,Pflanzen & Anzucht – Bio,garten/pflanzen-und-anzucht/pflanzen-und-anzucht-bio
bz.04.06.08,bz.04.06,3,Pflanzen & Anzucht – Gewächshaus,garten/pflanzen-und-anzucht/pflanzen-und-anzucht-gewaechshaus
bz.04.06.09,bz.04.06,3,Pflanzen & Anzucht – Terrasse,garten/pflanzen-und-anzucht/pflanzen-und-anzucht-terrasse
bz.04.06.10,bz.04.06,3,Pflanzen & Anzucht – Ersatzteile,garten/pflanzen-und-anzucht/pflanzen-und-anzucht-ersatzteile
bz.04.07,bz.04,2,Erde & Dünger,garten/erde-und-duenger
bz.04.07.01,bz.04.07,3,Erde & Dünger – Privatgarten,garten/erde-und-duenger/erde-und-duenger-privatgarten
bz.04.07.02,bz.04.07,3,Erde & Dünger – Profi,garten/erde-und-duenger/erde-und-duenger-profi
bz.04.07.03,bz.04.07,3,Erde & Dünger – Akku,garten/erde-und-duenger/erde-und-duenger-akku
bz.04.07.04,bz.04.07,3,Erde & Dünger – Benzin,garten/erde-und-duenger/erde-und-duenger-benzin
bz.04.07.05,bz.04.07,3,Erde & Dünger – Elektrisch,garten/erde-und-duenger/erde-und-duenger-elektrisch
bz.04.07.06,bz.04.07,3,Erde & Dünger – Bewässerung,garten/erde-und-duenger/erde-und-duenger-bewaesserung
bz.04.07.07,bz.04.07,3,Erde & Dünger – Bio,garten/erde-und-duenger/erde-und-duenger-bio
bz.04.07.08,bz.04.07,3,Erde & Dünger – Gewächshaus,garten/erde-und-duenger/erde-und-duenger-gewaechshaus
bz.04.07.09,bz.04.07,3,Erde & Dünger – Terrasse,garten/erde-und-duenger/erde-und-duenger-terrasse
bz.04.07.10,bz.04.07,3,Erde & Dünger – Ersatzteile,garten/erde-und-duenger/erde-und-duenger-ersatzteile
bz.04.08,bz.04,2,Gewächshaus,garten/gewaechshaus
bz.04.08.01,bz.04.08,3,Gewächshaus – Privatgarten,garten/gewaechshaus/gewaechshaus-privatgarten
bz.04.08.02,bz.04.08,3,Gewächshaus – Profi,garten/gewaechshaus/gewaechshaus-profi
bz.04.08.03,bz.04.08,3,Gewächshaus – Akku,garten/gewaechshaus/gewaechshaus-akku
bz.04.08.04,bz.04.08,3,Gewächshaus – Benzin,garten/gewaechshaus/gewaechshaus-benzin
bz.04.08.05,bz.04.08,3,Gewächshaus – Elektrisch,garten/gewaechshaus/gewaechshaus-elektrisch
bz.04.08.06,bz.04.08,3,Gewächshaus – Bewässerung,garten/gewaechshaus/gewaechshaus-bewaesserung
bz.04.08.07,bz.04.08,3,Gewächshaus – Bio,garten/gewaechshaus/gewaechshaus-bio
bz.04.08.08,bz.04.08,3,Gewächshaus – Gewächshaus,garten/gewaechshaus/gewaechshaus-gewaechshaus
bz.04.08.09,bz.04.08,3,Gewächshaus – Terrasse,garten/gewaechshaus/gewaechshaus-terrasse
bz.04.08.10,bz.04.08,3,Gewächshaus – Ersatzteile,garten/gewaechshaus/gewaechshaus-ersatzteile
bz.04.09,bz.04,2,Gartenmöbel,garten/gartenmoebel
bz.04.09.01,bz.04.09,3,Gartenmöbel – Privatgarten,garten/gartenmoebel/gartenmoebel-privatgarten
bz.04.09.02,bz.04.09,3,Gartenmöbel – Profi,garten/gartenmoebel/gartenmoebel-profi
bz.04.09.03,bz.04.09,3,Gartenmöbel – Akku,garten/gartenmoebel/gartenmoebel-akku
bz.04.09.04,bz.04.09,3,Gartenmöbel – Benzin,garten/gartenmoebel/gartenmoebel-benzin
bz.04.09.05,bz.04.09,3,Gartenmöbel – Elektrisch,garten/gartenmoebel/gartenmoebel-elektrisch
bz.04.09.06,bz.04.09,3,Gartenmöbel – Bewässerung,garten/gartenmoebel/gartenmoebel-bewaesserung
bz.04.09.07,bz.04.09,3,Gartenmöbel – Bio,garten/gartenmoebel/gartenmoebel-bio
bz.04.09.08,bz.04.09,3,Gartenmöbel – Gewächshaus,garten/gartenmoebel/gartenmoebel-gewaechshaus
bz.04.09.09,bz.04.09,3,Gartenmöbel – Terrasse,garten/gartenmoebel/gartenmoebel-terrasse
bz.04.09.10,bz.04.09,3,Gartenmöbel – Ersatzteile,garten/gartenmoebel/gartenmoebel-ersatzteile
bz.04.10,bz.04,2,Outdoor,garten/outdoor
bz.04.10.01,bz.04.10,3,Outdoor – Privatgarten,garten/outdoor/outdoor-privatgarten
bz.04.10.02,bz.04.10,3,Outdoor – Profi,garten/outdoor/outdoor-profi
bz.04.10.03,bz.04.10,3,Outdoor – Akku,garten/outdoor/outdoor-akku
bz.04.10.04,bz.04.10,3,Outdoor – Benzin,garten/outdoor/outdoor-benzin
bz.04.10.05,bz.04.10,3,Outdoor – Elektrisch,garten/outdoor/outdoor-elektrisch
bz.04.10.06,bz.04.10,3,Outdoor – Bewässerung,garten/outdoor/outdoor-bewaesserung
bz.04.10.07,bz.04.10,3,Outdoor – Bio,garten/outdoor/outdoor-bio
bz.04.10.08,bz.04.10,3,Outdoor – Gewächshaus,garten/outdoor/outdoor-gewaechshaus
bz.04.10.09,bz.04.10,3,Outdoor – Terrasse,garten/outdoor/outdoor-terrasse
bz.04.10.10,bz.04.10,3,Outdoor – Ersatzteile,garten/outdoor/outdoor-ersatzteile
bz.04.11,bz.04,2,Gartenbeleuchtung,garten/gartenbeleuchtung
bz.04.11.01,bz.04.11,3,Gartenbeleuchtung – Privatgarten,garten/gartenbeleuchtung/gartenbeleuchtung-privatgarten
bz.04.11.02,bz.04.11,3,Gartenbeleuchtung – Profi,garten/gartenbeleuchtung/gartenbeleuchtung-profi
bz.04.11.03,bz.04.11,3,Gartenbeleuchtung – Akku,garten/gartenbeleuchtung/gartenbeleuchtung-akku
bz.04.11.04,bz.04.11,3,Gartenbeleuchtung – Benzin,garten/gartenbeleuchtung/gartenbeleuchtung-benzin
bz.04.11.05,bz.04.11,3,Gartenbeleuchtung – Elektrisch,garten/gartenbeleuchtung/gartenbeleuchtung-elektrisch
bz.04.11.06,bz.04.11,3,Gartenbeleuchtung – Bewässerung,garten/gartenbeleuchtung/gartenbeleuchtung-bewaesserung
bz.04.11.07,bz.04.11,3,Gartenbeleuchtung – Bio,garten/gartenbeleuchtung/gartenbeleuchtung-bio
bz.04.11.08,bz.04.11,3,Gartenbeleuchtung – Gewächshaus,garten/gartenbeleuchtung/gartenbeleuchtung-gewaechshaus
bz.04.11.09,bz.04.11,3,Gartenbeleuchtung – Terrasse,garten/gartenbeleuchtung/gartenbeleuchtung-terrasse
bz.04.11.10,bz.04.11,3,Gartenbeleuchtung – Ersatzteile,garten/gartenbeleuchtung/gartenbeleuchtung-ersatzteile
bz.04.12,bz.04,2,Pflanzenschutz,garten/pflanzenschutz
bz.04.12.01,bz.04.12,3,Pflanzenschutz – Privatgarten,garten/pflanzenschutz/pflanzenschutz-privatgarten
bz.04.12.02,bz.04.12,3,Pflanzenschutz – Profi,garten/pflanzenschutz/pflanzenschutz-profi
bz.04.12.03,bz.04.12,3,Pflanzenschutz – Akku,garten/pflanzenschutz/pflanzenschutz-akku
bz.04.12.04,bz.04.12,3,Pflanzenschutz – Benzin,garten/pflanzenschutz/pflanzenschutz-benzin
bz.04.12.05,bz.04.12,3,Pflanzenschutz – Elektrisch,garten/pflanzenschutz/pflanzenschutz-elektrisch
bz.04.12.06,bz.04.12,3,Pflanzenschutz – Bewässerung,garten/pflanzenschutz/pflanzenschutz-bewaesserung
bz.04.12.07,bz.04.12,3,Pflanzenschutz – Bio,garten/pflanzenschutz/pflanzenschutz-bio
bz.04.12.08,bz.04.12,3,Pflanzenschutz – Gewächshaus,garten/pflanzenschutz/pflanzenschutz-gewaechshaus
bz.04.12.09,bz.04.12,3,Pflanzenschutz – Terrasse,garten/pflanzenschutz/pflanzenschutz-terrasse
bz.04.12.10,bz.04.12,3,Pflanzenschutz – Ersatzteile,garten/pflanzenschutz/pflanzenschutz-ersatzteile
bz.05,,1,Reinigung,reinigung
bz.05.01,bz.05,2,Allzweckreinigung,reinigung/allzweckreinigung
bz.05.01.01,bz.05.01,3,Allzweckreinigung – Privat,reinigung/allzweckreinigung/allzweckreinigung-privat
bz.05.01.02,bz.05.01,3,Allzweckreinigung – Gewerbe,reinigung/allzweckreinigung/allzweckreinigung-gewerbe
bz.05.01.03,bz.05.01,3,Allzweckreinigung – Industrie,reinigung/allzweckreinigung/allzweckreinigung-industrie
bz.05.01.04,bz.05.01,3,Allzweckreinigung – Konzentrat,reinigung/allzweckreinigung/allzweckreinigung-konzentrat
bz.05.01.05,bz.05.01,3,Allzweckreinigung – Spray,reinigung/allzweckreinigung/allzweckreinigung-spray
bz.05.01.06,bz.05.01,3,Allzweckreinigung – Pulver,reinigung/allzweckreinigung/allzweckreinigung-pulver
bz.05.01.07,bz.05.01,3,Allzweckreinigung – Flüssig,reinigung/allzweckreinigung/allzweckreinigung-fluessig
bz.05.01.08,bz.05.01,3,Allzweckreinigung – Set,reinigung/allzweckreinigung/allzweckreinigung-set
bz.05.01.09,bz.05.01,3,Allzweckreinigung – Nachfüllung,reinigung/allzweckreinigung/allzweckreinigung-nachfuellung
bz.05.01.10,bz.05.01,3,Allzweckreinigung – Zubehör,reinigung/allzweckreinigung/allzweckreinigung-zubehoer
bz.05.02,bz.05,2,Küche,reinigung/kueche
bz.05.02.01,bz.05.02,3,Küche – Privat,reinigung/kueche/kueche-privat
bz.05.02.02,bz.05.02,3,Küche – Gewerbe,reinigung/kueche/kueche-gewerbe
bz.05.02.03,bz.05.02,3,Küche – Industrie,reinigung/kueche/kueche-industrie
bz.05.02.04,bz.05.02,3,Küche – Konzentrat,reinigung/kueche/kueche-konzentrat
bz.05.02.05,bz.05.02,3,Küche – Spray,reinigung/kueche/kueche-spray
bz.05.02.06,bz.05.02,3,Küche – Pulver,reinigung/kueche/kueche-pulver
bz.05.02.07,bz.05.02,3,Küche – Flüssig,reinigung/kueche/kueche-fluessig
bz.05.02.08,bz.05.02,3,Küche – Set,reinigung/kueche/kueche-set
bz.05.02.09,bz.05.02,3,Küche – Nachfüllung,reinigung/kueche/kueche-nachfuellung
bz.05.02.10,bz.05.02,3,Küche – Zubehör,reinigung/kueche/kueche-zubehoer
bz.05.03,bz.05,2,Bad & WC,reinigung/bad-und-wc
bz.05.03.01,bz.05.03,3,Bad & WC – Privat,reinigung/bad-und-wc/bad-und-wc-privat
bz.05.03.02,bz.05.03,3,Bad & WC – Gewerbe,reinigung/bad-und-wc/bad-und-wc-gewerbe
bz.05.03.03,bz.05.03,3,Bad & WC – Industrie,reinigung/bad-und-wc/bad-und-wc-industrie
bz.05.03.04,bz.05.03,3,Bad & WC – Konzentrat,reinigung/bad-und-wc/bad-und-wc-konzentrat
bz.05.03.05,bz.05.03,3,Bad & WC – Spray,reinigung/bad-und-wc/bad-und-wc-spray
bz.05.03.06,bz.05.03,3,Bad & WC – Pulver,reinigung/bad-und-wc/bad-und-wc-pulver
bz.05.03.07,bz.05.03,3,Bad & WC – Flüssig,reinigung/bad-und-wc/bad-und-wc-fluessig
bz.05.03.08,bz.05.03,3,Bad & WC – Set,reinigung/bad-und-wc/bad-und-wc-set
bz.05.03.09,bz.05.03,3,Bad & WC – Nachfüllung,reinigung/bad-und-wc/bad-und-wc-nachfuellung
bz.05.03.10,bz.05.03,3,Bad & WC – Zubehör,reinigung/bad-und-wc/bad-und-wc-zubehoer
bz.05.04,bz.05,2,Glas,reinigung/glas
bz.05.04.01,bz.05.04,3,Glas – Privat,reinigung/glas/glas-privat
bz.05.04.02,bz.05.04,3,Glas – Gewerbe,reinigung/glas/glas-gewerbe
bz.05.04.03,bz.05.04,3,Glas – Industrie,reinigung/glas/glas-industrie
bz.05.04.04,bz.05.04,3,Glas – Konzentrat,reinigung/glas/glas-konzentrat
bz.05.04.05,bz.05.04,3,Glas – Spray,reinigung/glas/glas-spray
bz.05.04.06,bz.05.04,3,Glas – Pulver,reinigung/glas/glas-pulver
bz.05.04.07,bz.05.04,3,Glas – Flüssig,reinigung/glas/glas-fluessig
bz.05.04.08,bz.05.04,3,Glas – Set,reinigung/glas/glas-set
bz.05.04.09,bz.05.04,3,Glas – Nachfüllung,reinigung/glas/glas-nachfuellung
bz.05.04.10,bz.05.04,3,Glas – Zubehör,reinigung/glas/glas-zubehoer
bz.05.05,bz.05,2,Boden,reinigung/boden
bz.05.05.01,bz.05.05,3,Boden – Privat,reinigung/boden/boden-privat
bz.05.05.02,bz.05.05,3,Boden – Gewerbe,reinigung/boden/boden-gewerbe
bz.05.05.03,bz.05.05,3,Boden – Industrie,reinigung/boden/boden-industrie
bz.05.05.04,bz.05.05,3,Boden – Konzentrat,reinigung/boden/boden-konzentrat
bz.05.05.05,bz.05.05,3,Boden – Spray,reinigung/boden/boden-spray
bz.05.05.06,bz.05.05,3,Boden – Pulver,reinigung/boden/boden-pulver
bz.05.05.07,bz.05.05,3,Boden – Flüssig,reinigung/boden/boden-fluessig
bz.05.05.08,bz.05.05,3,Boden – Set,reinigung/boden/boden-set
bz.05.05.09,bz.05.05,3,Boden – Nachfüllung,reinigung/boden/boden-nachfuellung
bz.05.05.10,bz.05.05,3,Boden – Zubehör,reinigung/boden/boden-zubehoer
bz.05.06,bz.05,2,Wäsche,reinigung/waesche
bz.05.06.01,bz.05.06,3,Wäsche – Privat,reinigung/waesche/waesche-privat
bz.05.06.02,bz.05.06,3,Wäsche – Gewerbe,reinigung/waesche/waesche-gewerbe
bz.05.06.03,bz.05.06,3,Wäsche – Industrie,reinigung/waesche/waesche-industrie
bz.05.06.04,bz.05.06,3,Wäsche – Konzentrat,reinigung/waesche/waesche-konzentrat
bz.05.06.05,bz.05.06,3,Wäsche – Spray,reinigung/waesche/waesche-spray
bz.05.06.06,bz.05.06,3,Wäsche – Pulver,reinigung/waesche/waesche-pulver
bz.05.06.07,bz.05.06,3,Wäsche – Flüssig,reinigung/waesche/waesche-fluessig
bz.05.06.08,bz.05.06,3,Wäsche – Set,reinigung/waesche/waesche-set
bz.05.06.09,bz.05.06,3,Wäsche – Nachfüllung,reinigung/waesche/waesche-nachfuellung
bz.05.06.10,bz.05.06,3,Wäsche – Zubehör,reinigung/waesche/waesche-zubehoer
bz.05.07,bz.05,2,Geschirr,reinigung/geschirr
bz.05.07.01,bz.05.07,3,Geschirr – Privat,reinigung/geschirr/geschirr-privat
bz.05.07.02,bz.05.07,3,Geschirr – Gewerbe,reinigung/geschirr/geschirr-gewerbe
bz.05.07.03,bz.05.07,3,Geschirr – Industrie,reinigung/geschirr/geschirr-industrie
bz.05.07.04,bz.05.07,3,Geschirr – Konzentrat,reinigung/geschirr/geschirr-konzentrat
bz.05.07.05,bz.05.07,3,Geschirr – Spray,reinigung/geschirr/geschirr-spray
bz.05.07.06,bz.05.07,3,Geschirr – Pulver,reinigung/geschirr/geschirr-pulver
bz.05.07.07,bz.05.07,3,Geschirr – Flüssig,reinigung/geschirr/geschirr-fluessig
bz.05.07.08,bz.05.07,3,Geschirr – Set,reinigung/geschirr/geschirr-set
bz.05.07.09,bz.05.07,3,Geschirr – Nachfüllung,reinigung/geschirr/geschirr-nachfuellung
bz.05.07.10,bz.05.07,3,Geschirr – Zubehör,reinigung/geschirr/geschirr-zubehoer
bz.05.08,bz.05,2,Desinfektion,reinigung/desinfektion
bz.05.08.01,bz.05.08,3,Desinfektion – Privat,reinigung/desinfektion/desinfektion-privat
bz.05.08.02,bz.05.08,3,Desinfektion – Gewerbe,reinigung/desinfektion/desinfektion-gewerbe
bz.05.08.03,bz.05.08,3,Desinfektion – Industrie,reinigung/desinfektion/desinfektion-industrie
bz.05.08.04,bz.05.08,3,Desinfektion – Konzentrat,reinigung/desinfektion/desinfektion-konzentrat
bz.05.08.05,bz.05.08,3,Desinfektion – Spray,reinigung/desinfektion/desinfektion-spray
bz.05.08.06,bz.05.08,3,Desinfektion – Pulver,reinigung/desinfektion/desinfektion-pulver
bz.05.08.07,bz.05.08,3,Desinfektion – Flüssig,reinigung/desinfektion/desinfektion-fluessig
bz.05.08.08,bz.05.08,3,Desinfektion – Set,reinigung/desinfektion/desinfektion-set
bz.05.08.09,bz.05.08,3,Desinfektion – Nachfüllung,reinigung/desinfektion/desinfektion-nachfuellung
bz.05.08.10,bz.05.08,3,Desinfektion – Zubehör,reinigung/desinfektion/desinfektion-zubehoer
bz.05.09,bz.05,2,Professionelle Reinigung,reinigung/professionelle-reinigung
bz.05.09.01,bz.05.09,3,Professionelle Reinigung – Privat,reinigung/professionelle-reinigung/professionelle-reinigung-privat
bz.05.09.02,bz.05.09,3,Professionelle Reinigung – Gewerbe,reinigung/professionelle-reinigung/professionelle-reinigung-gewerbe
bz.05.09.03,bz.05.09,3,Professionelle Reinigung – Industrie,reinigung/professionelle-reinigung/professionelle-reinigung-industrie
bz.05.09.04,bz.05.09,3,Professionelle Reinigung – Konzentrat,reinigung/professionelle-reinigung/professionelle-reinigung-konzentrat
bz.05.09.05,bz.05.09,3,Professionelle Reinigung – Spray,reinigung/professionelle-reinigung/professionelle-reinigung-spray
bz.05.09.06,bz.05.09,3,Professionelle Reinigung – Pulver,reinigung/professionelle-reinigung/professionelle-reinigung-pulver
bz.05.09.07,bz.05.09,3,Professionelle Reinigung – Flüssig,reinigung/professionelle-reinigung/professionelle-reinigung-fluessig
bz.05.09.08,bz.05.09,3,Professionelle Reinigung – Set,reinigung/professionelle-reinigung/professionelle-reinigung-set
bz.05.09.09,bz.05.09,3,Professionelle Reinigung – Nachfüllung,reinigung/professionelle-reinigung/professionelle-reinigung-nachfuellung
bz.05.09.10,bz.05.09,3,Professionelle Reinigung – Zubehör,reinigung/professionelle-reinigung/professionelle-reinigung-zubehoer
bz.05.10,bz.05,2,Reinigungsgeräte,reinigung/reinigungsgeraete
bz.05.10.01,bz.05.10,3,Reinigungsgeräte – Privat,reinigung/reinigungsgeraete/reinigungsgeraete-privat
bz.05.10.02,bz.05.10,3,Reinigungsgeräte – Gewerbe,reinigung/reinigungsgeraete/reinigungsgeraete-gewerbe
bz.05.10.03,bz.05.10,3,Reinigungsgeräte – Industrie,reinigung/reinigungsgeraete/reinigungsgeraete-industrie
bz.05.10.04,bz.05.10,3,Reinigungsgeräte – Konzentrat,reinigung/reinigungsgeraete/reinigungsgeraete-konzentrat
bz.05.10.05,bz.05.10,3,Reinigungsgeräte – Spray,reinigung/reinigungsgeraete/reinigungsgeraete-spray
bz.05.10.06,bz.05.10,3,Reinigungsgeräte – Pulver,reinigung/reinigungsgeraete/reinigungsgeraete-pulver
bz.05.10.07,bz.05.10,3,Reinigungsgeräte – Flüssig,reinigung/reinigungsgeraete/reinigungsgeraete-fluessig
bz.05.10.08,bz.05.10,3,Reinigungsgeräte – Set,reinigung/reinigungsgeraete/reinigungsgeraete-set
bz.05.10.09,bz.05.10,3,Reinigungsgeräte – Nachfüllung,reinigung/reinigungsgeraete/reinigungsgeraete-nachfuellung
bz.05.10.10,bz.05.10,3,Reinigungsgeräte – Zubehör,reinigung/reinigungsgeraete/reinigungsgeraete-zubehoer
bz.05.11,bz.05,2,Reinigungszubehör,reinigung/reinigungszubehoer
bz.05.11.01,bz.05.11,3,Reinigungszubehör – Privat,reinigung/reinigungszubehoer/reinigungszubehoer-privat
bz.05.11.02,bz.05.11,3,Reinigungszubehör – Gewerbe,reinigung/reinigungszubehoer/reinigungszubehoer-gewerbe
bz.05.11.03,bz.05.11,3,Reinigungszubehör – Industrie,reinigung/reinigungszubehoer/reinigungszubehoer-industrie
bz.05.11.04,bz.05.11,3,Reinigungszubehör – Konzentrat,reinigung/reinigungszubehoer/reinigungszubehoer-konzentrat
bz.05.11.05,bz.05.11,3,Reinigungszubehör – Spray,reinigung/reinigungszubehoer/reinigungszubehoer-spray
bz.05.11.06,bz.05.11,3,Reinigungszubehör – Pulver,reinigung/reinigungszubehoer/reinigungszubehoer-pulver
bz.05.11.07,bz.05.11,3,Reinigungszubehör – Flüssig,reinigung/reinigungszubehoer/reinigungszubehoer-fluessig
bz.05.11.08,bz.05.11,3,Reinigungszubehör – Set,reinigung/reinigungszubehoer/reinigungszubehoer-set
bz.05.11.09,bz.05.11,3,Reinigungszubehör – Nachfüllung,reinigung/reinigungszubehoer/reinigungszubehoer-nachfuellung
bz.05.11.10,bz.05.11,3,Reinigungszubehör – Zubehör,reinigung/reinigungszubehoer/reinigungszubehoer-zubehoer
bz.05.12,bz.05,2,Hygiene,reinigung/hygiene
bz.05.12.01,bz.05.12,3,Hygiene – Privat,reinigung/hygiene/hygiene-privat
bz.05.12.02,bz.05.12,3,Hygiene – Gewerbe,reinigung/hygiene/hygiene-gewerbe
bz.05.12.03,bz.05.12,3,Hygiene – Industrie,reinigung/hygiene/hygiene-industrie
bz.05.12.04,bz.05.12,3,Hygiene – Konzentrat,reinigung/hygiene/hygiene-konzentrat
bz.05.12.05,bz.05.12,3,Hygiene – Spray,reinigung/hygiene/hygiene-spray
bz.05.12.06,bz.05.12,3,Hygiene – Pulver,reinigung/hygiene/hygiene-pulver
bz.05.12.07,bz.05.12,3,Hygiene – Flüssig,reinigung/hygiene/hygiene-fluessig
bz.05.12.08,bz.05.12,3,Hygiene – Set,reinigung/hygiene/hygiene-set
bz.05.12.09,bz.05.12,3,Hygiene – Nachfüllung,reinigung/hygiene/hygiene-nachfuellung
bz.05.12.10,bz.05.12,3,Hygiene – Zubehör,reinigung/hygiene/hygiene-zubehoer
bz.06,,1,Kosmetik & Pflege,kosmetik-und-pflege
bz.06.01,bz.06,2,Gesichtspflege,kosmetik-und-pflege/gesichtspflege
bz.06.01.01,bz.06.01,3,Gesichtspflege – Damen,kosmetik-und-pflege/gesichtspflege/gesichtspflege-damen
bz.06.01.02,bz.06.01,3,Gesichtspflege – Herren,kosmetik-und-pflege/gesichtspflege/gesichtspflege-herren
bz.06.01.03,bz.06.01,3,Gesichtspflege – Unisex,kosmetik-und-pflege/gesichtspflege/gesichtspflege-unisex
bz.06.01.04,bz.06.01,3,Gesichtspflege – Sensitiv,kosmetik-und-pflege/gesichtspflege/gesichtspflege-sensitiv
bz.06.01.05,bz.06.01,3,Gesichtspflege – Naturkosmetik,kosmetik-und-pflege/gesichtspflege/gesichtspflege-naturkosmetik
bz.06.01.06,bz.06.01,3,Gesichtspflege – Professional,kosmetik-und-pflege/gesichtspflege/gesichtspflege-professional
bz.06.01.07,bz.06.01,3,Gesichtspflege – Set,kosmetik-und-pflege/gesichtspflege/gesichtspflege-set
bz.06.01.08,bz.06.01,3,Gesichtspflege – Travel,kosmetik-und-pflege/gesichtspflege/gesichtspflege-travel
bz.06.01.09,bz.06.01,3,Gesichtspflege – Nachfüllung,kosmetik-und-pflege/gesichtspflege/gesichtspflege-nachfuellung
bz.06.01.10,bz.06.01,3,Gesichtspflege – Zubehör,kosmetik-und-pflege/gesichtspflege/gesichtspflege-zubehoer
bz.06.02,bz.06,2,Körperpflege,kosmetik-und-pflege/koerperpflege
bz.06.02.01,bz.06.02,3,Körperpflege – Damen,kosmetik-und-pflege/koerperpflege/koerperpflege-damen
bz.06.02.02,bz.06.02,3,Körperpflege – Herren,kosmetik-und-pflege/koerperpflege/koerperpflege-herren
bz.06.02.03,bz.06.02,3,Körperpflege – Unisex,kosmetik-und-pflege/koerperpflege/koerperpflege-unisex
bz.06.02.04,bz.06.02,3,Körperpflege – Sensitiv,kosmetik-und-pflege/koerperpflege/koerperpflege-sensitiv
bz.06.02.05,bz.06.02,3,Körperpflege – Naturkosmetik,kosmetik-und-pflege/koerperpflege/koerperpflege-naturkosmetik
bz.06.02.06,bz.06.02,3,Körperpflege – Professional,kosmetik-und-pflege/koerperpflege/koerperpflege-professional
bz.06.02.07,bz.06.02,3,Körperpflege – Set,kosmetik-und-pflege/koerperpflege/koerperpflege-set
bz.06.02.08,bz.06.02,3,Körperpflege – Travel,kosmetik-und-pflege/koerperpflege/koerperpflege-travel
bz.06.02.09,bz.06.02,3,Körperpflege – Nachfüllung,kosmetik-und-pflege/koerperpflege/koerperpflege-nachfuellung
bz.06.02.10,bz.06.02,3,Körperpflege – Zubehör,kosmetik-und-pflege/koerperpflege/koerperpflege-zubehoer
bz.06.03,bz.06,2,Haarpflege,kosmetik-und-pflege/haarpflege
bz.06.03.01,bz.06.03,3,Haarpflege – Damen,kosmetik-und-pflege/haarpflege/haarpflege-damen
bz.06.03.02,bz.06.03,3,Haarpflege – Herren,kosmetik-und-pflege/haarpflege/haarpflege-herren
bz.06.03.03,bz.06.03,3,Haarpflege – Unisex,kosmetik-und-pflege/haarpflege/haarpflege-unisex
bz.06.03.04,bz.06.03,3,Haarpflege – Sensitiv,kosmetik-und-pflege/haarpflege/haarpflege-sensitiv
bz.06.03.05,bz.06.03,3,Haarpflege – Naturkosmetik,kosmetik-und-pflege/haarpflege/haarpflege-naturkosmetik
bz.06.03.06,bz.06.03,3,Haarpflege – Professional,kosmetik-und-pflege/haarpflege/haarpflege-professional
bz.06.03.07,bz.06.03,3,Haarpflege – Set,kosmetik-und-pflege/haarpflege/haarpflege-set
bz.06.03.08,bz.06.03,3,Haarpflege – Travel,kosmetik-und-pflege/haarpflege/haarpflege-travel
bz.06.03.09,bz.06.03,3,Haarpflege – Nachfüllung,kosmetik-und-pflege/haarpflege/haarpflege-nachfuellung
bz.06.03.10,bz.06.03,3,Haarpflege – Zubehör,kosmetik-und-pflege/haarpflege/haarpflege-zubehoer
bz.06.04,bz.06,2,Mundpflege,kosmetik-und-pflege/mundpflege
bz.06.04.01,bz.06.04,3,Mundpflege – Damen,kosmetik-und-pflege/mundpflege/mundpflege-damen
bz.06.04.02,bz.06.04,3,Mundpflege – Herren,kosmetik-und-pflege/mundpflege/mundpflege-herren
bz.06.04.03,bz.06.04,3,Mundpflege – Unisex,kosmetik-und-pflege/mundpflege/mundpflege-unisex
bz.06.04.04,bz.06.04,3,Mundpflege – Sensitiv,kosmetik-und-pflege/mundpflege/mundpflege-sensitiv
bz.06.04.05,bz.06.04,3,Mundpflege – Naturkosmetik,kosmetik-und-pflege/mundpflege/mundpflege-naturkosmetik
bz.06.04.06,bz.06.04,3,Mundpflege – Professional,kosmetik-und-pflege/mundpflege/mundpflege-professional
bz.06.04.07,bz.06.04,3,Mundpflege – Set,kosmetik-und-pflege/mundpflege/mundpflege-set
bz.06.04.08,bz.06.04,3,Mundpflege – Travel,kosmetik-und-pflege/mundpflege/mundpflege-travel
bz.06.04.09,bz.06.04,3,Mundpflege – Nachfüllung,kosmetik-und-pflege/mundpflege/mundpflege-nachfuellung
bz.06.04.10,bz.06.04,3,Mundpflege – Zubehör,kosmetik-und-pflege/mundpflege/mundpflege-zubehoer
bz.06.05,bz.06,2,Rasur,kosmetik-und-pflege/rasur
bz.06.05.01,bz.06.05,3,Rasur – Damen,kosmetik-und-pflege/rasur/rasur-damen
bz.06.05.02,bz.06.05,3,Rasur – Herren,kosmetik-und-pflege/rasur/rasur-herren
bz.06.05.03,bz.06.05,3,Rasur – Unisex,kosmetik-und-pflege/rasur/rasur-unisex
bz.06.05.04,bz.06.05,3,Rasur – Sensitiv,kosmetik-und-pflege/rasur/rasur-sensitiv
bz.06.05.05,bz.06.05,3,Rasur – Naturkosmetik,kosmetik-und-pflege/rasur/rasur-naturkosmetik
bz.06.05.06,bz.06.05,3,Rasur – Professional,kosmetik-und-pflege/rasur/rasur-professional
bz.06.05.07,bz.06.05,3,Rasur – Set,kosmetik-und-pflege/rasur/rasur-set
bz.06.05.08,bz.06.05,3,Rasur – Travel,kosmetik-und-pflege/rasur/rasur-travel
bz.06.05.09,bz.06.05,3,Rasur – Nachfüllung,kosmetik-und-pflege/rasur/rasur-nachfuellung
bz.06.05.10,bz.06.05,3,Rasur – Zubehör,kosmetik-und-pflege/rasur/rasur-zubehoer
bz.06.06,bz.06,2,Kosmetik,kosmetik-und-pflege/kosmetik
bz.06.06.01,bz.06.06,3,Kosmetik – Damen,kosmetik-und-pflege/kosmetik/kosmetik-damen
bz.06.06.02,bz.06.06,3,Kosmetik – Herren,kosmetik-und-pflege/kosmetik/kosmetik-herren
bz.06.06.03,bz.06.06,3,Kosmetik – Unisex,kosmetik-und-pflege/kosmetik/kosmetik-unisex
bz.06.06.04,bz.06.06,3,Kosmetik – Sensitiv,kosmetik-und-pflege/kosmetik/kosmetik-sensitiv
bz.06.06.05,bz.06.06,3,Kosmetik – Naturkosmetik,kosmetik-und-pflege/kosmetik/kosmetik-naturkosmetik
bz.06.06.06,bz.06.06,3,Kosmetik – Professional,kosmetik-und-pflege/kosmetik/kosmetik-professional
bz.06.06.07,bz.06.06,3,Kosmetik – Set,kosmetik-und-pflege/kosmetik/kosmetik-set
bz.06.06.08,bz.06.06,3,Kosmetik – Travel,kosmetik-und-pflege/kosmetik/kosmetik-travel
bz.06.06.09,bz.06.06,3,Kosmetik – Nachfüllung,kosmetik-und-pflege/kosmetik/kosmetik-nachfuellung
bz.06.06.10,bz.06.06,3,Kosmetik – Zubehör,kosmetik-und-pflege/kosmetik/kosmetik-zubehoer
bz.06.07,bz.06,2,Parfum,kosmetik-und-pflege/parfum
bz.06.07.01,bz.06.07,3,Parfum – Damen,kosmetik-und-pflege/parfum/parfum-damen
bz.06.07.02,bz.06.07,3,Parfum – Herren,kosmetik-und-pflege/parfum/parfum-herren
bz.06.07.03,bz.06.07,3,Parfum – Unisex,kosmetik-und-pflege/parfum/parfum-unisex
bz.06.07.04,bz.06.07,3,Parfum – Sensitiv,kosmetik-und-pflege/parfum/parfum-sensitiv
bz.06.07.05,bz.06.07,3,Parfum – Naturkosmetik,kosmetik-und-pflege/parfum/parfum-naturkosmetik
bz.06.07.06,bz.06.07,3,Parfum – Professional,kosmetik-und-pflege/parfum/parfum-professional
bz.06.07.07,bz.06.07,3,Parfum – Set,kosmetik-und-pflege/parfum/parfum-set
bz.06.07.08,bz.06.07,3,Parfum – Travel,kosmetik-und-pflege/parfum/parfum-travel
bz.06.07.09,bz.06.07,3,Parfum – Nachfüllung,kosmetik-und-pflege/parfum/parfum-nachfuellung
bz.06.07.10,bz.06.07,3,Parfum – Zubehör,kosmetik-und-pflege/parfum/parfum-zubehoer
bz.06.08,bz.06,2,Sonnenpflege,kosmetik-und-pflege/sonnenpflege
bz.06.08.01,bz.06.08,3,Sonnenpflege – Damen,kosmetik-und-pflege/sonnenpflege/sonnenpflege-damen
bz.06.08.02,bz.06.08,3,Sonnenpflege – Herren,kosmetik-und-pflege/sonnenpflege/sonnenpflege-herren
bz.06.08.03,bz.06.08,3,Sonnenpflege – Unisex,kosmetik-und-pflege/sonnenpflege/sonnenpflege-unisex
bz.06.08.04,bz.06.08,3,Sonnenpflege – Sensitiv,kosmetik-und-pflege/sonnenpflege/sonnenpflege-sensitiv
bz.06.08.05,bz.06.08,3,Sonnenpflege – Naturkosmetik,kosmetik-und-pflege/sonnenpflege/sonnenpflege-naturkosmetik
bz.06.08.06,bz.06.08,3,Sonnenpflege – Professional,kosmetik-und-pflege/sonnenpflege/sonnenpflege-professional
bz.06.08.07,bz.06.08,3,Sonnenpflege – Set,kosmetik-und-pflege/sonnenpflege/sonnenpflege-set
bz.06.08.08,bz.06.08,3,Sonnenpflege – Travel,kosmetik-und-pflege/sonnenpflege/sonnenpflege-travel
bz.06.08.09,bz.06.08,3,Sonnenpflege – Nachfüllung,kosmetik-und-pflege/sonnenpflege/sonnenpflege-nachfuellung
bz.06.08.10,bz.06.08,3,Sonnenpflege – Zubehör,kosmetik-und-pflege/sonnenpflege/sonnenpflege-zubehoer
bz.06.09,bz.06,2,Hand & Fuß,kosmetik-und-pflege/hand-und-fuss
bz.06.09.01,bz.06.09,3,Hand & Fuß – Damen,kosmetik-und-pflege/hand-und-fuss/hand-und-fuss-damen
bz.06.09.02,bz.06.09,3,Hand & Fuß – Herren,kosmetik-und-pflege/hand-und-fuss/hand-und-fuss-herren
bz.06.09.03,bz.06.09,3,Hand & Fuß – Unisex,kosmetik-und-pflege/hand-und-fuss/hand-und-fuss-unisex
bz.06.09.04,bz.06.09,3,Hand & Fuß – Sensitiv,kosmetik-und-pflege/hand-und-fuss/hand-und-fuss-sensitiv
bz.06.09.05,bz.06.09,3,Hand & Fuß – Naturkosmetik,kosmetik-und-pflege/hand-und-fuss/hand-und-fuss-naturkosmetik
bz.06.09.06,bz.06.09,3,Hand & Fuß – Professional,kosmetik-und-pflege/hand-und-fuss/hand-und-fuss-professional
bz.06.09.07,bz.06.09,3,Hand & Fuß – Set,kosmetik-und-pflege/hand-und-fuss/hand-und-fuss-set
bz.06.09.08,bz.06.09,3,Hand & Fuß – Travel,kosmetik-und-pflege/hand-und-fuss/hand-und-fuss-travel
bz.06.09.09,bz.06.09,3,Hand & Fuß – Nachfüllung,kosmetik-und-pflege/hand-und-fuss/hand-und-fuss-nachfuellung
bz.06.09.10,bz.06.09,3,Hand & Fuß – Zubehör,kosmetik-und-pflege/hand-und-fuss/hand-und-fuss-zubehoer
bz.06.10,bz.06,2,Naturkosmetik,kosmetik-und-pflege/naturkosmetik
bz.06.10.01,bz.06.10,3,Naturkosmetik – Damen,kosmetik-und-pflege/naturkosmetik/naturkosmetik-damen
bz.06.10.02,bz.06.10,3,Naturkosmetik – Herren,kosmetik-und-pflege/naturkosmetik/naturkosmetik-herren
bz.06.10.03,bz.06.10,3,Naturkosmetik – Unisex,kosmetik-und-pflege/naturkosmetik/naturkosmetik-unisex
bz.06.10.04,bz.06.10,3,Naturkosmetik – Sensitiv,kosmetik-und-pflege/naturkosmetik/naturkosmetik-sensitiv
bz.06.10.05,bz.06.10,3,Naturkosmetik – Naturkosmetik,kosmetik-und-pflege/naturkosmetik/naturkosmetik-naturkosmetik
bz.06.10.06,bz.06.10,3,Naturkosmetik – Professional,kosmetik-und-pflege/naturkosmetik/naturkosmetik-professional
bz.06.10.07,bz.06.10,3,Naturkosmetik – Set,kosmetik-und-pflege/naturkosmetik/naturkosmetik-set
bz.06.10.08,bz.06.10,3,Naturkosmetik – Travel,kosmetik-und-pflege/naturkosmetik/naturkosmetik-travel
bz.06.10.09,bz.06.10,3,Naturkosmetik – Nachfüllung,kosmetik-und-pflege/naturkosmetik/naturkosmetik-nachfuellung
bz.06.10.10,bz.06.10,3,Naturkosmetik – Zubehör,kosmetik-und-pflege/naturkosmetik/naturkosmetik-zubehoer
bz.06.11,bz.06,2,Männerpflege,kosmetik-und-pflege/maennerpflege
bz.06.11.01,bz.06.11,3,Männerpflege – Damen,kosmetik-und-pflege/maennerpflege/maennerpflege-damen
bz.06.11.02,bz.06.11,3,Männerpflege – Herren,kosmetik-und-pflege/maennerpflege/maennerpflege-herren
bz.06.11.03,bz.06.11,3,Männerpflege – Unisex,kosmetik-und-pflege/maennerpflege/maennerpflege-unisex
bz.06.11.04,bz.06.11,3,Männerpflege – Sensitiv,kosmetik-und-pflege/maennerpflege/maennerpflege-sensitiv
bz.06.11.05,bz.06.11,3,Männerpflege – Naturkosmetik,kosmetik-und-pflege/maennerpflege/maennerpflege-naturkosmetik
bz.06.11.06,bz.06.11,3,Männerpflege – Professional,kosmetik-und-pflege/maennerpflege/maennerpflege-professional
bz.06.11.07,bz.06.11,3,Männerpflege – Set,kosmetik-und-pflege/maennerpflege/maennerpflege-set
bz.06.11.08,bz.06.11,3,Männerpflege – Travel,kosmetik-und-pflege/maennerpflege/maennerpflege-travel
bz.06.11.09,bz.06.11,3,Männerpflege – Nachfüllung,kosmetik-und-pflege/maennerpflege/maennerpflege-nachfuellung
bz.06.11.10,bz.06.11,3,Männerpflege – Zubehör,kosmetik-und-pflege/maennerpflege/maennerpflege-zubehoer
bz.06.12,bz.06,2,Beauty-Zubehör,kosmetik-und-pflege/beauty-zubehoer
bz.06.12.01,bz.06.12,3,Beauty-Zubehör – Damen,kosmetik-und-pflege/beauty-zubehoer/beauty-zubehoer-damen
bz.06.12.02,bz.06.12,3,Beauty-Zubehör – Herren,kosmetik-und-pflege/beauty-zubehoer/beauty-zubehoer-herren
bz.06.12.03,bz.06.12,3,Beauty-Zubehör – Unisex,kosmetik-und-pflege/beauty-zubehoer/beauty-zubehoer-unisex
bz.06.12.04,bz.06.12,3,Beauty-Zubehör – Sensitiv,kosmetik-und-pflege/beauty-zubehoer/beauty-zubehoer-sensitiv
bz.06.12.05,bz.06.12,3,Beauty-Zubehör – Naturkosmetik,kosmetik-und-pflege/beauty-zubehoer/beauty-zubehoer-naturkosmetik
bz.06.12.06,bz.06.12,3,Beauty-Zubehör – Professional,kosmetik-und-pflege/beauty-zubehoer/beauty-zubehoer-professional
bz.06.12.07,bz.06.12,3,Beauty-Zubehör – Set,kosmetik-und-pflege/beauty-zubehoer/beauty-zubehoer-set
bz.06.12.08,bz.06.12,3,Beauty-Zubehör – Travel,kosmetik-und-pflege/beauty-zubehoer/beauty-zubehoer-travel
bz.06.12.09,bz.06.12,3,Beauty-Zubehör – Nachfüllung,kosmetik-und-pflege/beauty-zubehoer/beauty-zubehoer-nachfuellung
bz.06.12.10,bz.06.12,3,Beauty-Zubehör – Zubehör,kosmetik-und-pflege/beauty-zubehoer/beauty-zubehoer-zubehoer
bz.07,,1,Elektronik,elektronik
bz.07.01,bz.07,2,Computer,elektronik/computer
bz.07.01.01,bz.07.01,3,Computer – Consumer,elektronik/computer/computer-consumer
bz.07.01.02,bz.07.01,3,Computer – Business,elektronik/computer/computer-business
bz.07.01.03,bz.07.01,3,Computer – Pro,elektronik/computer/computer-pro
bz.07.01.04,bz.07.01,3,Computer – Gaming,elektronik/computer/computer-gaming
bz.07.01.05,bz.07.01,3,Computer – Smart,elektronik/computer/computer-smart
bz.07.01.06,bz.07.01,3,Computer – Mobil,elektronik/computer/computer-mobil
bz.07.01.07,bz.07.01,3,Computer – Wireless,elektronik/computer/computer-wireless
bz.07.01.08,bz.07.01,3,Computer – Kabel,elektronik/computer/computer-kabel
bz.07.01.09,bz.07.01,3,Computer – Ersatz,elektronik/computer/computer-ersatz
bz.07.01.10,bz.07.01,3,Computer – Zubehör,elektronik/computer/computer-zubehoer
bz.07.02,bz.07,2,Monitore,elektronik/monitore
bz.07.02.01,bz.07.02,3,Monitore – Consumer,elektronik/monitore/monitore-consumer
bz.07.02.02,bz.07.02,3,Monitore – Business,elektronik/monitore/monitore-business
bz.07.02.03,bz.07.02,3,Monitore – Pro,elektronik/monitore/monitore-pro
bz.07.02.04,bz.07.02,3,Monitore – Gaming,elektronik/monitore/monitore-gaming
bz.07.02.05,bz.07.02,3,Monitore – Smart,elektronik/monitore/monitore-smart
bz.07.02.06,bz.07.02,3,Monitore – Mobil,elektronik/monitore/monitore-mobil
bz.07.02.07,bz.07.02,3,Monitore – Wireless,elektronik/monitore/monitore-wireless
bz.07.02.08,bz.07.02,3,Monitore – Kabel,elektronik/monitore/monitore-kabel
bz.07.02.09,bz.07.02,3,Monitore – Ersatz,elektronik/monitore/monitore-ersatz
bz.07.02.10,bz.07.02,3,Monitore – Zubehör,elektronik/monitore/monitore-zubehoer
bz.07.03,bz.07,2,Netzwerk,elektronik/netzwerk
bz.07.03.01,bz.07.03,3,Netzwerk – Consumer,elektronik/netzwerk/netzwerk-consumer
bz.07.03.02,bz.07.03,3,Netzwerk – Business,elektronik/netzwerk/netzwerk-business
bz.07.03.03,bz.07.03,3,Netzwerk – Pro,elektronik/netzwerk/netzwerk-pro
bz.07.03.04,bz.07.03,3,Netzwerk – Gaming,elektronik/netzwerk/netzwerk-gaming
bz.07.03.05,bz.07.03,3,Netzwerk – Smart,elektronik/netzwerk/netzwerk-smart
bz.07.03.06,bz.07.03,3,Netzwerk – Mobil,elektronik/netzwerk/netzwerk-mobil
bz.07.03.07,bz.07.03,3,Netzwerk – Wireless,elektronik/netzwerk/netzwerk-wireless
bz.07.03.08,bz.07.03,3,Netzwerk – Kabel,elektronik/netzwerk/netzwerk-kabel
bz.07.03.09,bz.07.03,3,Netzwerk – Ersatz,elektronik/netzwerk/netzwerk-ersatz
bz.07.03.10,bz.07.03,3,Netzwerk – Zubehör,elektronik/netzwerk/netzwerk-zubehoer
bz.07.04,bz.07,2,Smartphones,elektronik/smartphones
bz.07.04.01,bz.07.04,3,Smartphones – Consumer,elektronik/smartphones/smartphones-consumer
bz.07.04.02,bz.07.04,3,Smartphones – Business,elektronik/smartphones/smartphones-business
bz.07.04.03,bz.07.04,3,Smartphones – Pro,elektronik/smartphones/smartphones-pro
bz.07.04.04,bz.07.04,3,Smartphones – Gaming,elektronik/smartphones/smartphones-gaming
bz.07.04.05,bz.07.04,3,Smartphones – Smart,elektronik/smartphones/smartphones-smart
bz.07.04.06,bz.07.04,3,Smartphones – Mobil,elektronik/smartphones/smartphones-mobil
bz.07.04.07,bz.07.04,3,Smartphones – Wireless,elektronik/smartphones/smartphones-wireless
bz.07.04.08,bz.07.04,3,Smartphones – Kabel,elektronik/smartphones/smartphones-kabel
bz.07.04.09,bz.07.04,3,Smartphones – Ersatz,elektronik/smartphones/smartphones-ersatz
bz.07.04.10,bz.07.04,3,Smartphones – Zubehör,elektronik/smartphones/smartphones-zubehoer
bz.07.05,bz.07,2,Tablets,elektronik/tablets
bz.07.05.01,bz.07.05,3,Tablets – Consumer,elektronik/tablets/tablets-consumer
bz.07.05.02,bz.07.05,3,Tablets – Business,elektronik/tablets/tablets-business
bz.07.05.03,bz.07.05,3,Tablets – Pro,elektronik/tablets/tablets-pro
bz.07.05.04,bz.07.05,3,Tablets – Gaming,elektronik/tablets/tablets-gaming
bz.07.05.05,bz.07.05,3,Tablets – Smart,elektronik/tablets/tablets-smart
bz.07.05.06,bz.07.05,3,Tablets – Mobil,elektronik/tablets/tablets-mobil
bz.07.05.07,bz.07.05,3,Tablets – Wireless,elektronik/tablets/tablets-wireless
bz.07.05.08,bz.07.05,3,Tablets – Kabel,elektronik/tablets/tablets-kabel
bz.07.05.09,bz.07.05,3,Tablets – Ersatz,elektronik/tablets/tablets-ersatz
bz.07.05.10,bz.07.05,3,Tablets – Zubehör,elektronik/tablets/tablets-zubehoer
bz.07.06,bz.07,2,TV & Video,elektronik/tv-und-video
bz.07.06.01,bz.07.06,3,TV & Video – Consumer,elektronik/tv-und-video/tv-und-video-consumer
bz.07.06.02,bz.07.06,3,TV & Video – Business,elektronik/tv-und-video/tv-und-video-business
bz.07.06.03,bz.07.06,3,TV & Video – Pro,elektronik/tv-und-video/tv-und-video-pro
bz.07.06.04,bz.07.06,3,TV & Video – Gaming,elektronik/tv-und-video/tv-und-video-gaming
bz.07.06.05,bz.07.06,3,TV & Video – Smart,elektronik/tv-und-video/tv-und-video-smart
bz.07.06.06,bz.07.06,3,TV & Video – Mobil,elektronik/tv-und-video/tv-und-video-mobil
bz.07.06.07,bz.07.06,3,TV & Video – Wireless,elektronik/tv-und-video/tv-und-video-wireless
bz.07.06.08,bz.07.06,3,TV & Video – Kabel,elektronik/tv-und-video/tv-und-video-kabel
bz.07.06.09,bz.07.06,3,TV & Video – Ersatz,elektronik/tv-und-video/tv-und-video-ersatz
bz.07.06.10,bz.07.06,3,TV & Video – Zubehör,elektronik/tv-und-video/tv-und-video-zubehoer
bz.07.07,bz.07,2,Audio,elektronik/audio
bz.07.07.01,bz.07.07,3,Audio – Consumer,elektronik/audio/audio-consumer
bz.07.07.02,bz.07.07,3,Audio – Business,elektronik/audio/audio-business
bz.07.07.03,bz.07.07,3,Audio – Pro,elektronik/audio/audio-pro
bz.07.07.04,bz.07.07,3,Audio – Gaming,elektronik/audio/audio-gaming
bz.07.07.05,bz.07.07,3,Audio – Smart,elektronik/audio/audio-smart
bz.07.07.06,bz.07.07,3,Audio – Mobil,elektronik/audio/audio-mobil
bz.07.07.07,bz.07.07,3,Audio – Wireless,elektronik/audio/audio-wireless
bz.07.07.08,bz.07.07,3,Audio – Kabel,elektronik/audio/audio-kabel
bz.07.07.09,bz.07.07,3,Audio – Ersatz,elektronik/audio/audio-ersatz
bz.07.07.10,bz.07.07,3,Audio – Zubehör,elektronik/audio/audio-zubehoer
bz.07.08,bz.07,2,Foto & Video,elektronik/foto-und-video
bz.07.08.01,bz.07.08,3,Foto & Video – Consumer,elektronik/foto-und-video/foto-und-video-consumer
bz.07.08.02,bz.07.08,3,Foto & Video – Business,elektronik/foto-und-video/foto-und-video-business
bz.07.08.03,bz.07.08,3,Foto & Video – Pro,elektronik/foto-und-video/foto-und-video-pro
bz.07.08.04,bz.07.08,3,Foto & Video – Gaming,elektronik/foto-und-video/foto-und-video-gaming
bz.07.08.05,bz.07.08,3,Foto & Video – Smart,elektronik/foto-und-video/foto-und-video-smart
bz.07.08.06,bz.07.08,3,Foto & Video – Mobil,elektronik/foto-und-video/foto-und-video-mobil
bz.07.08.07,bz.07.08,3,Foto & Video – Wireless,elektronik/foto-und-video/foto-und-video-wireless
bz.07.08.08,bz.07.08,3,Foto & Video – Kabel,elektronik/foto-und-video/foto-und-video-kabel
bz.07.08.09,bz.07.08,3,Foto & Video – Ersatz,elektronik/foto-und-video/foto-und-video-ersatz
bz.07.08.10,bz.07.08,3,Foto & Video – Zubehör,elektronik/foto-und-video/foto-und-video-zubehoer
bz.07.09,bz.07,2,Speicher,elektronik/speicher
bz.07.09.01,bz.07.09,3,Speicher – Consumer,elektronik/speicher/speicher-consumer
bz.07.09.02,bz.07.09,3,Speicher – Business,elektronik/speicher/speicher-business
bz.07.09.03,bz.07.09,3,Speicher – Pro,elektronik/speicher/speicher-pro
bz.07.09.04,bz.07.09,3,Speicher – Gaming,elektronik/speicher/speicher-gaming
bz.07.09.05,bz.07.09,3,Speicher – Smart,elektronik/speicher/speicher-smart
bz.07.09.06,bz.07.09,3,Speicher – Mobil,elektronik/speicher/speicher-mobil
bz.07.09.07,bz.07.09,3,Speicher – Wireless,elektronik/speicher/speicher-wireless
bz.07.09.08,bz.07.09,3,Speicher – Kabel,elektronik/speicher/speicher-kabel
bz.07.09.09,bz.07.09,3,Speicher – Ersatz,elektronik/speicher/speicher-ersatz
bz.07.09.10,bz.07.09,3,Speicher – Zubehör,elektronik/speicher/speicher-zubehoer
bz.07.10,bz.07,2,Kabel & Adapter,elektronik/kabel-und-adapter
bz.07.10.01,bz.07.10,3,Kabel & Adapter – Consumer,elektronik/kabel-und-adapter/kabel-und-adapter-consumer
bz.07.10.02,bz.07.10,3,Kabel & Adapter – Business,elektronik/kabel-und-adapter/kabel-und-adapter-business
bz.07.10.03,bz.07.10,3,Kabel & Adapter – Pro,elektronik/kabel-und-adapter/kabel-und-adapter-pro
bz.07.10.04,bz.07.10,3,Kabel & Adapter – Gaming,elektronik/kabel-und-adapter/kabel-und-adapter-gaming
bz.07.10.05,bz.07.10,3,Kabel & Adapter – Smart,elektronik/kabel-und-adapter/kabel-und-adapter-smart
bz.07.10.06,bz.07.10,3,Kabel & Adapter – Mobil,elektronik/kabel-und-adapter/kabel-und-adapter-mobil
bz.07.10.07,bz.07.10,3,Kabel & Adapter – Wireless,elektronik/kabel-und-adapter/kabel-und-adapter-wireless
bz.07.10.08,bz.07.10,3,Kabel & Adapter – Kabel,elektronik/kabel-und-adapter/kabel-und-adapter-kabel
bz.07.10.09,bz.07.10,3,Kabel & Adapter – Ersatz,elektronik/kabel-und-adapter/kabel-und-adapter-ersatz
bz.07.10.10,bz.07.10,3,Kabel & Adapter – Zubehör,elektronik/kabel-und-adapter/kabel-und-adapter-zubehoer
bz.07.11,bz.07,2,Smart Home,elektronik/smart-home
bz.07.11.01,bz.07.11,3,Smart Home – Consumer,elektronik/smart-home/smart-home-consumer
bz.07.11.02,bz.07.11,3,Smart Home – Business,elektronik/smart-home/smart-home-business
bz.07.11.03,bz.07.11,3,Smart Home – Pro,elektronik/smart-home/smart-home-pro
bz.07.11.04,bz.07.11,3,Smart Home – Gaming,elektronik/smart-home/smart-home-gaming
bz.07.11.05,bz.07.11,3,Smart Home – Smart,elektronik/smart-home/smart-home-smart
bz.07.11.06,bz.07.11,3,Smart Home – Mobil,elektronik/smart-home/smart-home-mobil
bz.07.11.07,bz.07.11,3,Smart Home – Wireless,elektronik/smart-home/smart-home-wireless
bz.07.11.08,bz.07.11,3,Smart Home – Kabel,elektronik/smart-home/smart-home-kabel
bz.07.11.09,bz.07.11,3,Smart Home – Ersatz,elektronik/smart-home/smart-home-ersatz
bz.07.11.10,bz.07.11,3,Smart Home – Zubehör,elektronik/smart-home/smart-home-zubehoer
bz.07.12,bz.07,2,Gaming-Elektronik,elektronik/gaming-elektronik
bz.07.12.01,bz.07.12,3,Gaming-Elektronik – Consumer,elektronik/gaming-elektronik/gaming-elektronik-consumer
bz.07.12.02,bz.07.12,3,Gaming-Elektronik – Business,elektronik/gaming-elektronik/gaming-elektronik-business
bz.07.12.03,bz.07.12,3,Gaming-Elektronik – Pro,elektronik/gaming-elektronik/gaming-elektronik-pro
bz.07.12.04,bz.07.12,3,Gaming-Elektronik – Gaming,elektronik/gaming-elektronik/gaming-elektronik-gaming
bz.07.12.05,bz.07.12,3,Gaming-Elektronik – Smart,elektronik/gaming-elektronik/gaming-elektronik-smart
bz.07.12.06,bz.07.12,3,Gaming-Elektronik – Mobil,elektronik/gaming-elektronik/gaming-elektronik-mobil
bz.07.12.07,bz.07.12,3,Gaming-Elektronik – Wireless,elektronik/gaming-elektronik/gaming-elektronik-wireless
bz.07.12.08,bz.07.12,3,Gaming-Elektronik – Kabel,elektronik/gaming-elektronik/gaming-elektronik-kabel
bz.07.12.09,bz.07.12,3,Gaming-Elektronik – Ersatz,elektronik/gaming-elektronik/gaming-elektronik-ersatz
bz.07.12.10,bz.07.12,3,Gaming-Elektronik – Zubehör,elektronik/gaming-elektronik/gaming-elektronik-zubehoer
bz.08,,1,Elektrogeräte,elektrogeraete
bz.08.01,bz.08,2,Kochen,elektrogeraete/kochen
bz.08.01.01,bz.08.01,3,Kochen – Haushalt,elektrogeraete/kochen/kochen-haushalt
bz.08.01.02,bz.08.01,3,Kochen – Küche,elektrogeraete/kochen/kochen-kueche
bz.08.01.03,bz.08.01,3,Kochen – Bad,elektrogeraete/kochen/kochen-bad
bz.08.01.04,bz.08.01,3,Kochen – Klima,elektrogeraete/kochen/kochen-klima
bz.08.01.05,bz.08.01,3,Kochen – Profi,elektrogeraete/kochen/kochen-profi
bz.08.01.06,bz.08.01,3,Kochen – Einbau,elektrogeraete/kochen/kochen-einbau
bz.08.01.07,bz.08.01,3,Kochen – Freistehend,elektrogeraete/kochen/kochen-freistehend
bz.08.01.08,bz.08.01,3,Kochen – Smart,elektrogeraete/kochen/kochen-smart
bz.08.01.09,bz.08.01,3,Kochen – Ersatzteile,elektrogeraete/kochen/kochen-ersatzteile
bz.08.01.10,bz.08.01,3,Kochen – Zubehör,elektrogeraete/kochen/kochen-zubehoer
bz.08.02,bz.08,2,Backen,elektrogeraete/backen
bz.08.02.01,bz.08.02,3,Backen – Haushalt,elektrogeraete/backen/backen-haushalt
bz.08.02.02,bz.08.02,3,Backen – Küche,elektrogeraete/backen/backen-kueche
bz.08.02.03,bz.08.02,3,Backen – Bad,elektrogeraete/backen/backen-bad
bz.08.02.04,bz.08.02,3,Backen – Klima,elektrogeraete/backen/backen-klima
bz.08.02.05,bz.08.02,3,Backen – Profi,elektrogeraete/backen/backen-profi
bz.08.02.06,bz.08.02,3,Backen – Einbau,elektrogeraete/backen/backen-einbau
bz.08.02.07,bz.08.02,3,Backen – Freistehend,elektrogeraete/backen/backen-freistehend
bz.08.02.08,bz.08.02,3,Backen – Smart,elektrogeraete/backen/backen-smart
bz.08.02.09,bz.08.02,3,Backen – Ersatzteile,elektrogeraete/backen/backen-ersatzteile
bz.08.02.10,bz.08.02,3,Backen – Zubehör,elektrogeraete/backen/backen-zubehoer
bz.08.03,bz.08,2,Kühlen,elektrogeraete/kuehlen
bz.08.03.01,bz.08.03,3,Kühlen – Haushalt,elektrogeraete/kuehlen/kuehlen-haushalt
bz.08.03.02,bz.08.03,3,Kühlen – Küche,elektrogeraete/kuehlen/kuehlen-kueche
bz.08.03.03,bz.08.03,3,Kühlen – Bad,elektrogeraete/kuehlen/kuehlen-bad
bz.08.03.04,bz.08.03,3,Kühlen – Klima,elektrogeraete/kuehlen/kuehlen-klima
bz.08.03.05,bz.08.03,3,Kühlen – Profi,elektrogeraete/kuehlen/kuehlen-profi
bz.08.03.06,bz.08.03,3,Kühlen – Einbau,elektrogeraete/kuehlen/kuehlen-einbau
bz.08.03.07,bz.08.03,3,Kühlen – Freistehend,elektrogeraete/kuehlen/kuehlen-freistehend
bz.08.03.08,bz.08.03,3,Kühlen – Smart,elektrogeraete/kuehlen/kuehlen-smart
bz.08.03.09,bz.08.03,3,Kühlen – Ersatzteile,elektrogeraete/kuehlen/kuehlen-ersatzteile
bz.08.03.10,bz.08.03,3,Kühlen – Zubehör,elektrogeraete/kuehlen/kuehlen-zubehoer
bz.08.04,bz.08,2,Gefrieren,elektrogeraete/gefrieren
bz.08.04.01,bz.08.04,3,Gefrieren – Haushalt,elektrogeraete/gefrieren/gefrieren-haushalt
bz.08.04.02,bz.08.04,3,Gefrieren – Küche,elektrogeraete/gefrieren/gefrieren-kueche
bz.08.04.03,bz.08.04,3,Gefrieren – Bad,elektrogeraete/gefrieren/gefrieren-bad
bz.08.04.04,bz.08.04,3,Gefrieren – Klima,elektrogeraete/gefrieren/gefrieren-klima
bz.08.04.05,bz.08.04,3,Gefrieren – Profi,elektrogeraete/gefrieren/gefrieren-profi
bz.08.04.06,bz.08.04,3,Gefrieren – Einbau,elektrogeraete/gefrieren/gefrieren-einbau
bz.08.04.07,bz.08.04,3,Gefrieren – Freistehend,elektrogeraete/gefrieren/gefrieren-freistehend
bz.08.04.08,bz.08.04,3,Gefrieren – Smart,elektrogeraete/gefrieren/gefrieren-smart
bz.08.04.09,bz.08.04,3,Gefrieren – Ersatzteile,elektrogeraete/gefrieren/gefrieren-ersatzteile
bz.08.04.10,bz.08.04,3,Gefrieren – Zubehör,elektrogeraete/gefrieren/gefrieren-zubehoer
bz.08.05,bz.08,2,Waschen,elektrogeraete/waschen
bz.08.05.01,bz.08.05,3,Waschen – Haushalt,elektrogeraete/waschen/waschen-haushalt
bz.08.05.02,bz.08.05,3,Waschen – Küche,elektrogeraete/waschen/waschen-kueche
bz.08.05.03,bz.08.05,3,Waschen – Bad,elektrogeraete/waschen/waschen-bad
bz.08.05.04,bz.08.05,3,Waschen – Klima,elektrogeraete/waschen/waschen-klima
bz.08.05.05,bz.08.05,3,Waschen – Profi,elektrogeraete/waschen/waschen-profi
bz.08.05.06,bz.08.05,3,Waschen – Einbau,elektrogeraete/waschen/waschen-einbau
bz.08.05.07,bz.08.05,3,Waschen – Freistehend,elektrogeraete/waschen/waschen-freistehend
bz.08.05.08,bz.08.05,3,Waschen – Smart,elektrogeraete/waschen/waschen-smart
bz.08.05.09,bz.08.05,3,Waschen – Ersatzteile,elektrogeraete/waschen/waschen-ersatzteile
bz.08.05.10,bz.08.05,3,Waschen – Zubehör,elektrogeraete/waschen/waschen-zubehoer
bz.08.06,bz.08,2,Trocknen,elektrogeraete/trocknen
bz.08.06.01,bz.08.06,3,Trocknen – Haushalt,elektrogeraete/trocknen/trocknen-haushalt
bz.08.06.02,bz.08.06,3,Trocknen – Küche,elektrogeraete/trocknen/trocknen-kueche
bz.08.06.03,bz.08.06,3,Trocknen – Bad,elektrogeraete/trocknen/trocknen-bad
bz.08.06.04,bz.08.06,3,Trocknen – Klima,elektrogeraete/trocknen/trocknen-klima
bz.08.06.05,bz.08.06,3,Trocknen – Profi,elektrogeraete/trocknen/trocknen-profi
bz.08.06.06,bz.08.06,3,Trocknen – Einbau,elektrogeraete/trocknen/trocknen-einbau
bz.08.06.07,bz.08.06,3,Trocknen – Freistehend,elektrogeraete/trocknen/trocknen-freistehend
bz.08.06.08,bz.08.06,3,Trocknen – Smart,elektrogeraete/trocknen/trocknen-smart
bz.08.06.09,bz.08.06,3,Trocknen – Ersatzteile,elektrogeraete/trocknen/trocknen-ersatzteile
bz.08.06.10,bz.08.06,3,Trocknen – Zubehör,elektrogeraete/trocknen/trocknen-zubehoer
bz.08.07,bz.08,2,Staubsaugen,elektrogeraete/staubsaugen
bz.08.07.01,bz.08.07,3,Staubsaugen – Haushalt,elektrogeraete/staubsaugen/staubsaugen-haushalt
bz.08.07.02,bz.08.07,3,Staubsaugen – Küche,elektrogeraete/staubsaugen/staubsaugen-kueche
bz.08.07.03,bz.08.07,3,Staubsaugen – Bad,elektrogeraete/staubsaugen/staubsaugen-bad
bz.08.07.04,bz.08.07,3,Staubsaugen – Klima,elektrogeraete/staubsaugen/staubsaugen-klima
bz.08.07.05,bz.08.07,3,Staubsaugen – Profi,elektrogeraete/staubsaugen/staubsaugen-profi
bz.08.07.06,bz.08.07,3,Staubsaugen – Einbau,elektrogeraete/staubsaugen/staubsaugen-einbau
bz.08.07.07,bz.08.07,3,Staubsaugen – Freistehend,elektrogeraete/staubsaugen/staubsaugen-freistehend
bz.08.07.08,bz.08.07,3,Staubsaugen – Smart,elektrogeraete/staubsaugen/staubsaugen-smart
bz.08.07.09,bz.08.07,3,Staubsaugen – Ersatzteile,elektrogeraete/staubsaugen/staubsaugen-ersatzteile
bz.08.07.10,bz.08.07,3,Staubsaugen – Zubehör,elektrogeraete/staubsaugen/staubsaugen-zubehoer
bz.08.08,bz.08,2,Bodenreinigung,elektrogeraete/bodenreinigung
bz.08.08.01,bz.08.08,3,Bodenreinigung – Haushalt,elektrogeraete/bodenreinigung/bodenreinigung-haushalt
bz.08.08.02,bz.08.08,3,Bodenreinigung – Küche,elektrogeraete/bodenreinigung/bodenreinigung-kueche
bz.08.08.03,bz.08.08,3,Bodenreinigung – Bad,elektrogeraete/bodenreinigung/bodenreinigung-bad
bz.08.08.04,bz.08.08,3,Bodenreinigung – Klima,elektrogeraete/bodenreinigung/bodenreinigung-klima
bz.08.08.05,bz.08.08,3,Bodenreinigung – Profi,elektrogeraete/bodenreinigung/bodenreinigung-profi
bz.08.08.06,bz.08.08,3,Bodenreinigung – Einbau,elektrogeraete/bodenreinigung/bodenreinigung-einbau
bz.08.08.07,bz.08.08,3,Bodenreinigung – Freistehend,elektrogeraete/bodenreinigung/bodenreinigung-freistehend
bz.08.08.08,bz.08.08,3,Bodenreinigung – Smart,elektrogeraete/bodenreinigung/bodenreinigung-smart
bz.08.08.09,bz.08.08,3,Bodenreinigung – Ersatzteile,elektrogeraete/bodenreinigung/bodenreinigung-ersatzteile
bz.08.08.10,bz.08.08,3,Bodenreinigung – Zubehör,elektrogeraete/bodenreinigung/bodenreinigung-zubehoer
bz.08.09,bz.08,2,Klima,elektrogeraete/klima
bz.08.09.01,bz.08.09,3,Klima – Haushalt,elektrogeraete/klima/klima-haushalt
bz.08.09.02,bz.08.09,3,Klima – Küche,elektrogeraete/klima/klima-kueche
bz.08.09.03,bz.08.09,3,Klima – Bad,elektrogeraete/klima/klima-bad
bz.08.09.04,bz.08.09,3,Klima – Klima,elektrogeraete/klima/klima-klima
bz.08.09.05,bz.08.09,3,Klima – Profi,elektrogeraete/klima/klima-profi
bz.08.09.06,bz.08.09,3,Klima – Einbau,elektrogeraete/klima/klima-einbau
bz.08.09.07,bz.08.09,3,Klima – Freistehend,elektrogeraete/klima/klima-freistehend
bz.08.09.08,bz.08.09,3,Klima – Smart,elektrogeraete/klima/klima-smart
bz.08.09.09,bz.08.09,3,Klima – Ersatzteile,elektrogeraete/klima/klima-ersatzteile
bz.08.09.10,bz.08.09,3,Klima – Zubehör,elektrogeraete/klima/klima-zubehoer
bz.08.10,bz.08,2,Kaffee & Frühstück,elektrogeraete/kaffee-und-fruehstueck
bz.08.10.01,bz.08.10,3,Kaffee & Frühstück – Haushalt,elektrogeraete/kaffee-und-fruehstueck/kaffee-und-fruehstueck-haushalt
bz.08.10.02,bz.08.10,3,Kaffee & Frühstück – Küche,elektrogeraete/kaffee-und-fruehstueck/kaffee-und-fruehstueck-kueche
bz.08.10.03,bz.08.10,3,Kaffee & Frühstück – Bad,elektrogeraete/kaffee-und-fruehstueck/kaffee-und-fruehstueck-bad
bz.08.10.04,bz.08.10,3,Kaffee & Frühstück – Klima,elektrogeraete/kaffee-und-fruehstueck/kaffee-und-fruehstueck-klima
bz.08.10.05,bz.08.10,3,Kaffee & Frühstück – Profi,elektrogeraete/kaffee-und-fruehstueck/kaffee-und-fruehstueck-profi
bz.08.10.06,bz.08.10,3,Kaffee & Frühstück – Einbau,elektrogeraete/kaffee-und-fruehstueck/kaffee-und-fruehstueck-einbau
bz.08.10.07,bz.08.10,3,Kaffee & Frühstück – Freistehend,elektrogeraete/kaffee-und-fruehstueck/kaffee-und-fruehstueck-freistehend
bz.08.10.08,bz.08.10,3,Kaffee & Frühstück – Smart,elektrogeraete/kaffee-und-fruehstueck/kaffee-und-fruehstueck-smart
bz.08.10.09,bz.08.10,3,Kaffee & Frühstück – Ersatzteile,elektrogeraete/kaffee-und-fruehstueck/kaffee-und-fruehstueck-ersatzteile
bz.08.10.10,bz.08.10,3,Kaffee & Frühstück – Zubehör,elektrogeraete/kaffee-und-fruehstueck/kaffee-und-fruehstueck-zubehoer
bz.08.11,bz.08,2,Küchenkleingeräte,elektrogeraete/kuechenkleingeraete
bz.08.11.01,bz.08.11,3,Küchenkleingeräte – Haushalt,elektrogeraete/kuechenkleingeraete/kuechenkleingeraete-haushalt
bz.08.11.02,bz.08.11,3,Küchenkleingeräte – Küche,elektrogeraete/kuechenkleingeraete/kuechenkleingeraete-kueche
bz.08.11.03,bz.08.11,3,Küchenkleingeräte – Bad,elektrogeraete/kuechenkleingeraete/kuechenkleingeraete-bad
bz.08.11.04,bz.08.11,3,Küchenkleingeräte – Klima,elektrogeraete/kuechenkleingeraete/kuechenkleingeraete-klima
bz.08.11.05,bz.08.11,3,Küchenkleingeräte – Profi,elektrogeraete/kuechenkleingeraete/kuechenkleingeraete-profi
bz.08.11.06,bz.08.11,3,Küchenkleingeräte – Einbau,elektrogeraete/kuechenkleingeraete/kuechenkleingeraete-einbau
bz.08.11.07,bz.08.11,3,Küchenkleingeräte – Freistehend,elektrogeraete/kuechenkleingeraete/kuechenkleingeraete-freistehend
bz.08.11.08,bz.08.11,3,Küchenkleingeräte – Smart,elektrogeraete/kuechenkleingeraete/kuechenkleingeraete-smart
bz.08.11.09,bz.08.11,3,Küchenkleingeräte – Ersatzteile,elektrogeraete/kuechenkleingeraete/kuechenkleingeraete-ersatzteile
bz.08.11.10,bz.08.11,3,Küchenkleingeräte – Zubehör,elektrogeraete/kuechenkleingeraete/kuechenkleingeraete-zubehoer
bz.08.12,bz.08,2,Körperpflegegeräte,elektrogeraete/koerperpflegegeraete
bz.08.12.01,bz.08.12,3,Körperpflegegeräte – Haushalt,elektrogeraete/koerperpflegegeraete/koerperpflegegeraete-haushalt
bz.08.12.02,bz.08.12,3,Körperpflegegeräte – Küche,elektrogeraete/koerperpflegegeraete/koerperpflegegeraete-kueche
bz.08.12.03,bz.08.12,3,Körperpflegegeräte – Bad,elektrogeraete/koerperpflegegeraete/koerperpflegegeraete-bad
bz.08.12.04,bz.08.12,3,Körperpflegegeräte – Klima,elektrogeraete/koerperpflegegeraete/koerperpflegegeraete-klima
bz.08.12.05,bz.08.12,3,Körperpflegegeräte – Profi,elektrogeraete/koerperpflegegeraete/koerperpflegegeraete-profi
bz.08.12.06,bz.08.12,3,Körperpflegegeräte – Einbau,elektrogeraete/koerperpflegegeraete/koerperpflegegeraete-einbau
bz.08.12.07,bz.08.12,3,Körperpflegegeräte – Freistehend,elektrogeraete/koerperpflegegeraete/koerperpflegegeraete-freistehend
bz.08.12.08,bz.08.12,3,Körperpflegegeräte – Smart,elektrogeraete/koerperpflegegeraete/koerperpflegegeraete-smart
bz.08.12.09,bz.08.12,3,Körperpflegegeräte – Ersatzteile,elektrogeraete/koerperpflegegeraete/koerperpflegegeraete-ersatzteile
bz.08.12.10,bz.08.12,3,Körperpflegegeräte – Zubehör,elektrogeraete/koerperpflegegeraete/koerperpflegegeraete-zubehoer
bz.09,,1,Möbel,moebel
bz.09.01,bz.09,2,Sofas & Sessel,moebel/sofas-und-sessel
bz.09.01.01,bz.09.01,3,Sofas & Sessel – Wohnung,moebel/sofas-und-sessel/sofas-und-sessel-wohnung
bz.09.01.02,bz.09.01,3,Sofas & Sessel – Haus,moebel/sofas-und-sessel/sofas-und-sessel-haus
bz.09.01.03,bz.09.01,3,Sofas & Sessel – Büro,moebel/sofas-und-sessel/sofas-und-sessel-buero
bz.09.01.04,bz.09.01,3,Sofas & Sessel – Gewerbe,moebel/sofas-und-sessel/sofas-und-sessel-gewerbe
bz.09.01.05,bz.09.01,3,Sofas & Sessel – Kinder,moebel/sofas-und-sessel/sofas-und-sessel-kinder
bz.09.01.06,bz.09.01,3,Sofas & Sessel – Outdoor,moebel/sofas-und-sessel/sofas-und-sessel-outdoor
bz.09.01.07,bz.09.01,3,Sofas & Sessel – Modular,moebel/sofas-und-sessel/sofas-und-sessel-modular
bz.09.01.08,bz.09.01,3,Sofas & Sessel – Massivholz,moebel/sofas-und-sessel/sofas-und-sessel-massivholz
bz.09.01.09,bz.09.01,3,Sofas & Sessel – Polster,moebel/sofas-und-sessel/sofas-und-sessel-polster
bz.09.01.10,bz.09.01,3,Sofas & Sessel – Zubehör,moebel/sofas-und-sessel/sofas-und-sessel-zubehoer
bz.09.02,bz.09,2,Tische,moebel/tische
bz.09.02.01,bz.09.02,3,Tische – Wohnung,moebel/tische/tische-wohnung
bz.09.02.02,bz.09.02,3,Tische – Haus,moebel/tische/tische-haus
bz.09.02.03,bz.09.02,3,Tische – Büro,moebel/tische/tische-buero
bz.09.02.04,bz.09.02,3,Tische – Gewerbe,moebel/tische/tische-gewerbe
bz.09.02.05,bz.09.02,3,Tische – Kinder,moebel/tische/tische-kinder
bz.09.02.06,bz.09.02,3,Tische – Outdoor,moebel/tische/tische-outdoor
bz.09.02.07,bz.09.02,3,Tische – Modular,moebel/tische/tische-modular
bz.09.02.08,bz.09.02,3,Tische – Massivholz,moebel/tische/tische-massivholz
bz.09.02.09,bz.09.02,3,Tische – Polster,moebel/tische/tische-polster
bz.09.02.10,bz.09.02,3,Tische – Zubehör,moebel/tische/tische-zubehoer
bz.09.03,bz.09,2,Stühle,moebel/stuehle
bz.09.03.01,bz.09.03,3,Stühle – Wohnung,moebel/stuehle/stuehle-wohnung
bz.09.03.02,bz.09.03,3,Stühle – Haus,moebel/stuehle/stuehle-haus
bz.09.03.03,bz.09.03,3,Stühle – Büro,moebel/stuehle/stuehle-buero
bz.09.03.04,bz.09.03,3,Stühle – Gewerbe,moebel/stuehle/stuehle-gewerbe
bz.09.03.05,bz.09.03,3,Stühle – Kinder,moebel/stuehle/stuehle-kinder
bz.09.03.06,bz.09.03,3,Stühle – Outdoor,moebel/stuehle/stuehle-outdoor
bz.09.03.07,bz.09.03,3,Stühle – Modular,moebel/stuehle/stuehle-modular
bz.09.03.08,bz.09.03,3,Stühle – Massivholz,moebel/stuehle/stuehle-massivholz
bz.09.03.09,bz.09.03,3,Stühle – Polster,moebel/stuehle/stuehle-polster
bz.09.03.10,bz.09.03,3,Stühle – Zubehör,moebel/stuehle/stuehle-zubehoer
bz.09.04,bz.09,2,Schränke,moebel/schraenke
bz.09.04.01,bz.09.04,3,Schränke – Wohnung,moebel/schraenke/schraenke-wohnung
bz.09.04.02,bz.09.04,3,Schränke – Haus,moebel/schraenke/schraenke-haus
bz.09.04.03,bz.09.04,3,Schränke – Büro,moebel/schraenke/schraenke-buero
bz.09.04.04,bz.09.04,3,Schränke – Gewerbe,moebel/schraenke/schraenke-gewerbe
bz.09.04.05,bz.09.04,3,Schränke – Kinder,moebel/schraenke/schraenke-kinder
bz.09.04.06,bz.09.04,3,Schränke – Outdoor,moebel/schraenke/schraenke-outdoor
bz.09.04.07,bz.09.04,3,Schränke – Modular,moebel/schraenke/schraenke-modular
bz.09.04.08,bz.09.04,3,Schränke – Massivholz,moebel/schraenke/schraenke-massivholz
bz.09.04.09,bz.09.04,3,Schränke – Polster,moebel/schraenke/schraenke-polster
bz.09.04.10,bz.09.04,3,Schränke – Zubehör,moebel/schraenke/schraenke-zubehoer
bz.09.05,bz.09,2,Regale,moebel/regale
bz.09.05.01,bz.09.05,3,Regale – Wohnung,moebel/regale/regale-wohnung
bz.09.05.02,bz.09.05,3,Regale – Haus,moebel/regale/regale-haus
bz.09.05.03,bz.09.05,3,Regale – Büro,moebel/regale/regale-buero
bz.09.05.04,bz.09.05,3,Regale – Gewerbe,moebel/regale/regale-gewerbe
bz.09.05.05,bz.09.05,3,Regale – Kinder,moebel/regale/regale-kinder
bz.09.05.06,bz.09.05,3,Regale – Outdoor,moebel/regale/regale-outdoor
bz.09.05.07,bz.09.05,3,Regale – Modular,moebel/regale/regale-modular
bz.09.05.08,bz.09.05,3,Regale – Massivholz,moebel/regale/regale-massivholz
bz.09.05.09,bz.09.05,3,Regale – Polster,moebel/regale/regale-polster
bz.09.05.10,bz.09.05,3,Regale – Zubehör,moebel/regale/regale-zubehoer
bz.09.06,bz.09,2,Betten,moebel/betten
bz.09.06.01,bz.09.06,3,Betten – Wohnung,moebel/betten/betten-wohnung
bz.09.06.02,bz.09.06,3,Betten – Haus,moebel/betten/betten-haus
bz.09.06.03,bz.09.06,3,Betten – Büro,moebel/betten/betten-buero
bz.09.06.04,bz.09.06,3,Betten – Gewerbe,moebel/betten/betten-gewerbe
bz.09.06.05,bz.09.06,3,Betten – Kinder,moebel/betten/betten-kinder
bz.09.06.06,bz.09.06,3,Betten – Outdoor,moebel/betten/betten-outdoor
bz.09.06.07,bz.09.06,3,Betten – Modular,moebel/betten/betten-modular
bz.09.06.08,bz.09.06,3,Betten – Massivholz,moebel/betten/betten-massivholz
bz.09.06.09,bz.09.06,3,Betten – Polster,moebel/betten/betten-polster
bz.09.06.10,bz.09.06,3,Betten – Zubehör,moebel/betten/betten-zubehoer
bz.09.07,bz.09,2,Matratzen,moebel/matratzen
bz.09.07.01,bz.09.07,3,Matratzen – Wohnung,moebel/matratzen/matratzen-wohnung
bz.09.07.02,bz.09.07,3,Matratzen – Haus,moebel/matratzen/matratzen-haus
bz.09.07.03,bz.09.07,3,Matratzen – Büro,moebel/matratzen/matratzen-buero
bz.09.07.04,bz.09.07,3,Matratzen – Gewerbe,moebel/matratzen/matratzen-gewerbe
bz.09.07.05,bz.09.07,3,Matratzen – Kinder,moebel/matratzen/matratzen-kinder
bz.09.07.06,bz.09.07,3,Matratzen – Outdoor,moebel/matratzen/matratzen-outdoor
bz.09.07.07,bz.09.07,3,Matratzen – Modular,moebel/matratzen/matratzen-modular
bz.09.07.08,bz.09.07,3,Matratzen – Massivholz,moebel/matratzen/matratzen-massivholz
bz.09.07.09,bz.09.07,3,Matratzen – Polster,moebel/matratzen/matratzen-polster
bz.09.07.10,bz.09.07,3,Matratzen – Zubehör,moebel/matratzen/matratzen-zubehoer
bz.09.08,bz.09,2,Kommoden,moebel/kommoden
bz.09.08.01,bz.09.08,3,Kommoden – Wohnung,moebel/kommoden/kommoden-wohnung
bz.09.08.02,bz.09.08,3,Kommoden – Haus,moebel/kommoden/kommoden-haus
bz.09.08.03,bz.09.08,3,Kommoden – Büro,moebel/kommoden/kommoden-buero
bz.09.08.04,bz.09.08,3,Kommoden – Gewerbe,moebel/kommoden/kommoden-gewerbe
bz.09.08.05,bz.09.08,3,Kommoden – Kinder,moebel/kommoden/kommoden-kinder
bz.09.08.06,bz.09.08,3,Kommoden – Outdoor,moebel/kommoden/kommoden-outdoor
bz.09.08.07,bz.09.08,3,Kommoden – Modular,moebel/kommoden/kommoden-modular
bz.09.08.08,bz.09.08,3,Kommoden – Massivholz,moebel/kommoden/kommoden-massivholz
bz.09.08.09,bz.09.08,3,Kommoden – Polster,moebel/kommoden/kommoden-polster
bz.09.08.10,bz.09.08,3,Kommoden – Zubehör,moebel/kommoden/kommoden-zubehoer
bz.09.09,bz.09,2,Büromöbel,moebel/bueromoebel
bz.09.09.01,bz.09.09,3,Büromöbel – Wohnung,moebel/bueromoebel/bueromoebel-wohnung
bz.09.09.02,bz.09.09,3,Büromöbel – Haus,moebel/bueromoebel/bueromoebel-haus
bz.09.09.03,bz.09.09,3,Büromöbel – Büro,moebel/bueromoebel/bueromoebel-buero
bz.09.09.04,bz.09.09,3,Büromöbel – Gewerbe,moebel/bueromoebel/bueromoebel-gewerbe
bz.09.09.05,bz.09.09,3,Büromöbel – Kinder,moebel/bueromoebel/bueromoebel-kinder
bz.09.09.06,bz.09.09,3,Büromöbel – Outdoor,moebel/bueromoebel/bueromoebel-outdoor
bz.09.09.07,bz.09.09,3,Büromöbel – Modular,moebel/bueromoebel/bueromoebel-modular
bz.09.09.08,bz.09.09,3,Büromöbel – Massivholz,moebel/bueromoebel/bueromoebel-massivholz
bz.09.09.09,bz.09.09,3,Büromöbel – Polster,moebel/bueromoebel/bueromoebel-polster
bz.09.09.10,bz.09.09,3,Büromöbel – Zubehör,moebel/bueromoebel/bueromoebel-zubehoer
bz.09.10,bz.09,2,Kindermöbel,moebel/kindermoebel
bz.09.10.01,bz.09.10,3,Kindermöbel – Wohnung,moebel/kindermoebel/kindermoebel-wohnung
bz.09.10.02,bz.09.10,3,Kindermöbel – Haus,moebel/kindermoebel/kindermoebel-haus
bz.09.10.03,bz.09.10,3,Kindermöbel – Büro,moebel/kindermoebel/kindermoebel-buero
bz.09.10.04,bz.09.10,3,Kindermöbel – Gewerbe,moebel/kindermoebel/kindermoebel-gewerbe
bz.09.10.05,bz.09.10,3,Kindermöbel – Kinder,moebel/kindermoebel/kindermoebel-kinder
bz.09.10.06,bz.09.10,3,Kindermöbel – Outdoor,moebel/kindermoebel/kindermoebel-outdoor
bz.09.10.07,bz.09.10,3,Kindermöbel – Modular,moebel/kindermoebel/kindermoebel-modular
bz.09.10.08,bz.09.10,3,Kindermöbel – Massivholz,moebel/kindermoebel/kindermoebel-massivholz
bz.09.10.09,bz.09.10,3,Kindermöbel – Polster,moebel/kindermoebel/kindermoebel-polster
bz.09.10.10,bz.09.10,3,Kindermöbel – Zubehör,moebel/kindermoebel/kindermoebel-zubehoer
bz.09.11,bz.09,2,Gartenmöbel,moebel/gartenmoebel
bz.09.11.01,bz.09.11,3,Gartenmöbel – Wohnung,moebel/gartenmoebel/gartenmoebel-wohnung
bz.09.11.02,bz.09.11,3,Gartenmöbel – Haus,moebel/gartenmoebel/gartenmoebel-haus
bz.09.11.03,bz.09.11,3,Gartenmöbel – Büro,moebel/gartenmoebel/gartenmoebel-buero
bz.09.11.04,bz.09.11,3,Gartenmöbel – Gewerbe,moebel/gartenmoebel/gartenmoebel-gewerbe
bz.09.11.05,bz.09.11,3,Gartenmöbel – Kinder,moebel/gartenmoebel/gartenmoebel-kinder
bz.09.11.06,bz.09.11,3,Gartenmöbel – Outdoor,moebel/gartenmoebel/gartenmoebel-outdoor
bz.09.11.07,bz.09.11,3,Gartenmöbel – Modular,moebel/gartenmoebel/gartenmoebel-modular
bz.09.11.08,bz.09.11,3,Gartenmöbel – Massivholz,moebel/gartenmoebel/gartenmoebel-massivholz
bz.09.11.09,bz.09.11,3,Gartenmöbel – Polster,moebel/gartenmoebel/gartenmoebel-polster
bz.09.11.10,bz.09.11,3,Gartenmöbel – Zubehör,moebel/gartenmoebel/gartenmoebel-zubehoer
bz.09.12,bz.09,2,Möbelzubehör,moebel/moebelzubehoer
bz.09.12.01,bz.09.12,3,Möbelzubehör – Wohnung,moebel/moebelzubehoer/moebelzubehoer-wohnung
bz.09.12.02,bz.09.12,3,Möbelzubehör – Haus,moebel/moebelzubehoer/moebelzubehoer-haus
bz.09.12.03,bz.09.12,3,Möbelzubehör – Büro,moebel/moebelzubehoer/moebelzubehoer-buero
bz.09.12.04,bz.09.12,3,Möbelzubehör – Gewerbe,moebel/moebelzubehoer/moebelzubehoer-gewerbe
bz.09.12.05,bz.09.12,3,Möbelzubehör – Kinder,moebel/moebelzubehoer/moebelzubehoer-kinder
bz.09.12.06,bz.09.12,3,Möbelzubehör – Outdoor,moebel/moebelzubehoer/moebelzubehoer-outdoor
bz.09.12.07,bz.09.12,3,Möbelzubehör – Modular,moebel/moebelzubehoer/moebelzubehoer-modular
bz.09.12.08,bz.09.12,3,Möbelzubehör – Massivholz,moebel/moebelzubehoer/moebelzubehoer-massivholz
bz.09.12.09,bz.09.12,3,Möbelzubehör – Polster,moebel/moebelzubehoer/moebelzubehoer-polster
bz.09.12.10,bz.09.12,3,Möbelzubehör – Zubehör,moebel/moebelzubehoer/moebelzubehoer-zubehoer
bz.10,,1,Beleuchtung,beleuchtung
bz.10.01,bz.10,2,Deckenleuchten,beleuchtung/deckenleuchten
bz.10.01.01,bz.10.01,3,Deckenleuchten – LED,beleuchtung/deckenleuchten/deckenleuchten-led
bz.10.01.02,bz.10.01,3,Deckenleuchten – Smart,beleuchtung/deckenleuchten/deckenleuchten-smart
bz.10.01.03,bz.10.01,3,Deckenleuchten – Innen,beleuchtung/deckenleuchten/deckenleuchten-innen
bz.10.01.04,bz.10.01,3,Deckenleuchten – Außen,beleuchtung/deckenleuchten/deckenleuchten-aussen
bz.10.01.05,bz.10.01,3,Deckenleuchten – Gewerbe,beleuchtung/deckenleuchten/deckenleuchten-gewerbe
bz.10.01.06,bz.10.01,3,Deckenleuchten – Industrie,beleuchtung/deckenleuchten/deckenleuchten-industrie
bz.10.01.07,bz.10.01,3,Deckenleuchten – Solar,beleuchtung/deckenleuchten/deckenleuchten-solar
bz.10.01.08,bz.10.01,3,Deckenleuchten – Akku,beleuchtung/deckenleuchten/deckenleuchten-akku
bz.10.01.09,bz.10.01,3,Deckenleuchten – Dekorativ,beleuchtung/deckenleuchten/deckenleuchten-dekorativ
bz.10.01.10,bz.10.01,3,Deckenleuchten – Ersatzteile,beleuchtung/deckenleuchten/deckenleuchten-ersatzteile
bz.10.02,bz.10,2,Pendelleuchten,beleuchtung/pendelleuchten
bz.10.02.01,bz.10.02,3,Pendelleuchten – LED,beleuchtung/pendelleuchten/pendelleuchten-led
bz.10.02.02,bz.10.02,3,Pendelleuchten – Smart,beleuchtung/pendelleuchten/pendelleuchten-smart
bz.10.02.03,bz.10.02,3,Pendelleuchten – Innen,beleuchtung/pendelleuchten/pendelleuchten-innen
bz.10.02.04,bz.10.02,3,Pendelleuchten – Außen,beleuchtung/pendelleuchten/pendelleuchten-aussen
bz.10.02.05,bz.10.02,3,Pendelleuchten – Gewerbe,beleuchtung/pendelleuchten/pendelleuchten-gewerbe
bz.10.02.06,bz.10.02,3,Pendelleuchten – Industrie,beleuchtung/pendelleuchten/pendelleuchten-industrie
bz.10.02.07,bz.10.02,3,Pendelleuchten – Solar,beleuchtung/pendelleuchten/pendelleuchten-solar
bz.10.02.08,bz.10.02,3,Pendelleuchten – Akku,beleuchtung/pendelleuchten/pendelleuchten-akku
bz.10.02.09,bz.10.02,3,Pendelleuchten – Dekorativ,beleuchtung/pendelleuchten/pendelleuchten-dekorativ
bz.10.02.10,bz.10.02,3,Pendelleuchten – Ersatzteile,beleuchtung/pendelleuchten/pendelleuchten-ersatzteile
bz.10.03,bz.10,2,Wandleuchten,beleuchtung/wandleuchten
bz.10.03.01,bz.10.03,3,Wandleuchten – LED,beleuchtung/wandleuchten/wandleuchten-led
bz.10.03.02,bz.10.03,3,Wandleuchten – Smart,beleuchtung/wandleuchten/wandleuchten-smart
bz.10.03.03,bz.10.03,3,Wandleuchten – Innen,beleuchtung/wandleuchten/wandleuchten-innen
bz.10.03.04,bz.10.03,3,Wandleuchten – Außen,beleuchtung/wandleuchten/wandleuchten-aussen
bz.10.03.05,bz.10.03,3,Wandleuchten – Gewerbe,beleuchtung/wandleuchten/wandleuchten-gewerbe
bz.10.03.06,bz.10.03,3,Wandleuchten – Industrie,beleuchtung/wandleuchten/wandleuchten-industrie
bz.10.03.07,bz.10.03,3,Wandleuchten – Solar,beleuchtung/wandleuchten/wandleuchten-solar
bz.10.03.08,bz.10.03,3,Wandleuchten – Akku,beleuchtung/wandleuchten/wandleuchten-akku
bz.10.03.09,bz.10.03,3,Wandleuchten – Dekorativ,beleuchtung/wandleuchten/wandleuchten-dekorativ
bz.10.03.10,bz.10.03,3,Wandleuchten – Ersatzteile,beleuchtung/wandleuchten/wandleuchten-ersatzteile
bz.10.04,bz.10,2,Stehleuchten,beleuchtung/stehleuchten
bz.10.04.01,bz.10.04,3,Stehleuchten – LED,beleuchtung/stehleuchten/stehleuchten-led
bz.10.04.02,bz.10.04,3,Stehleuchten – Smart,beleuchtung/stehleuchten/stehleuchten-smart
bz.10.04.03,bz.10.04,3,Stehleuchten – Innen,beleuchtung/stehleuchten/stehleuchten-innen
bz.10.04.04,bz.10.04,3,Stehleuchten – Außen,beleuchtung/stehleuchten/stehleuchten-aussen
bz.10.04.05,bz.10.04,3,Stehleuchten – Gewerbe,beleuchtung/stehleuchten/stehleuchten-gewerbe
bz.10.04.06,bz.10.04,3,Stehleuchten – Industrie,beleuchtung/stehleuchten/stehleuchten-industrie
bz.10.04.07,bz.10.04,3,Stehleuchten – Solar,beleuchtung/stehleuchten/stehleuchten-solar
bz.10.04.08,bz.10.04,3,Stehleuchten – Akku,beleuchtung/stehleuchten/stehleuchten-akku
bz.10.04.09,bz.10.04,3,Stehleuchten – Dekorativ,beleuchtung/stehleuchten/stehleuchten-dekorativ
bz.10.04.10,bz.10.04,3,Stehleuchten – Ersatzteile,beleuchtung/stehleuchten/stehleuchten-ersatzteile
bz.10.05,bz.10,2,Tischleuchten,beleuchtung/tischleuchten
bz.10.05.01,bz.10.05,3,Tischleuchten – LED,beleuchtung/tischleuchten/tischleuchten-led
bz.10.05.02,bz.10.05,3,Tischleuchten – Smart,beleuchtung/tischleuchten/tischleuchten-smart
bz.10.05.03,bz.10.05,3,Tischleuchten – Innen,beleuchtung/tischleuchten/tischleuchten-innen
bz.10.05.04,bz.10.05,3,Tischleuchten – Außen,beleuchtung/tischleuchten/tischleuchten-aussen
bz.10.05.05,bz.10.05,3,Tischleuchten – Gewerbe,beleuchtung/tischleuchten/tischleuchten-gewerbe
bz.10.05.06,bz.10.05,3,Tischleuchten – Industrie,beleuchtung/tischleuchten/tischleuchten-industrie
bz.10.05.07,bz.10.05,3,Tischleuchten – Solar,beleuchtung/tischleuchten/tischleuchten-solar
bz.10.05.08,bz.10.05,3,Tischleuchten – Akku,beleuchtung/tischleuchten/tischleuchten-akku
bz.10.05.09,bz.10.05,3,Tischleuchten – Dekorativ,beleuchtung/tischleuchten/tischleuchten-dekorativ
bz.10.05.10,bz.10.05,3,Tischleuchten – Ersatzteile,beleuchtung/tischleuchten/tischleuchten-ersatzteile
bz.10.06,bz.10,2,Einbauleuchten,beleuchtung/einbauleuchten
bz.10.06.01,bz.10.06,3,Einbauleuchten – LED,beleuchtung/einbauleuchten/einbauleuchten-led
bz.10.06.02,bz.10.06,3,Einbauleuchten – Smart,beleuchtung/einbauleuchten/einbauleuchten-smart
bz.10.06.03,bz.10.06,3,Einbauleuchten – Innen,beleuchtung/einbauleuchten/einbauleuchten-innen
bz.10.06.04,bz.10.06,3,Einbauleuchten – Außen,beleuchtung/einbauleuchten/einbauleuchten-aussen
bz.10.06.05,bz.10.06,3,Einbauleuchten – Gewerbe,beleuchtung/einbauleuchten/einbauleuchten-gewerbe
bz.10.06.06,bz.10.06,3,Einbauleuchten – Industrie,beleuchtung/einbauleuchten/einbauleuchten-industrie
bz.10.06.07,bz.10.06,3,Einbauleuchten – Solar,beleuchtung/einbauleuchten/einbauleuchten-solar
bz.10.06.08,bz.10.06,3,Einbauleuchten – Akku,beleuchtung/einbauleuchten/einbauleuchten-akku
bz.10.06.09,bz.10.06,3,Einbauleuchten – Dekorativ,beleuchtung/einbauleuchten/einbauleuchten-dekorativ
bz.10.06.10,bz.10.06,3,Einbauleuchten – Ersatzteile,beleuchtung/einbauleuchten/einbauleuchten-ersatzteile
bz.10.07,bz.10,2,Außenbeleuchtung,beleuchtung/aussenbeleuchtung
bz.10.07.01,bz.10.07,3,Außenbeleuchtung – LED,beleuchtung/aussenbeleuchtung/aussenbeleuchtung-led
bz.10.07.02,bz.10.07,3,Außenbeleuchtung – Smart,beleuchtung/aussenbeleuchtung/aussenbeleuchtung-smart
bz.10.07.03,bz.10.07,3,Außenbeleuchtung – Innen,beleuchtung/aussenbeleuchtung/aussenbeleuchtung-innen
bz.10.07.04,bz.10.07,3,Außenbeleuchtung – Außen,beleuchtung/aussenbeleuchtung/aussenbeleuchtung-aussen
bz.10.07.05,bz.10.07,3,Außenbeleuchtung – Gewerbe,beleuchtung/aussenbeleuchtung/aussenbeleuchtung-gewerbe
bz.10.07.06,bz.10.07,3,Außenbeleuchtung – Industrie,beleuchtung/aussenbeleuchtung/aussenbeleuchtung-industrie
bz.10.07.07,bz.10.07,3,Außenbeleuchtung – Solar,beleuchtung/aussenbeleuchtung/aussenbeleuchtung-solar
bz.10.07.08,bz.10.07,3,Außenbeleuchtung – Akku,beleuchtung/aussenbeleuchtung/aussenbeleuchtung-akku
bz.10.07.09,bz.10.07,3,Außenbeleuchtung – Dekorativ,beleuchtung/aussenbeleuchtung/aussenbeleuchtung-dekorativ
bz.10.07.10,bz.10.07,3,Außenbeleuchtung – Ersatzteile,beleuchtung/aussenbeleuchtung/aussenbeleuchtung-ersatzteile
bz.10.08,bz.10,2,Gartenbeleuchtung,beleuchtung/gartenbeleuchtung
bz.10.08.01,bz.10.08,3,Gartenbeleuchtung – LED,beleuchtung/gartenbeleuchtung/gartenbeleuchtung-led
bz.10.08.02,bz.10.08,3,Gartenbeleuchtung – Smart,beleuchtung/gartenbeleuchtung/gartenbeleuchtung-smart
bz.10.08.03,bz.10.08,3,Gartenbeleuchtung – Innen,beleuchtung/gartenbeleuchtung/gartenbeleuchtung-innen
bz.10.08.04,bz.10.08,3,Gartenbeleuchtung – Außen,beleuchtung/gartenbeleuchtung/gartenbeleuchtung-aussen
bz.10.08.05,bz.10.08,3,Gartenbeleuchtung – Gewerbe,beleuchtung/gartenbeleuchtung/gartenbeleuchtung-gewerbe
bz.10.08.06,bz.10.08,3,Gartenbeleuchtung – Industrie,beleuchtung/gartenbeleuchtung/gartenbeleuchtung-industrie
bz.10.08.07,bz.10.08,3,Gartenbeleuchtung – Solar,beleuchtung/gartenbeleuchtung/gartenbeleuchtung-solar
bz.10.08.08,bz.10.08,3,Gartenbeleuchtung – Akku,beleuchtung/gartenbeleuchtung/gartenbeleuchtung-akku
bz.10.08.09,bz.10.08,3,Gartenbeleuchtung – Dekorativ,beleuchtung/gartenbeleuchtung/gartenbeleuchtung-dekorativ
bz.10.08.10,bz.10.08,3,Gartenbeleuchtung – Ersatzteile,beleuchtung/gartenbeleuchtung/gartenbeleuchtung-ersatzteile
bz.10.09,bz.10,2,LED,beleuchtung/led
bz.10.09.01,bz.10.09,3,LED – LED,beleuchtung/led/led-led
bz.10.09.02,bz.10.09,3,LED – Smart,beleuchtung/led/led-smart
bz.10.09.03,bz.10.09,3,LED – Innen,beleuchtung/led/led-innen
bz.10.09.04,bz.10.09,3,LED – Außen,beleuchtung/led/led-aussen
bz.10.09.05,bz.10.09,3,LED – Gewerbe,beleuchtung/led/led-gewerbe
bz.10.09.06,bz.10.09,3,LED – Industrie,beleuchtung/led/led-industrie
bz.10.09.07,bz.10.09,3,LED – Solar,beleuchtung/led/led-solar
bz.10.09.08,bz.10.09,3,LED – Akku,beleuchtung/led/led-akku
bz.10.09.09,bz.10.09,3,LED – Dekorativ,beleuchtung/led/led-dekorativ
bz.10.09.10,bz.10.09,3,LED – Ersatzteile,beleuchtung/led/led-ersatzteile
bz.10.10,bz.10,2,Leuchtmittel,beleuchtung/leuchtmittel
bz.10.10.01,bz.10.10,3,Leuchtmittel – LED,beleuchtung/leuchtmittel/leuchtmittel-led
bz.10.10.02,bz.10.10,3,Leuchtmittel – Smart,beleuchtung/leuchtmittel/leuchtmittel-smart
bz.10.10.03,bz.10.10,3,Leuchtmittel – Innen,beleuchtung/leuchtmittel/leuchtmittel-innen
bz.10.10.04,bz.10.10,3,Leuchtmittel – Außen,beleuchtung/leuchtmittel/leuchtmittel-aussen
bz.10.10.05,bz.10.10,3,Leuchtmittel – Gewerbe,beleuchtung/leuchtmittel/leuchtmittel-gewerbe
bz.10.10.06,bz.10.10,3,Leuchtmittel – Industrie,beleuchtung/leuchtmittel/leuchtmittel-industrie
bz.10.10.07,bz.10.10,3,Leuchtmittel – Solar,beleuchtung/leuchtmittel/leuchtmittel-solar
bz.10.10.08,bz.10.10,3,Leuchtmittel – Akku,beleuchtung/leuchtmittel/leuchtmittel-akku
bz.10.10.09,bz.10.10,3,Leuchtmittel – Dekorativ,beleuchtung/leuchtmittel/leuchtmittel-dekorativ
bz.10.10.10,bz.10.10,3,Leuchtmittel – Ersatzteile,beleuchtung/leuchtmittel/leuchtmittel-ersatzteile
bz.10.11,bz.10,2,Smart Lighting,beleuchtung/smart-lighting
bz.10.11.01,bz.10.11,3,Smart Lighting – LED,beleuchtung/smart-lighting/smart-lighting-led
bz.10.11.02,bz.10.11,3,Smart Lighting – Smart,beleuchtung/smart-lighting/smart-lighting-smart
bz.10.11.03,bz.10.11,3,Smart Lighting – Innen,beleuchtung/smart-lighting/smart-lighting-innen
bz.10.11.04,bz.10.11,3,Smart Lighting – Außen,beleuchtung/smart-lighting/smart-lighting-aussen
bz.10.11.05,bz.10.11,3,Smart Lighting – Gewerbe,beleuchtung/smart-lighting/smart-lighting-gewerbe
bz.10.11.06,bz.10.11,3,Smart Lighting – Industrie,beleuchtung/smart-lighting/smart-lighting-industrie
bz.10.11.07,bz.10.11,3,Smart Lighting – Solar,beleuchtung/smart-lighting/smart-lighting-solar
bz.10.11.08,bz.10.11,3,Smart Lighting – Akku,beleuchtung/smart-lighting/smart-lighting-akku
bz.10.11.09,bz.10.11,3,Smart Lighting – Dekorativ,beleuchtung/smart-lighting/smart-lighting-dekorativ
bz.10.11.10,bz.10.11,3,Smart Lighting – Ersatzteile,beleuchtung/smart-lighting/smart-lighting-ersatzteile
bz.10.12,bz.10,2,Industriebeleuchtung,beleuchtung/industriebeleuchtung
bz.10.12.01,bz.10.12,3,Industriebeleuchtung – LED,beleuchtung/industriebeleuchtung/industriebeleuchtung-led
bz.10.12.02,bz.10.12,3,Industriebeleuchtung – Smart,beleuchtung/industriebeleuchtung/industriebeleuchtung-smart
bz.10.12.03,bz.10.12,3,Industriebeleuchtung – Innen,beleuchtung/industriebeleuchtung/industriebeleuchtung-innen
bz.10.12.04,bz.10.12,3,Industriebeleuchtung – Außen,beleuchtung/industriebeleuchtung/industriebeleuchtung-aussen
bz.10.12.05,bz.10.12,3,Industriebeleuchtung – Gewerbe,beleuchtung/industriebeleuchtung/industriebeleuchtung-gewerbe
bz.10.12.06,bz.10.12,3,Industriebeleuchtung – Industrie,beleuchtung/industriebeleuchtung/industriebeleuchtung-industrie
bz.10.12.07,bz.10.12,3,Industriebeleuchtung – Solar,beleuchtung/industriebeleuchtung/industriebeleuchtung-solar
bz.10.12.08,bz.10.12,3,Industriebeleuchtung – Akku,beleuchtung/industriebeleuchtung/industriebeleuchtung-akku
bz.10.12.09,bz.10.12,3,Industriebeleuchtung – Dekorativ,beleuchtung/industriebeleuchtung/industriebeleuchtung-dekorativ
bz.10.12.10,bz.10.12,3,Industriebeleuchtung – Ersatzteile,beleuchtung/industriebeleuchtung/industriebeleuchtung-ersatzteile
bz.11,,1,"Mode, Textil & Accessoires",mode-textil-und-accessoires
bz.11.01,bz.11,2,Damenbekleidung,mode-textil-und-accessoires/damenbekleidung
bz.11.01.01,bz.11.01,3,Damenbekleidung – Damen,mode-textil-und-accessoires/damenbekleidung/damenbekleidung-damen
bz.11.01.02,bz.11.01,3,Damenbekleidung – Herren,mode-textil-und-accessoires/damenbekleidung/damenbekleidung-herren
bz.11.01.03,bz.11.01,3,Damenbekleidung – Kinder,mode-textil-und-accessoires/damenbekleidung/damenbekleidung-kinder
bz.11.01.04,bz.11.01,3,Damenbekleidung – Baby,mode-textil-und-accessoires/damenbekleidung/damenbekleidung-baby
bz.11.01.05,bz.11.01,3,Damenbekleidung – Sport,mode-textil-und-accessoires/damenbekleidung/damenbekleidung-sport
bz.11.01.06,bz.11.01,3,Damenbekleidung – Arbeitskleidung,mode-textil-und-accessoires/damenbekleidung/damenbekleidung-arbeitskleidung
bz.11.01.07,bz.11.01,3,Damenbekleidung – Home,mode-textil-und-accessoires/damenbekleidung/damenbekleidung-home
bz.11.01.08,bz.11.01,3,Damenbekleidung – Hotel,mode-textil-und-accessoires/damenbekleidung/damenbekleidung-hotel
bz.11.01.09,bz.11.01,3,Damenbekleidung – DIY,mode-textil-und-accessoires/damenbekleidung/damenbekleidung-diy
bz.11.01.10,bz.11.01,3,Damenbekleidung – Premium,mode-textil-und-accessoires/damenbekleidung/damenbekleidung-premium
bz.11.02,bz.11,2,Herrenbekleidung,mode-textil-und-accessoires/herrenbekleidung
bz.11.02.01,bz.11.02,3,Herrenbekleidung – Damen,mode-textil-und-accessoires/herrenbekleidung/herrenbekleidung-damen
bz.11.02.02,bz.11.02,3,Herrenbekleidung – Herren,mode-textil-und-accessoires/herrenbekleidung/herrenbekleidung-herren
bz.11.02.03,bz.11.02,3,Herrenbekleidung – Kinder,mode-textil-und-accessoires/herrenbekleidung/herrenbekleidung-kinder
bz.11.02.04,bz.11.02,3,Herrenbekleidung – Baby,mode-textil-und-accessoires/herrenbekleidung/herrenbekleidung-baby
bz.11.02.05,bz.11.02,3,Herrenbekleidung – Sport,mode-textil-und-accessoires/herrenbekleidung/herrenbekleidung-sport
bz.11.02.06,bz.11.02,3,Herrenbekleidung – Arbeitskleidung,mode-textil-und-accessoires/herrenbekleidung/herrenbekleidung-arbeitskleidung
bz.11.02.07,bz.11.02,3,Herrenbekleidung – Home,mode-textil-und-accessoires/herrenbekleidung/herrenbekleidung-home
bz.11.02.08,bz.11.02,3,Herrenbekleidung – Hotel,mode-textil-und-accessoires/herrenbekleidung/herrenbekleidung-hotel
bz.11.02.09,bz.11.02,3,Herrenbekleidung – DIY,mode-textil-und-accessoires/herrenbekleidung/herrenbekleidung-diy
bz.11.02.10,bz.11.02,3,Herrenbekleidung – Premium,mode-textil-und-accessoires/herrenbekleidung/herrenbekleidung-premium
bz.11.03,bz.11,2,Kinderbekleidung,mode-textil-und-accessoires/kinderbekleidung
bz.11.03.01,bz.11.03,3,Kinderbekleidung – Damen,mode-textil-und-accessoires/kinderbekleidung/kinderbekleidung-damen
bz.11.03.02,bz.11.03,3,Kinderbekleidung – Herren,mode-textil-und-accessoires/kinderbekleidung/kinderbekleidung-herren
bz.11.03.03,bz.11.03,3,Kinderbekleidung – Kinder,mode-textil-und-accessoires/kinderbekleidung/kinderbekleidung-kinder
bz.11.03.04,bz.11.03,3,Kinderbekleidung – Baby,mode-textil-und-accessoires/kinderbekleidung/kinderbekleidung-baby
bz.11.03.05,bz.11.03,3,Kinderbekleidung – Sport,mode-textil-und-accessoires/kinderbekleidung/kinderbekleidung-sport
bz.11.03.06,bz.11.03,3,Kinderbekleidung – Arbeitskleidung,mode-textil-und-accessoires/kinderbekleidung/kinderbekleidung-arbeitskleidung
bz.11.03.07,bz.11.03,3,Kinderbekleidung – Home,mode-textil-und-accessoires/kinderbekleidung/kinderbekleidung-home
bz.11.03.08,bz.11.03,3,Kinderbekleidung – Hotel,mode-textil-und-accessoires/kinderbekleidung/kinderbekleidung-hotel
bz.11.03.09,bz.11.03,3,Kinderbekleidung – DIY,mode-textil-und-accessoires/kinderbekleidung/kinderbekleidung-diy
bz.11.03.10,bz.11.03,3,Kinderbekleidung – Premium,mode-textil-und-accessoires/kinderbekleidung/kinderbekleidung-premium
bz.11.04,bz.11,2,Babytextilien,mode-textil-und-accessoires/babytextilien
bz.11.04.01,bz.11.04,3,Babytextilien – Damen,mode-textil-und-accessoires/babytextilien/babytextilien-damen
bz.11.04.02,bz.11.04,3,Babytextilien – Herren,mode-textil-und-accessoires/babytextilien/babytextilien-herren
bz.11.04.03,bz.11.04,3,Babytextilien – Kinder,mode-textil-und-accessoires/babytextilien/babytextilien-kinder
bz.11.04.04,bz.11.04,3,Babytextilien – Baby,mode-textil-und-accessoires/babytextilien/babytextilien-baby
bz.11.04.05,bz.11.04,3,Babytextilien – Sport,mode-textil-und-accessoires/babytextilien/babytextilien-sport
bz.11.04.06,bz.11.04,3,Babytextilien – Arbeitskleidung,mode-textil-und-accessoires/babytextilien/babytextilien-arbeitskleidung
bz.11.04.07,bz.11.04,3,Babytextilien – Home,mode-textil-und-accessoires/babytextilien/babytextilien-home
bz.11.04.08,bz.11.04,3,Babytextilien – Hotel,mode-textil-und-accessoires/babytextilien/babytextilien-hotel
bz.11.04.09,bz.11.04,3,Babytextilien – DIY,mode-textil-und-accessoires/babytextilien/babytextilien-diy
bz.11.04.10,bz.11.04,3,Babytextilien – Premium,mode-textil-und-accessoires/babytextilien/babytextilien-premium
bz.11.05,bz.11,2,Sporttextilien,mode-textil-und-accessoires/sporttextilien
bz.11.05.01,bz.11.05,3,Sporttextilien – Damen,mode-textil-und-accessoires/sporttextilien/sporttextilien-damen
bz.11.05.02,bz.11.05,3,Sporttextilien – Herren,mode-textil-und-accessoires/sporttextilien/sporttextilien-herren
bz.11.05.03,bz.11.05,3,Sporttextilien – Kinder,mode-textil-und-accessoires/sporttextilien/sporttextilien-kinder
bz.11.05.04,bz.11.05,3,Sporttextilien – Baby,mode-textil-und-accessoires/sporttextilien/sporttextilien-baby
bz.11.05.05,bz.11.05,3,Sporttextilien – Sport,mode-textil-und-accessoires/sporttextilien/sporttextilien-sport
bz.11.05.06,bz.11.05,3,Sporttextilien – Arbeitskleidung,mode-textil-und-accessoires/sporttextilien/sporttextilien-arbeitskleidung
bz.11.05.07,bz.11.05,3,Sporttextilien – Home,mode-textil-und-accessoires/sporttextilien/sporttextilien-home
bz.11.05.08,bz.11.05,3,Sporttextilien – Hotel,mode-textil-und-accessoires/sporttextilien/sporttextilien-hotel
bz.11.05.09,bz.11.05,3,Sporttextilien – DIY,mode-textil-und-accessoires/sporttextilien/sporttextilien-diy
bz.11.05.10,bz.11.05,3,Sporttextilien – Premium,mode-textil-und-accessoires/sporttextilien/sporttextilien-premium
bz.11.06,bz.11,2,Arbeits- & Berufsbekleidung,mode-textil-und-accessoires/arbeits-und-berufsbekleidung
bz.11.06.01,bz.11.06,3,Arbeits- & Berufsbekleidung – Damen,mode-textil-und-accessoires/arbeits-und-berufsbekleidung/arbeits-und-berufsbekleidung-damen
bz.11.06.02,bz.11.06,3,Arbeits- & Berufsbekleidung – Herren,mode-textil-und-accessoires/arbeits-und-berufsbekleidung/arbeits-und-berufsbekleidung-herren
bz.11.06.03,bz.11.06,3,Arbeits- & Berufsbekleidung – Kinder,mode-textil-und-accessoires/arbeits-und-berufsbekleidung/arbeits-und-berufsbekleidung-kinder
bz.11.06.04,bz.11.06,3,Arbeits- & Berufsbekleidung – Baby,mode-textil-und-accessoires/arbeits-und-berufsbekleidung/arbeits-und-berufsbekleidung-baby
bz.11.06.05,bz.11.06,3,Arbeits- & Berufsbekleidung – Sport,mode-textil-und-accessoires/arbeits-und-berufsbekleidung/arbeits-und-berufsbekleidung-sport
bz.11.06.06,bz.11.06,3,Arbeits- & Berufsbekleidung – Arbeitskleidung,mode-textil-und-accessoires/arbeits-und-berufsbekleidung/arbeits-und-berufsbekleidung-arbeitskleidung
bz.11.06.07,bz.11.06,3,Arbeits- & Berufsbekleidung – Home,mode-textil-und-accessoires/arbeits-und-berufsbekleidung/arbeits-und-berufsbekleidung-home
bz.11.06.08,bz.11.06,3,Arbeits- & Berufsbekleidung – Hotel,mode-textil-und-accessoires/arbeits-und-berufsbekleidung/arbeits-und-berufsbekleidung-hotel
bz.11.06.09,bz.11.06,3,Arbeits- & Berufsbekleidung – DIY,mode-textil-und-accessoires/arbeits-und-berufsbekleidung/arbeits-und-berufsbekleidung-diy
bz.11.06.10,bz.11.06,3,Arbeits- & Berufsbekleidung – Premium,mode-textil-und-accessoires/arbeits-und-berufsbekleidung/arbeits-und-berufsbekleidung-premium
bz.11.07,bz.11,2,Unterwäsche & Nachtwäsche,mode-textil-und-accessoires/unterwaesche-und-nachtwaesche
bz.11.07.01,bz.11.07,3,Unterwäsche & Nachtwäsche – Damen,mode-textil-und-accessoires/unterwaesche-und-nachtwaesche/unterwaesche-und-nachtwaesche-damen
bz.11.07.02,bz.11.07,3,Unterwäsche & Nachtwäsche – Herren,mode-textil-und-accessoires/unterwaesche-und-nachtwaesche/unterwaesche-und-nachtwaesche-herren
bz.11.07.03,bz.11.07,3,Unterwäsche & Nachtwäsche – Kinder,mode-textil-und-accessoires/unterwaesche-und-nachtwaesche/unterwaesche-und-nachtwaesche-kinder
bz.11.07.04,bz.11.07,3,Unterwäsche & Nachtwäsche – Baby,mode-textil-und-accessoires/unterwaesche-und-nachtwaesche/unterwaesche-und-nachtwaesche-baby
bz.11.07.05,bz.11.07,3,Unterwäsche & Nachtwäsche – Sport,mode-textil-und-accessoires/unterwaesche-und-nachtwaesche/unterwaesche-und-nachtwaesche-sport
bz.11.07.06,bz.11.07,3,Unterwäsche & Nachtwäsche – Arbeitskleidung,mode-textil-und-accessoires/unterwaesche-und-nachtwaesche/unterwaesche-und-nachtwaesche-arbeitskleidung
bz.11.07.07,bz.11.07,3,Unterwäsche & Nachtwäsche – Home,mode-textil-und-accessoires/unterwaesche-und-nachtwaesche/unterwaesche-und-nachtwaesche-home
bz.11.07.08,bz.11.07,3,Unterwäsche & Nachtwäsche – Hotel,mode-textil-und-accessoires/unterwaesche-und-nachtwaesche/unterwaesche-und-nachtwaesche-hotel
bz.11.07.09,bz.11.07,3,Unterwäsche & Nachtwäsche – DIY,mode-textil-und-accessoires/unterwaesche-und-nachtwaesche/unterwaesche-und-nachtwaesche-diy
bz.11.07.10,bz.11.07,3,Unterwäsche & Nachtwäsche – Premium,mode-textil-und-accessoires/unterwaesche-und-nachtwaesche/unterwaesche-und-nachtwaesche-premium
bz.11.08,bz.11,2,Heimtextilien,mode-textil-und-accessoires/heimtextilien
bz.11.08.01,bz.11.08,3,Heimtextilien – Damen,mode-textil-und-accessoires/heimtextilien/heimtextilien-damen
bz.11.08.02,bz.11.08,3,Heimtextilien – Herren,mode-textil-und-accessoires/heimtextilien/heimtextilien-herren
bz.11.08.03,bz.11.08,3,Heimtextilien – Kinder,mode-textil-und-accessoires/heimtextilien/heimtextilien-kinder
bz.11.08.04,bz.11.08,3,Heimtextilien – Baby,mode-textil-und-accessoires/heimtextilien/heimtextilien-baby
bz.11.08.05,bz.11.08,3,Heimtextilien – Sport,mode-textil-und-accessoires/heimtextilien/heimtextilien-sport
bz.11.08.06,bz.11.08,3,Heimtextilien – Arbeitskleidung,mode-textil-und-accessoires/heimtextilien/heimtextilien-arbeitskleidung
bz.11.08.07,bz.11.08,3,Heimtextilien – Home,mode-textil-und-accessoires/heimtextilien/heimtextilien-home
bz.11.08.08,bz.11.08,3,Heimtextilien – Hotel,mode-textil-und-accessoires/heimtextilien/heimtextilien-hotel
bz.11.08.09,bz.11.08,3,Heimtextilien – DIY,mode-textil-und-accessoires/heimtextilien/heimtextilien-diy
bz.11.08.10,bz.11.08,3,Heimtextilien – Premium,mode-textil-und-accessoires/heimtextilien/heimtextilien-premium
bz.11.09,bz.11,2,Stoffe & Meterware,mode-textil-und-accessoires/stoffe-und-meterware
bz.11.09.01,bz.11.09,3,Stoffe & Meterware – Damen,mode-textil-und-accessoires/stoffe-und-meterware/stoffe-und-meterware-damen
bz.11.09.02,bz.11.09,3,Stoffe & Meterware – Herren,mode-textil-und-accessoires/stoffe-und-meterware/stoffe-und-meterware-herren
bz.11.09.03,bz.11.09,3,Stoffe & Meterware – Kinder,mode-textil-und-accessoires/stoffe-und-meterware/stoffe-und-meterware-kinder
bz.11.09.04,bz.11.09,3,Stoffe & Meterware – Baby,mode-textil-und-accessoires/stoffe-und-meterware/stoffe-und-meterware-baby
bz.11.09.05,bz.11.09,3,Stoffe & Meterware – Sport,mode-textil-und-accessoires/stoffe-und-meterware/stoffe-und-meterware-sport
bz.11.09.06,bz.11.09,3,Stoffe & Meterware – Arbeitskleidung,mode-textil-und-accessoires/stoffe-und-meterware/stoffe-und-meterware-arbeitskleidung
bz.11.09.07,bz.11.09,3,Stoffe & Meterware – Home,mode-textil-und-accessoires/stoffe-und-meterware/stoffe-und-meterware-home
bz.11.09.08,bz.11.09,3,Stoffe & Meterware – Hotel,mode-textil-und-accessoires/stoffe-und-meterware/stoffe-und-meterware-hotel
bz.11.09.09,bz.11.09,3,Stoffe & Meterware – DIY,mode-textil-und-accessoires/stoffe-und-meterware/stoffe-und-meterware-diy
bz.11.09.10,bz.11.09,3,Stoffe & Meterware – Premium,mode-textil-und-accessoires/stoffe-und-meterware/stoffe-und-meterware-premium
bz.11.10,bz.11,2,"Nähen, Stricken & Handarbeit",mode-textil-und-accessoires/naehen-stricken-und-handarbeit
bz.11.10.01,bz.11.10,3,"Nähen, Stricken & Handarbeit – Damen",mode-textil-und-accessoires/naehen-stricken-und-handarbeit/naehen-stricken-und-handarbeit-damen
bz.11.10.02,bz.11.10,3,"Nähen, Stricken & Handarbeit – Herren",mode-textil-und-accessoires/naehen-stricken-und-handarbeit/naehen-stricken-und-handarbeit-herren
bz.11.10.03,bz.11.10,3,"Nähen, Stricken & Handarbeit – Kinder",mode-textil-und-accessoires/naehen-stricken-und-handarbeit/naehen-stricken-und-handarbeit-kinder
bz.11.10.04,bz.11.10,3,"Nähen, Stricken & Handarbeit – Baby",mode-textil-und-accessoires/naehen-stricken-und-handarbeit/naehen-stricken-und-handarbeit-baby
bz.11.10.05,bz.11.10,3,"Nähen, Stricken & Handarbeit – Sport",mode-textil-und-accessoires/naehen-stricken-und-handarbeit/naehen-stricken-und-handarbeit-sport
bz.11.10.06,bz.11.10,3,"Nähen, Stricken & Handarbeit – Arbeitskleidung",mode-textil-und-accessoires/naehen-stricken-und-handarbeit/naehen-stricken-und-handarbeit-arbeitskleidung
bz.11.10.07,bz.11.10,3,"Nähen, Stricken & Handarbeit – Home",mode-textil-und-accessoires/naehen-stricken-und-handarbeit/naehen-stricken-und-handarbeit-home
bz.11.10.08,bz.11.10,3,"Nähen, Stricken & Handarbeit – Hotel",mode-textil-und-accessoires/naehen-stricken-und-handarbeit/naehen-stricken-und-handarbeit-hotel
bz.11.10.09,bz.11.10,3,"Nähen, Stricken & Handarbeit – DIY",mode-textil-und-accessoires/naehen-stricken-und-handarbeit/naehen-stricken-und-handarbeit-diy
bz.11.10.10,bz.11.10,3,"Nähen, Stricken & Handarbeit – Premium",mode-textil-und-accessoires/naehen-stricken-und-handarbeit/naehen-stricken-und-handarbeit-premium
bz.11.11,bz.11,2,Taschen & textile Accessoires,mode-textil-und-accessoires/taschen-und-textile-accessoires
bz.11.11.01,bz.11.11,3,Taschen & textile Accessoires – Damen,mode-textil-und-accessoires/taschen-und-textile-accessoires/taschen-und-textile-accessoires-damen
bz.11.11.02,bz.11.11,3,Taschen & textile Accessoires – Herren,mode-textil-und-accessoires/taschen-und-textile-accessoires/taschen-und-textile-accessoires-herren
bz.11.11.03,bz.11.11,3,Taschen & textile Accessoires – Kinder,mode-textil-und-accessoires/taschen-und-textile-accessoires/taschen-und-textile-accessoires-kinder
bz.11.11.04,bz.11.11,3,Taschen & textile Accessoires – Baby,mode-textil-und-accessoires/taschen-und-textile-accessoires/taschen-und-textile-accessoires-baby
bz.11.11.05,bz.11.11,3,Taschen & textile Accessoires – Sport,mode-textil-und-accessoires/taschen-und-textile-accessoires/taschen-und-textile-accessoires-sport
bz.11.11.06,bz.11.11,3,Taschen & textile Accessoires – Arbeitskleidung,mode-textil-und-accessoires/taschen-und-textile-accessoires/taschen-und-textile-accessoires-arbeitskleidung
bz.11.11.07,bz.11.11,3,Taschen & textile Accessoires – Home,mode-textil-und-accessoires/taschen-und-textile-accessoires/taschen-und-textile-accessoires-home
bz.11.11.08,bz.11.11,3,Taschen & textile Accessoires – Hotel,mode-textil-und-accessoires/taschen-und-textile-accessoires/taschen-und-textile-accessoires-hotel
bz.11.11.09,bz.11.11,3,Taschen & textile Accessoires – DIY,mode-textil-und-accessoires/taschen-und-textile-accessoires/taschen-und-textile-accessoires-diy
bz.11.11.10,bz.11.11,3,Taschen & textile Accessoires – Premium,mode-textil-und-accessoires/taschen-und-textile-accessoires/taschen-und-textile-accessoires-premium
bz.11.12,bz.11,2,"Hotel-, Gastro- & Industrietextilien",mode-textil-und-accessoires/hotel-gastro-und-industrietextilien
bz.11.12.01,bz.11.12,3,"Hotel-, Gastro- & Industrietextilien – Damen",mode-textil-und-accessoires/hotel-gastro-und-industrietextilien/hotel-gastro-und-industrietextilien-damen
bz.11.12.02,bz.11.12,3,"Hotel-, Gastro- & Industrietextilien – Herren",mode-textil-und-accessoires/hotel-gastro-und-industrietextilien/hotel-gastro-und-industrietextilien-herren
bz.11.12.03,bz.11.12,3,"Hotel-, Gastro- & Industrietextilien – Kinder",mode-textil-und-accessoires/hotel-gastro-und-industrietextilien/hotel-gastro-und-industrietextilien-kinder
bz.11.12.04,bz.11.12,3,"Hotel-, Gastro- & Industrietextilien – Baby",mode-textil-und-accessoires/hotel-gastro-und-industrietextilien/hotel-gastro-und-industrietextilien-baby
bz.11.12.05,bz.11.12,3,"Hotel-, Gastro- & Industrietextilien – Sport",mode-textil-und-accessoires/hotel-gastro-und-industrietextilien/hotel-gastro-und-industrietextilien-sport
bz.11.12.06,bz.11.12,3,"Hotel-, Gastro- & Industrietextilien – Arbeitskleidung",mode-textil-und-accessoires/hotel-gastro-und-industrietextilien/hotel-gastro-und-industrietextilien-arbeitskleidung
bz.11.12.07,bz.11.12,3,"Hotel-, Gastro- & Industrietextilien – Home",mode-textil-und-accessoires/hotel-gastro-und-industrietextilien/hotel-gastro-und-industrietextilien-home
bz.11.12.08,bz.11.12,3,"Hotel-, Gastro- & Industrietextilien – Hotel",mode-textil-und-accessoires/hotel-gastro-und-industrietextilien/hotel-gastro-und-industrietextilien-hotel
bz.11.12.09,bz.11.12,3,"Hotel-, Gastro- & Industrietextilien – DIY",mode-textil-und-accessoires/hotel-gastro-und-industrietextilien/hotel-gastro-und-industrietextilien-diy
bz.11.12.10,bz.11.12,3,"Hotel-, Gastro- & Industrietextilien – Premium",mode-textil-und-accessoires/hotel-gastro-und-industrietextilien/hotel-gastro-und-industrietextilien-premium
bz.12,,1,Sport & Outdoor,sport-und-outdoor
bz.12.01,bz.12,2,Fitness,sport-und-outdoor/fitness
bz.12.01.01,bz.12.01,3,Fitness – Damen,sport-und-outdoor/fitness/fitness-damen
bz.12.01.02,bz.12.01,3,Fitness – Herren,sport-und-outdoor/fitness/fitness-herren
bz.12.01.03,bz.12.01,3,Fitness – Kinder,sport-und-outdoor/fitness/fitness-kinder
bz.12.01.04,bz.12.01,3,Fitness – Profi,sport-und-outdoor/fitness/fitness-profi
bz.12.01.05,bz.12.01,3,Fitness – Einsteiger,sport-und-outdoor/fitness/fitness-einsteiger
bz.12.01.06,bz.12.01,3,Fitness – Indoor,sport-und-outdoor/fitness/fitness-indoor
bz.12.01.07,bz.12.01,3,Fitness – Outdoor,sport-und-outdoor/fitness/fitness-outdoor
bz.12.01.08,bz.12.01,3,Fitness – Winter,sport-und-outdoor/fitness/fitness-winter
bz.12.01.09,bz.12.01,3,Fitness – Sommer,sport-und-outdoor/fitness/fitness-sommer
bz.12.01.10,bz.12.01,3,Fitness – Zubehör,sport-und-outdoor/fitness/fitness-zubehoer
bz.12.02,bz.12,2,Running,sport-und-outdoor/running
bz.12.02.01,bz.12.02,3,Running – Damen,sport-und-outdoor/running/running-damen
bz.12.02.02,bz.12.02,3,Running – Herren,sport-und-outdoor/running/running-herren
bz.12.02.03,bz.12.02,3,Running – Kinder,sport-und-outdoor/running/running-kinder
bz.12.02.04,bz.12.02,3,Running – Profi,sport-und-outdoor/running/running-profi
bz.12.02.05,bz.12.02,3,Running – Einsteiger,sport-und-outdoor/running/running-einsteiger
bz.12.02.06,bz.12.02,3,Running – Indoor,sport-und-outdoor/running/running-indoor
bz.12.02.07,bz.12.02,3,Running – Outdoor,sport-und-outdoor/running/running-outdoor
bz.12.02.08,bz.12.02,3,Running – Winter,sport-und-outdoor/running/running-winter
bz.12.02.09,bz.12.02,3,Running – Sommer,sport-und-outdoor/running/running-sommer
bz.12.02.10,bz.12.02,3,Running – Zubehör,sport-und-outdoor/running/running-zubehoer
bz.12.03,bz.12,2,Teamsport,sport-und-outdoor/teamsport
bz.12.03.01,bz.12.03,3,Teamsport – Damen,sport-und-outdoor/teamsport/teamsport-damen
bz.12.03.02,bz.12.03,3,Teamsport – Herren,sport-und-outdoor/teamsport/teamsport-herren
bz.12.03.03,bz.12.03,3,Teamsport – Kinder,sport-und-outdoor/teamsport/teamsport-kinder
bz.12.03.04,bz.12.03,3,Teamsport – Profi,sport-und-outdoor/teamsport/teamsport-profi
bz.12.03.05,bz.12.03,3,Teamsport – Einsteiger,sport-und-outdoor/teamsport/teamsport-einsteiger
bz.12.03.06,bz.12.03,3,Teamsport – Indoor,sport-und-outdoor/teamsport/teamsport-indoor
bz.12.03.07,bz.12.03,3,Teamsport – Outdoor,sport-und-outdoor/teamsport/teamsport-outdoor
bz.12.03.08,bz.12.03,3,Teamsport – Winter,sport-und-outdoor/teamsport/teamsport-winter
bz.12.03.09,bz.12.03,3,Teamsport – Sommer,sport-und-outdoor/teamsport/teamsport-sommer
bz.12.03.10,bz.12.03,3,Teamsport – Zubehör,sport-und-outdoor/teamsport/teamsport-zubehoer
bz.12.04,bz.12,2,Radsport,sport-und-outdoor/radsport
bz.12.04.01,bz.12.04,3,Radsport – Damen,sport-und-outdoor/radsport/radsport-damen
bz.12.04.02,bz.12.04,3,Radsport – Herren,sport-und-outdoor/radsport/radsport-herren
bz.12.04.03,bz.12.04,3,Radsport – Kinder,sport-und-outdoor/radsport/radsport-kinder
bz.12.04.04,bz.12.04,3,Radsport – Profi,sport-und-outdoor/radsport/radsport-profi
bz.12.04.05,bz.12.04,3,Radsport – Einsteiger,sport-und-outdoor/radsport/radsport-einsteiger
bz.12.04.06,bz.12.04,3,Radsport – Indoor,sport-und-outdoor/radsport/radsport-indoor
bz.12.04.07,bz.12.04,3,Radsport – Outdoor,sport-und-outdoor/radsport/radsport-outdoor
bz.12.04.08,bz.12.04,3,Radsport – Winter,sport-und-outdoor/radsport/radsport-winter
bz.12.04.09,bz.12.04,3,Radsport – Sommer,sport-und-outdoor/radsport/radsport-sommer
bz.12.04.10,bz.12.04,3,Radsport – Zubehör,sport-und-outdoor/radsport/radsport-zubehoer
bz.12.05,bz.12,2,Wandern,sport-und-outdoor/wandern
bz.12.05.01,bz.12.05,3,Wandern – Damen,sport-und-outdoor/wandern/wandern-damen
bz.12.05.02,bz.12.05,3,Wandern – Herren,sport-und-outdoor/wandern/wandern-herren
bz.12.05.03,bz.12.05,3,Wandern – Kinder,sport-und-outdoor/wandern/wandern-kinder
bz.12.05.04,bz.12.05,3,Wandern – Profi,sport-und-outdoor/wandern/wandern-profi
bz.12.05.05,bz.12.05,3,Wandern – Einsteiger,sport-und-outdoor/wandern/wandern-einsteiger
bz.12.05.06,bz.12.05,3,Wandern – Indoor,sport-und-outdoor/wandern/wandern-indoor
bz.12.05.07,bz.12.05,3,Wandern – Outdoor,sport-und-outdoor/wandern/wandern-outdoor
bz.12.05.08,bz.12.05,3,Wandern – Winter,sport-und-outdoor/wandern/wandern-winter
bz.12.05.09,bz.12.05,3,Wandern – Sommer,sport-und-outdoor/wandern/wandern-sommer
bz.12.05.10,bz.12.05,3,Wandern – Zubehör,sport-und-outdoor/wandern/wandern-zubehoer
bz.12.06,bz.12,2,Camping,sport-und-outdoor/camping
bz.12.06.01,bz.12.06,3,Camping – Damen,sport-und-outdoor/camping/camping-damen
bz.12.06.02,bz.12.06,3,Camping – Herren,sport-und-outdoor/camping/camping-herren
bz.12.06.03,bz.12.06,3,Camping – Kinder,sport-und-outdoor/camping/camping-kinder
bz.12.06.04,bz.12.06,3,Camping – Profi,sport-und-outdoor/camping/camping-profi
bz.12.06.05,bz.12.06,3,Camping – Einsteiger,sport-und-outdoor/camping/camping-einsteiger
bz.12.06.06,bz.12.06,3,Camping – Indoor,sport-und-outdoor/camping/camping-indoor
bz.12.06.07,bz.12.06,3,Camping – Outdoor,sport-und-outdoor/camping/camping-outdoor
bz.12.06.08,bz.12.06,3,Camping – Winter,sport-und-outdoor/camping/camping-winter
bz.12.06.09,bz.12.06,3,Camping – Sommer,sport-und-outdoor/camping/camping-sommer
bz.12.06.10,bz.12.06,3,Camping – Zubehör,sport-und-outdoor/camping/camping-zubehoer
bz.12.07,bz.12,2,Klettern,sport-und-outdoor/klettern
bz.12.07.01,bz.12.07,3,Klettern – Damen,sport-und-outdoor/klettern/klettern-damen
bz.12.07.02,bz.12.07,3,Klettern – Herren,sport-und-outdoor/klettern/klettern-herren
bz.12.07.03,bz.12.07,3,Klettern – Kinder,sport-und-outdoor/klettern/klettern-kinder
bz.12.07.04,bz.12.07,3,Klettern – Profi,sport-und-outdoor/klettern/klettern-profi
bz.12.07.05,bz.12.07,3,Klettern – Einsteiger,sport-und-outdoor/klettern/klettern-einsteiger
bz.12.07.06,bz.12.07,3,Klettern – Indoor,sport-und-outdoor/klettern/klettern-indoor
bz.12.07.07,bz.12.07,3,Klettern – Outdoor,sport-und-outdoor/klettern/klettern-outdoor
bz.12.07.08,bz.12.07,3,Klettern – Winter,sport-und-outdoor/klettern/klettern-winter
bz.12.07.09,bz.12.07,3,Klettern – Sommer,sport-und-outdoor/klettern/klettern-sommer
bz.12.07.10,bz.12.07,3,Klettern – Zubehör,sport-und-outdoor/klettern/klettern-zubehoer
bz.12.08,bz.12,2,Wassersport,sport-und-outdoor/wassersport
bz.12.08.01,bz.12.08,3,Wassersport – Damen,sport-und-outdoor/wassersport/wassersport-damen
bz.12.08.02,bz.12.08,3,Wassersport – Herren,sport-und-outdoor/wassersport/wassersport-herren
bz.12.08.03,bz.12.08,3,Wassersport – Kinder,sport-und-outdoor/wassersport/wassersport-kinder
bz.12.08.04,bz.12.08,3,Wassersport – Profi,sport-und-outdoor/wassersport/wassersport-profi
bz.12.08.05,bz.12.08,3,Wassersport – Einsteiger,sport-und-outdoor/wassersport/wassersport-einsteiger
bz.12.08.06,bz.12.08,3,Wassersport – Indoor,sport-und-outdoor/wassersport/wassersport-indoor
bz.12.08.07,bz.12.08,3,Wassersport – Outdoor,sport-und-outdoor/wassersport/wassersport-outdoor
bz.12.08.08,bz.12.08,3,Wassersport – Winter,sport-und-outdoor/wassersport/wassersport-winter
bz.12.08.09,bz.12.08,3,Wassersport – Sommer,sport-und-outdoor/wassersport/wassersport-sommer
bz.12.08.10,bz.12.08,3,Wassersport – Zubehör,sport-und-outdoor/wassersport/wassersport-zubehoer
bz.12.09,bz.12,2,Wintersport,sport-und-outdoor/wintersport
bz.12.09.01,bz.12.09,3,Wintersport – Damen,sport-und-outdoor/wintersport/wintersport-damen
bz.12.09.02,bz.12.09,3,Wintersport – Herren,sport-und-outdoor/wintersport/wintersport-herren
bz.12.09.03,bz.12.09,3,Wintersport – Kinder,sport-und-outdoor/wintersport/wintersport-kinder
bz.12.09.04,bz.12.09,3,Wintersport – Profi,sport-und-outdoor/wintersport/wintersport-profi
bz.12.09.05,bz.12.09,3,Wintersport – Einsteiger,sport-und-outdoor/wintersport/wintersport-einsteiger
bz.12.09.06,bz.12.09,3,Wintersport – Indoor,sport-und-outdoor/wintersport/wintersport-indoor
bz.12.09.07,bz.12.09,3,Wintersport – Outdoor,sport-und-outdoor/wintersport/wintersport-outdoor
bz.12.09.08,bz.12.09,3,Wintersport – Winter,sport-und-outdoor/wintersport/wintersport-winter
bz.12.09.09,bz.12.09,3,Wintersport – Sommer,sport-und-outdoor/wintersport/wintersport-sommer
bz.12.09.10,bz.12.09,3,Wintersport – Zubehör,sport-und-outdoor/wintersport/wintersport-zubehoer
bz.12.10,bz.12,2,Outdoorbekleidung,sport-und-outdoor/outdoorbekleidung
bz.12.10.01,bz.12.10,3,Outdoorbekleidung – Damen,sport-und-outdoor/outdoorbekleidung/outdoorbekleidung-damen
bz.12.10.02,bz.12.10,3,Outdoorbekleidung – Herren,sport-und-outdoor/outdoorbekleidung/outdoorbekleidung-herren
bz.12.10.03,bz.12.10,3,Outdoorbekleidung – Kinder,sport-und-outdoor/outdoorbekleidung/outdoorbekleidung-kinder
bz.12.10.04,bz.12.10,3,Outdoorbekleidung – Profi,sport-und-outdoor/outdoorbekleidung/outdoorbekleidung-profi
bz.12.10.05,bz.12.10,3,Outdoorbekleidung – Einsteiger,sport-und-outdoor/outdoorbekleidung/outdoorbekleidung-einsteiger
bz.12.10.06,bz.12.10,3,Outdoorbekleidung – Indoor,sport-und-outdoor/outdoorbekleidung/outdoorbekleidung-indoor
bz.12.10.07,bz.12.10,3,Outdoorbekleidung – Outdoor,sport-und-outdoor/outdoorbekleidung/outdoorbekleidung-outdoor
bz.12.10.08,bz.12.10,3,Outdoorbekleidung – Winter,sport-und-outdoor/outdoorbekleidung/outdoorbekleidung-winter
bz.12.10.09,bz.12.10,3,Outdoorbekleidung – Sommer,sport-und-outdoor/outdoorbekleidung/outdoorbekleidung-sommer
bz.12.10.10,bz.12.10,3,Outdoorbekleidung – Zubehör,sport-und-outdoor/outdoorbekleidung/outdoorbekleidung-zubehoer
bz.12.11,bz.12,2,Sporternährung & Zubehör,sport-und-outdoor/sporternaehrung-und-zubehoer
bz.12.11.01,bz.12.11,3,Sporternährung & Zubehör – Damen,sport-und-outdoor/sporternaehrung-und-zubehoer/sporternaehrung-und-zubehoer-damen
bz.12.11.02,bz.12.11,3,Sporternährung & Zubehör – Herren,sport-und-outdoor/sporternaehrung-und-zubehoer/sporternaehrung-und-zubehoer-herren
bz.12.11.03,bz.12.11,3,Sporternährung & Zubehör – Kinder,sport-und-outdoor/sporternaehrung-und-zubehoer/sporternaehrung-und-zubehoer-kinder
bz.12.11.04,bz.12.11,3,Sporternährung & Zubehör – Profi,sport-und-outdoor/sporternaehrung-und-zubehoer/sporternaehrung-und-zubehoer-profi
bz.12.11.05,bz.12.11,3,Sporternährung & Zubehör – Einsteiger,sport-und-outdoor/sporternaehrung-und-zubehoer/sporternaehrung-und-zubehoer-einsteiger
bz.12.11.06,bz.12.11,3,Sporternährung & Zubehör – Indoor,sport-und-outdoor/sporternaehrung-und-zubehoer/sporternaehrung-und-zubehoer-indoor
bz.12.11.07,bz.12.11,3,Sporternährung & Zubehör – Outdoor,sport-und-outdoor/sporternaehrung-und-zubehoer/sporternaehrung-und-zubehoer-outdoor
bz.12.11.08,bz.12.11,3,Sporternährung & Zubehör – Winter,sport-und-outdoor/sporternaehrung-und-zubehoer/sporternaehrung-und-zubehoer-winter
bz.12.11.09,bz.12.11,3,Sporternährung & Zubehör – Sommer,sport-und-outdoor/sporternaehrung-und-zubehoer/sporternaehrung-und-zubehoer-sommer
bz.12.11.10,bz.12.11,3,Sporternährung & Zubehör – Zubehör,sport-und-outdoor/sporternaehrung-und-zubehoer/sporternaehrung-und-zubehoer-zubehoer
bz.12.12,bz.12,2,Freizeit,sport-und-outdoor/freizeit
bz.12.12.01,bz.12.12,3,Freizeit – Damen,sport-und-outdoor/freizeit/freizeit-damen
bz.12.12.02,bz.12.12,3,Freizeit – Herren,sport-und-outdoor/freizeit/freizeit-herren
bz.12.12.03,bz.12.12,3,Freizeit – Kinder,sport-und-outdoor/freizeit/freizeit-kinder
bz.12.12.04,bz.12.12,3,Freizeit – Profi,sport-und-outdoor/freizeit/freizeit-profi
bz.12.12.05,bz.12.12,3,Freizeit – Einsteiger,sport-und-outdoor/freizeit/freizeit-einsteiger
bz.12.12.06,bz.12.12,3,Freizeit – Indoor,sport-und-outdoor/freizeit/freizeit-indoor
bz.12.12.07,bz.12.12,3,Freizeit – Outdoor,sport-und-outdoor/freizeit/freizeit-outdoor
bz.12.12.08,bz.12.12,3,Freizeit – Winter,sport-und-outdoor/freizeit/freizeit-winter
bz.12.12.09,bz.12.12,3,Freizeit – Sommer,sport-und-outdoor/freizeit/freizeit-sommer
bz.12.12.10,bz.12.12,3,Freizeit – Zubehör,sport-und-outdoor/freizeit/freizeit-zubehoer
bz.13,,1,Fahrräder & E-Bikes,fahrraeder-und-e-bikes
bz.13.01,bz.13,2,Fahrräder,fahrraeder-und-e-bikes/fahrraeder
bz.13.01.01,bz.13.01,3,Fahrräder – City,fahrraeder-und-e-bikes/fahrraeder/fahrraeder-city
bz.13.01.02,bz.13.01,3,Fahrräder – Trekking,fahrraeder-und-e-bikes/fahrraeder/fahrraeder-trekking
bz.13.01.03,bz.13.01,3,Fahrräder – MTB,fahrraeder-und-e-bikes/fahrraeder/fahrraeder-mtb
bz.13.01.04,bz.13.01,3,Fahrräder – Rennrad,fahrraeder-und-e-bikes/fahrraeder/fahrraeder-rennrad
bz.13.01.05,bz.13.01,3,Fahrräder – Cargo,fahrraeder-und-e-bikes/fahrraeder/fahrraeder-cargo
bz.13.01.06,bz.13.01,3,Fahrräder – Kinder,fahrraeder-und-e-bikes/fahrraeder/fahrraeder-kinder
bz.13.01.07,bz.13.01,3,Fahrräder – E-Bike,fahrraeder-und-e-bikes/fahrraeder/fahrraeder-e-bike
bz.13.01.08,bz.13.01,3,Fahrräder – Profi,fahrraeder-und-e-bikes/fahrraeder/fahrraeder-profi
bz.13.01.09,bz.13.01,3,Fahrräder – Touring,fahrraeder-und-e-bikes/fahrraeder/fahrraeder-touring
bz.13.01.10,bz.13.01,3,Fahrräder – Zubehör,fahrraeder-und-e-bikes/fahrraeder/fahrraeder-zubehoer
bz.13.02,bz.13,2,E-Bikes,fahrraeder-und-e-bikes/e-bikes
bz.13.02.01,bz.13.02,3,E-Bikes – City,fahrraeder-und-e-bikes/e-bikes/e-bikes-city
bz.13.02.02,bz.13.02,3,E-Bikes – Trekking,fahrraeder-und-e-bikes/e-bikes/e-bikes-trekking
bz.13.02.03,bz.13.02,3,E-Bikes – MTB,fahrraeder-und-e-bikes/e-bikes/e-bikes-mtb
bz.13.02.04,bz.13.02,3,E-Bikes – Rennrad,fahrraeder-und-e-bikes/e-bikes/e-bikes-rennrad
bz.13.02.05,bz.13.02,3,E-Bikes – Cargo,fahrraeder-und-e-bikes/e-bikes/e-bikes-cargo
bz.13.02.06,bz.13.02,3,E-Bikes – Kinder,fahrraeder-und-e-bikes/e-bikes/e-bikes-kinder
bz.13.02.07,bz.13.02,3,E-Bikes – E-Bike,fahrraeder-und-e-bikes/e-bikes/e-bikes-e-bike
bz.13.02.08,bz.13.02,3,E-Bikes – Profi,fahrraeder-und-e-bikes/e-bikes/e-bikes-profi
bz.13.02.09,bz.13.02,3,E-Bikes – Touring,fahrraeder-und-e-bikes/e-bikes/e-bikes-touring
bz.13.02.10,bz.13.02,3,E-Bikes – Zubehör,fahrraeder-und-e-bikes/e-bikes/e-bikes-zubehoer
bz.13.03,bz.13,2,Kinderfahrräder,fahrraeder-und-e-bikes/kinderfahrraeder
bz.13.03.01,bz.13.03,3,Kinderfahrräder – City,fahrraeder-und-e-bikes/kinderfahrraeder/kinderfahrraeder-city
bz.13.03.02,bz.13.03,3,Kinderfahrräder – Trekking,fahrraeder-und-e-bikes/kinderfahrraeder/kinderfahrraeder-trekking
bz.13.03.03,bz.13.03,3,Kinderfahrräder – MTB,fahrraeder-und-e-bikes/kinderfahrraeder/kinderfahrraeder-mtb
bz.13.03.04,bz.13.03,3,Kinderfahrräder – Rennrad,fahrraeder-und-e-bikes/kinderfahrraeder/kinderfahrraeder-rennrad
bz.13.03.05,bz.13.03,3,Kinderfahrräder – Cargo,fahrraeder-und-e-bikes/kinderfahrraeder/kinderfahrraeder-cargo
bz.13.03.06,bz.13.03,3,Kinderfahrräder – Kinder,fahrraeder-und-e-bikes/kinderfahrraeder/kinderfahrraeder-kinder
bz.13.03.07,bz.13.03,3,Kinderfahrräder – E-Bike,fahrraeder-und-e-bikes/kinderfahrraeder/kinderfahrraeder-e-bike
bz.13.03.08,bz.13.03,3,Kinderfahrräder – Profi,fahrraeder-und-e-bikes/kinderfahrraeder/kinderfahrraeder-profi
bz.13.03.09,bz.13.03,3,Kinderfahrräder – Touring,fahrraeder-und-e-bikes/kinderfahrraeder/kinderfahrraeder-touring
bz.13.03.10,bz.13.03,3,Kinderfahrräder – Zubehör,fahrraeder-und-e-bikes/kinderfahrraeder/kinderfahrraeder-zubehoer
bz.13.04,bz.13,2,Fahrradrahmen,fahrraeder-und-e-bikes/fahrradrahmen
bz.13.04.01,bz.13.04,3,Fahrradrahmen – City,fahrraeder-und-e-bikes/fahrradrahmen/fahrradrahmen-city
bz.13.04.02,bz.13.04,3,Fahrradrahmen – Trekking,fahrraeder-und-e-bikes/fahrradrahmen/fahrradrahmen-trekking
bz.13.04.03,bz.13.04,3,Fahrradrahmen – MTB,fahrraeder-und-e-bikes/fahrradrahmen/fahrradrahmen-mtb
bz.13.04.04,bz.13.04,3,Fahrradrahmen – Rennrad,fahrraeder-und-e-bikes/fahrradrahmen/fahrradrahmen-rennrad
bz.13.04.05,bz.13.04,3,Fahrradrahmen – Cargo,fahrraeder-und-e-bikes/fahrradrahmen/fahrradrahmen-cargo
bz.13.04.06,bz.13.04,3,Fahrradrahmen – Kinder,fahrraeder-und-e-bikes/fahrradrahmen/fahrradrahmen-kinder
bz.13.04.07,bz.13.04,3,Fahrradrahmen – E-Bike,fahrraeder-und-e-bikes/fahrradrahmen/fahrradrahmen-e-bike
bz.13.04.08,bz.13.04,3,Fahrradrahmen – Profi,fahrraeder-und-e-bikes/fahrradrahmen/fahrradrahmen-profi
bz.13.04.09,bz.13.04,3,Fahrradrahmen – Touring,fahrraeder-und-e-bikes/fahrradrahmen/fahrradrahmen-touring
bz.13.04.10,bz.13.04,3,Fahrradrahmen – Zubehör,fahrraeder-und-e-bikes/fahrradrahmen/fahrradrahmen-zubehoer
bz.13.05,bz.13,2,Antrieb & Schaltung,fahrraeder-und-e-bikes/antrieb-und-schaltung
bz.13.05.01,bz.13.05,3,Antrieb & Schaltung – City,fahrraeder-und-e-bikes/antrieb-und-schaltung/antrieb-und-schaltung-city
bz.13.05.02,bz.13.05,3,Antrieb & Schaltung – Trekking,fahrraeder-und-e-bikes/antrieb-und-schaltung/antrieb-und-schaltung-trekking
bz.13.05.03,bz.13.05,3,Antrieb & Schaltung – MTB,fahrraeder-und-e-bikes/antrieb-und-schaltung/antrieb-und-schaltung-mtb
bz.13.05.04,bz.13.05,3,Antrieb & Schaltung – Rennrad,fahrraeder-und-e-bikes/antrieb-und-schaltung/antrieb-und-schaltung-rennrad
bz.13.05.05,bz.13.05,3,Antrieb & Schaltung – Cargo,fahrraeder-und-e-bikes/antrieb-und-schaltung/antrieb-und-schaltung-cargo
bz.13.05.06,bz.13.05,3,Antrieb & Schaltung – Kinder,fahrraeder-und-e-bikes/antrieb-und-schaltung/antrieb-und-schaltung-kinder
bz.13.05.07,bz.13.05,3,Antrieb & Schaltung – E-Bike,fahrraeder-und-e-bikes/antrieb-und-schaltung/antrieb-und-schaltung-e-bike
bz.13.05.08,bz.13.05,3,Antrieb & Schaltung – Profi,fahrraeder-und-e-bikes/antrieb-und-schaltung/antrieb-und-schaltung-profi
bz.13.05.09,bz.13.05,3,Antrieb & Schaltung – Touring,fahrraeder-und-e-bikes/antrieb-und-schaltung/antrieb-und-schaltung-touring
bz.13.05.10,bz.13.05,3,Antrieb & Schaltung – Zubehör,fahrraeder-und-e-bikes/antrieb-und-schaltung/antrieb-und-schaltung-zubehoer
bz.13.06,bz.13,2,Bremsen,fahrraeder-und-e-bikes/bremsen
bz.13.06.01,bz.13.06,3,Bremsen – City,fahrraeder-und-e-bikes/bremsen/bremsen-city
bz.13.06.02,bz.13.06,3,Bremsen – Trekking,fahrraeder-und-e-bikes/bremsen/bremsen-trekking
bz.13.06.03,bz.13.06,3,Bremsen – MTB,fahrraeder-und-e-bikes/bremsen/bremsen-mtb
bz.13.06.04,bz.13.06,3,Bremsen – Rennrad,fahrraeder-und-e-bikes/bremsen/bremsen-rennrad
bz.13.06.05,bz.13.06,3,Bremsen – Cargo,fahrraeder-und-e-bikes/bremsen/bremsen-cargo
bz.13.06.06,bz.13.06,3,Bremsen – Kinder,fahrraeder-und-e-bikes/bremsen/bremsen-kinder
bz.13.06.07,bz.13.06,3,Bremsen – E-Bike,fahrraeder-und-e-bikes/bremsen/bremsen-e-bike
bz.13.06.08,bz.13.06,3,Bremsen – Profi,fahrraeder-und-e-bikes/bremsen/bremsen-profi
bz.13.06.09,bz.13.06,3,Bremsen – Touring,fahrraeder-und-e-bikes/bremsen/bremsen-touring
bz.13.06.10,bz.13.06,3,Bremsen – Zubehör,fahrraeder-und-e-bikes/bremsen/bremsen-zubehoer
bz.13.07,bz.13,2,Laufräder,fahrraeder-und-e-bikes/laufraeder
bz.13.07.01,bz.13.07,3,Laufräder – City,fahrraeder-und-e-bikes/laufraeder/laufraeder-city
bz.13.07.02,bz.13.07,3,Laufräder – Trekking,fahrraeder-und-e-bikes/laufraeder/laufraeder-trekking
bz.13.07.03,bz.13.07,3,Laufräder – MTB,fahrraeder-und-e-bikes/laufraeder/laufraeder-mtb
bz.13.07.04,bz.13.07,3,Laufräder – Rennrad,fahrraeder-und-e-bikes/laufraeder/laufraeder-rennrad
bz.13.07.05,bz.13.07,3,Laufräder – Cargo,fahrraeder-und-e-bikes/laufraeder/laufraeder-cargo
bz.13.07.06,bz.13.07,3,Laufräder – Kinder,fahrraeder-und-e-bikes/laufraeder/laufraeder-kinder
bz.13.07.07,bz.13.07,3,Laufräder – E-Bike,fahrraeder-und-e-bikes/laufraeder/laufraeder-e-bike
bz.13.07.08,bz.13.07,3,Laufräder – Profi,fahrraeder-und-e-bikes/laufraeder/laufraeder-profi
bz.13.07.09,bz.13.07,3,Laufräder – Touring,fahrraeder-und-e-bikes/laufraeder/laufraeder-touring
bz.13.07.10,bz.13.07,3,Laufräder – Zubehör,fahrraeder-und-e-bikes/laufraeder/laufraeder-zubehoer
bz.13.08,bz.13,2,Reifen & Schläuche,fahrraeder-und-e-bikes/reifen-und-schlaeuche
bz.13.08.01,bz.13.08,3,Reifen & Schläuche – City,fahrraeder-und-e-bikes/reifen-und-schlaeuche/reifen-und-schlaeuche-city
bz.13.08.02,bz.13.08,3,Reifen & Schläuche – Trekking,fahrraeder-und-e-bikes/reifen-und-schlaeuche/reifen-und-schlaeuche-trekking
bz.13.08.03,bz.13.08,3,Reifen & Schläuche – MTB,fahrraeder-und-e-bikes/reifen-und-schlaeuche/reifen-und-schlaeuche-mtb
bz.13.08.04,bz.13.08,3,Reifen & Schläuche – Rennrad,fahrraeder-und-e-bikes/reifen-und-schlaeuche/reifen-und-schlaeuche-rennrad
bz.13.08.05,bz.13.08,3,Reifen & Schläuche – Cargo,fahrraeder-und-e-bikes/reifen-und-schlaeuche/reifen-und-schlaeuche-cargo
bz.13.08.06,bz.13.08,3,Reifen & Schläuche – Kinder,fahrraeder-und-e-bikes/reifen-und-schlaeuche/reifen-und-schlaeuche-kinder
bz.13.08.07,bz.13.08,3,Reifen & Schläuche – E-Bike,fahrraeder-und-e-bikes/reifen-und-schlaeuche/reifen-und-schlaeuche-e-bike
bz.13.08.08,bz.13.08,3,Reifen & Schläuche – Profi,fahrraeder-und-e-bikes/reifen-und-schlaeuche/reifen-und-schlaeuche-profi
bz.13.08.09,bz.13.08,3,Reifen & Schläuche – Touring,fahrraeder-und-e-bikes/reifen-und-schlaeuche/reifen-und-schlaeuche-touring
bz.13.08.10,bz.13.08,3,Reifen & Schläuche – Zubehör,fahrraeder-und-e-bikes/reifen-und-schlaeuche/reifen-und-schlaeuche-zubehoer
bz.13.09,bz.13,2,Beleuchtung,fahrraeder-und-e-bikes/beleuchtung
bz.13.09.01,bz.13.09,3,Beleuchtung – City,fahrraeder-und-e-bikes/beleuchtung/beleuchtung-city
bz.13.09.02,bz.13.09,3,Beleuchtung – Trekking,fahrraeder-und-e-bikes/beleuchtung/beleuchtung-trekking
bz.13.09.03,bz.13.09,3,Beleuchtung – MTB,fahrraeder-und-e-bikes/beleuchtung/beleuchtung-mtb
bz.13.09.04,bz.13.09,3,Beleuchtung – Rennrad,fahrraeder-und-e-bikes/beleuchtung/beleuchtung-rennrad
bz.13.09.05,bz.13.09,3,Beleuchtung – Cargo,fahrraeder-und-e-bikes/beleuchtung/beleuchtung-cargo
bz.13.09.06,bz.13.09,3,Beleuchtung – Kinder,fahrraeder-und-e-bikes/beleuchtung/beleuchtung-kinder
bz.13.09.07,bz.13.09,3,Beleuchtung – E-Bike,fahrraeder-und-e-bikes/beleuchtung/beleuchtung-e-bike
bz.13.09.08,bz.13.09,3,Beleuchtung – Profi,fahrraeder-und-e-bikes/beleuchtung/beleuchtung-profi
bz.13.09.09,bz.13.09,3,Beleuchtung – Touring,fahrraeder-und-e-bikes/beleuchtung/beleuchtung-touring
bz.13.09.10,bz.13.09,3,Beleuchtung – Zubehör,fahrraeder-und-e-bikes/beleuchtung/beleuchtung-zubehoer
bz.13.10,bz.13,2,Helme & Schutz,fahrraeder-und-e-bikes/helme-und-schutz
bz.13.10.01,bz.13.10,3,Helme & Schutz – City,fahrraeder-und-e-bikes/helme-und-schutz/helme-und-schutz-city
bz.13.10.02,bz.13.10,3,Helme & Schutz – Trekking,fahrraeder-und-e-bikes/helme-und-schutz/helme-und-schutz-trekking
bz.13.10.03,bz.13.10,3,Helme & Schutz – MTB,fahrraeder-und-e-bikes/helme-und-schutz/helme-und-schutz-mtb
bz.13.10.04,bz.13.10,3,Helme & Schutz – Rennrad,fahrraeder-und-e-bikes/helme-und-schutz/helme-und-schutz-rennrad
bz.13.10.05,bz.13.10,3,Helme & Schutz – Cargo,fahrraeder-und-e-bikes/helme-und-schutz/helme-und-schutz-cargo
bz.13.10.06,bz.13.10,3,Helme & Schutz – Kinder,fahrraeder-und-e-bikes/helme-und-schutz/helme-und-schutz-kinder
bz.13.10.07,bz.13.10,3,Helme & Schutz – E-Bike,fahrraeder-und-e-bikes/helme-und-schutz/helme-und-schutz-e-bike
bz.13.10.08,bz.13.10,3,Helme & Schutz – Profi,fahrraeder-und-e-bikes/helme-und-schutz/helme-und-schutz-profi
bz.13.10.09,bz.13.10,3,Helme & Schutz – Touring,fahrraeder-und-e-bikes/helme-und-schutz/helme-und-schutz-touring
bz.13.10.10,bz.13.10,3,Helme & Schutz – Zubehör,fahrraeder-und-e-bikes/helme-und-schutz/helme-und-schutz-zubehoer
bz.13.11,bz.13,2,Gepäck & Transport,fahrraeder-und-e-bikes/gepaeck-und-transport
bz.13.11.01,bz.13.11,3,Gepäck & Transport – City,fahrraeder-und-e-bikes/gepaeck-und-transport/gepaeck-und-transport-city
bz.13.11.02,bz.13.11,3,Gepäck & Transport – Trekking,fahrraeder-und-e-bikes/gepaeck-und-transport/gepaeck-und-transport-trekking
bz.13.11.03,bz.13.11,3,Gepäck & Transport – MTB,fahrraeder-und-e-bikes/gepaeck-und-transport/gepaeck-und-transport-mtb
bz.13.11.04,bz.13.11,3,Gepäck & Transport – Rennrad,fahrraeder-und-e-bikes/gepaeck-und-transport/gepaeck-und-transport-rennrad
bz.13.11.05,bz.13.11,3,Gepäck & Transport – Cargo,fahrraeder-und-e-bikes/gepaeck-und-transport/gepaeck-und-transport-cargo
bz.13.11.06,bz.13.11,3,Gepäck & Transport – Kinder,fahrraeder-und-e-bikes/gepaeck-und-transport/gepaeck-und-transport-kinder
bz.13.11.07,bz.13.11,3,Gepäck & Transport – E-Bike,fahrraeder-und-e-bikes/gepaeck-und-transport/gepaeck-und-transport-e-bike
bz.13.11.08,bz.13.11,3,Gepäck & Transport – Profi,fahrraeder-und-e-bikes/gepaeck-und-transport/gepaeck-und-transport-profi
bz.13.11.09,bz.13.11,3,Gepäck & Transport – Touring,fahrraeder-und-e-bikes/gepaeck-und-transport/gepaeck-und-transport-touring
bz.13.11.10,bz.13.11,3,Gepäck & Transport – Zubehör,fahrraeder-und-e-bikes/gepaeck-und-transport/gepaeck-und-transport-zubehoer
bz.13.12,bz.13,2,Werkzeug & Pflege,fahrraeder-und-e-bikes/werkzeug-und-pflege
bz.13.12.01,bz.13.12,3,Werkzeug & Pflege – City,fahrraeder-und-e-bikes/werkzeug-und-pflege/werkzeug-und-pflege-city
bz.13.12.02,bz.13.12,3,Werkzeug & Pflege – Trekking,fahrraeder-und-e-bikes/werkzeug-und-pflege/werkzeug-und-pflege-trekking
bz.13.12.03,bz.13.12,3,Werkzeug & Pflege – MTB,fahrraeder-und-e-bikes/werkzeug-und-pflege/werkzeug-und-pflege-mtb
bz.13.12.04,bz.13.12,3,Werkzeug & Pflege – Rennrad,fahrraeder-und-e-bikes/werkzeug-und-pflege/werkzeug-und-pflege-rennrad
bz.13.12.05,bz.13.12,3,Werkzeug & Pflege – Cargo,fahrraeder-und-e-bikes/werkzeug-und-pflege/werkzeug-und-pflege-cargo
bz.13.12.06,bz.13.12,3,Werkzeug & Pflege – Kinder,fahrraeder-und-e-bikes/werkzeug-und-pflege/werkzeug-und-pflege-kinder
bz.13.12.07,bz.13.12,3,Werkzeug & Pflege – E-Bike,fahrraeder-und-e-bikes/werkzeug-und-pflege/werkzeug-und-pflege-e-bike
bz.13.12.08,bz.13.12,3,Werkzeug & Pflege – Profi,fahrraeder-und-e-bikes/werkzeug-und-pflege/werkzeug-und-pflege-profi
bz.13.12.09,bz.13.12,3,Werkzeug & Pflege – Touring,fahrraeder-und-e-bikes/werkzeug-und-pflege/werkzeug-und-pflege-touring
bz.13.12.10,bz.13.12,3,Werkzeug & Pflege – Zubehör,fahrraeder-und-e-bikes/werkzeug-und-pflege/werkzeug-und-pflege-zubehoer
bz.14,,1,Haustier,haustier
bz.14.01,bz.14,2,Hunde,haustier/hunde
bz.14.01.01,bz.14.01,3,Hunde – Hund,haustier/hunde/hunde-hund
bz.14.01.02,bz.14.01,3,Hunde – Katze,haustier/hunde/hunde-katze
bz.14.01.03,bz.14.01,3,Hunde – Vogel,haustier/hunde/hunde-vogel
bz.14.01.04,bz.14.01,3,Hunde – Kleintier,haustier/hunde/hunde-kleintier
bz.14.01.05,bz.14.01,3,Hunde – Aquarium,haustier/hunde/hunde-aquarium
bz.14.01.06,bz.14.01,3,Hunde – Terrarium,haustier/hunde/hunde-terrarium
bz.14.01.07,bz.14.01,3,Hunde – Pferd,haustier/hunde/hunde-pferd
bz.14.01.08,bz.14.01,3,Hunde – Profi,haustier/hunde/hunde-profi
bz.14.01.09,bz.14.01,3,Hunde – Natur,haustier/hunde/hunde-natur
bz.14.01.10,bz.14.01,3,Hunde – Zubehör,haustier/hunde/hunde-zubehoer
bz.14.02,bz.14,2,Katzen,haustier/katzen
bz.14.02.01,bz.14.02,3,Katzen – Hund,haustier/katzen/katzen-hund
bz.14.02.02,bz.14.02,3,Katzen – Katze,haustier/katzen/katzen-katze
bz.14.02.03,bz.14.02,3,Katzen – Vogel,haustier/katzen/katzen-vogel
bz.14.02.04,bz.14.02,3,Katzen – Kleintier,haustier/katzen/katzen-kleintier
bz.14.02.05,bz.14.02,3,Katzen – Aquarium,haustier/katzen/katzen-aquarium
bz.14.02.06,bz.14.02,3,Katzen – Terrarium,haustier/katzen/katzen-terrarium
bz.14.02.07,bz.14.02,3,Katzen – Pferd,haustier/katzen/katzen-pferd
bz.14.02.08,bz.14.02,3,Katzen – Profi,haustier/katzen/katzen-profi
bz.14.02.09,bz.14.02,3,Katzen – Natur,haustier/katzen/katzen-natur
bz.14.02.10,bz.14.02,3,Katzen – Zubehör,haustier/katzen/katzen-zubehoer
bz.14.03,bz.14,2,Vögel,haustier/voegel
bz.14.03.01,bz.14.03,3,Vögel – Hund,haustier/voegel/voegel-hund
bz.14.03.02,bz.14.03,3,Vögel – Katze,haustier/voegel/voegel-katze
bz.14.03.03,bz.14.03,3,Vögel – Vogel,haustier/voegel/voegel-vogel
bz.14.03.04,bz.14.03,3,Vögel – Kleintier,haustier/voegel/voegel-kleintier
bz.14.03.05,bz.14.03,3,Vögel – Aquarium,haustier/voegel/voegel-aquarium
bz.14.03.06,bz.14.03,3,Vögel – Terrarium,haustier/voegel/voegel-terrarium
bz.14.03.07,bz.14.03,3,Vögel – Pferd,haustier/voegel/voegel-pferd
bz.14.03.08,bz.14.03,3,Vögel – Profi,haustier/voegel/voegel-profi
bz.14.03.09,bz.14.03,3,Vögel – Natur,haustier/voegel/voegel-natur
bz.14.03.10,bz.14.03,3,Vögel – Zubehör,haustier/voegel/voegel-zubehoer
bz.14.04,bz.14,2,Kleinsäuger,haustier/kleinsaeuger
bz.14.04.01,bz.14.04,3,Kleinsäuger – Hund,haustier/kleinsaeuger/kleinsaeuger-hund
bz.14.04.02,bz.14.04,3,Kleinsäuger – Katze,haustier/kleinsaeuger/kleinsaeuger-katze
bz.14.04.03,bz.14.04,3,Kleinsäuger – Vogel,haustier/kleinsaeuger/kleinsaeuger-vogel
bz.14.04.04,bz.14.04,3,Kleinsäuger – Kleintier,haustier/kleinsaeuger/kleinsaeuger-kleintier
bz.14.04.05,bz.14.04,3,Kleinsäuger – Aquarium,haustier/kleinsaeuger/kleinsaeuger-aquarium
bz.14.04.06,bz.14.04,3,Kleinsäuger – Terrarium,haustier/kleinsaeuger/kleinsaeuger-terrarium
bz.14.04.07,bz.14.04,3,Kleinsäuger – Pferd,haustier/kleinsaeuger/kleinsaeuger-pferd
bz.14.04.08,bz.14.04,3,Kleinsäuger – Profi,haustier/kleinsaeuger/kleinsaeuger-profi
bz.14.04.09,bz.14.04,3,Kleinsäuger – Natur,haustier/kleinsaeuger/kleinsaeuger-natur
bz.14.04.10,bz.14.04,3,Kleinsäuger – Zubehör,haustier/kleinsaeuger/kleinsaeuger-zubehoer
bz.14.05,bz.14,2,Aquaristik,haustier/aquaristik
bz.14.05.01,bz.14.05,3,Aquaristik – Hund,haustier/aquaristik/aquaristik-hund
bz.14.05.02,bz.14.05,3,Aquaristik – Katze,haustier/aquaristik/aquaristik-katze
bz.14.05.03,bz.14.05,3,Aquaristik – Vogel,haustier/aquaristik/aquaristik-vogel
bz.14.05.04,bz.14.05,3,Aquaristik – Kleintier,haustier/aquaristik/aquaristik-kleintier
bz.14.05.05,bz.14.05,3,Aquaristik – Aquarium,haustier/aquaristik/aquaristik-aquarium
bz.14.05.06,bz.14.05,3,Aquaristik – Terrarium,haustier/aquaristik/aquaristik-terrarium
bz.14.05.07,bz.14.05,3,Aquaristik – Pferd,haustier/aquaristik/aquaristik-pferd
bz.14.05.08,bz.14.05,3,Aquaristik – Profi,haustier/aquaristik/aquaristik-profi
bz.14.05.09,bz.14.05,3,Aquaristik – Natur,haustier/aquaristik/aquaristik-natur
bz.14.05.10,bz.14.05,3,Aquaristik – Zubehör,haustier/aquaristik/aquaristik-zubehoer
bz.14.06,bz.14,2,Terraristik,haustier/terraristik
bz.14.06.01,bz.14.06,3,Terraristik – Hund,haustier/terraristik/terraristik-hund
bz.14.06.02,bz.14.06,3,Terraristik – Katze,haustier/terraristik/terraristik-katze
bz.14.06.03,bz.14.06,3,Terraristik – Vogel,haustier/terraristik/terraristik-vogel
bz.14.06.04,bz.14.06,3,Terraristik – Kleintier,haustier/terraristik/terraristik-kleintier
bz.14.06.05,bz.14.06,3,Terraristik – Aquarium,haustier/terraristik/terraristik-aquarium
bz.14.06.06,bz.14.06,3,Terraristik – Terrarium,haustier/terraristik/terraristik-terrarium
bz.14.06.07,bz.14.06,3,Terraristik – Pferd,haustier/terraristik/terraristik-pferd
bz.14.06.08,bz.14.06,3,Terraristik – Profi,haustier/terraristik/terraristik-profi
bz.14.06.09,bz.14.06,3,Terraristik – Natur,haustier/terraristik/terraristik-natur
bz.14.06.10,bz.14.06,3,Terraristik – Zubehör,haustier/terraristik/terraristik-zubehoer
bz.14.07,bz.14,2,Pferd,haustier/pferd
bz.14.07.01,bz.14.07,3,Pferd – Hund,haustier/pferd/pferd-hund
bz.14.07.02,bz.14.07,3,Pferd – Katze,haustier/pferd/pferd-katze
bz.14.07.03,bz.14.07,3,Pferd – Vogel,haustier/pferd/pferd-vogel
bz.14.07.04,bz.14.07,3,Pferd – Kleintier,haustier/pferd/pferd-kleintier
bz.14.07.05,bz.14.07,3,Pferd – Aquarium,haustier/pferd/pferd-aquarium
bz.14.07.06,bz.14.07,3,Pferd – Terrarium,haustier/pferd/pferd-terrarium
bz.14.07.07,bz.14.07,3,Pferd – Pferd,haustier/pferd/pferd-pferd
bz.14.07.08,bz.14.07,3,Pferd – Profi,haustier/pferd/pferd-profi
bz.14.07.09,bz.14.07,3,Pferd – Natur,haustier/pferd/pferd-natur
bz.14.07.10,bz.14.07,3,Pferd – Zubehör,haustier/pferd/pferd-zubehoer
bz.14.08,bz.14,2,Futter,haustier/futter
bz.14.08.01,bz.14.08,3,Futter – Hund,haustier/futter/futter-hund
bz.14.08.02,bz.14.08,3,Futter – Katze,haustier/futter/futter-katze
bz.14.08.03,bz.14.08,3,Futter – Vogel,haustier/futter/futter-vogel
bz.14.08.04,bz.14.08,3,Futter – Kleintier,haustier/futter/futter-kleintier
bz.14.08.05,bz.14.08,3,Futter – Aquarium,haustier/futter/futter-aquarium
bz.14.08.06,bz.14.08,3,Futter – Terrarium,haustier/futter/futter-terrarium
bz.14.08.07,bz.14.08,3,Futter – Pferd,haustier/futter/futter-pferd
bz.14.08.08,bz.14.08,3,Futter – Profi,haustier/futter/futter-profi
bz.14.08.09,bz.14.08,3,Futter – Natur,haustier/futter/futter-natur
bz.14.08.10,bz.14.08,3,Futter – Zubehör,haustier/futter/futter-zubehoer
bz.14.09,bz.14,2,Pflege,haustier/pflege
bz.14.09.01,bz.14.09,3,Pflege – Hund,haustier/pflege/pflege-hund
bz.14.09.02,bz.14.09,3,Pflege – Katze,haustier/pflege/pflege-katze
bz.14.09.03,bz.14.09,3,Pflege – Vogel,haustier/pflege/pflege-vogel
bz.14.09.04,bz.14.09,3,Pflege – Kleintier,haustier/pflege/pflege-kleintier
bz.14.09.05,bz.14.09,3,Pflege – Aquarium,haustier/pflege/pflege-aquarium
bz.14.09.06,bz.14.09,3,Pflege – Terrarium,haustier/pflege/pflege-terrarium
bz.14.09.07,bz.14.09,3,Pflege – Pferd,haustier/pflege/pflege-pferd
bz.14.09.08,bz.14.09,3,Pflege – Profi,haustier/pflege/pflege-profi
bz.14.09.09,bz.14.09,3,Pflege – Natur,haustier/pflege/pflege-natur
bz.14.09.10,bz.14.09,3,Pflege – Zubehör,haustier/pflege/pflege-zubehoer
bz.14.10,bz.14,2,Transport,haustier/transport
bz.14.10.01,bz.14.10,3,Transport – Hund,haustier/transport/transport-hund
bz.14.10.02,bz.14.10,3,Transport – Katze,haustier/transport/transport-katze
bz.14.10.03,bz.14.10,3,Transport – Vogel,haustier/transport/transport-vogel
bz.14.10.04,bz.14.10,3,Transport – Kleintier,haustier/transport/transport-kleintier
bz.14.10.05,bz.14.10,3,Transport – Aquarium,haustier/transport/transport-aquarium
bz.14.10.06,bz.14.10,3,Transport – Terrarium,haustier/transport/transport-terrarium
bz.14.10.07,bz.14.10,3,Transport – Pferd,haustier/transport/transport-pferd
bz.14.10.08,bz.14.10,3,Transport – Profi,haustier/transport/transport-profi
bz.14.10.09,bz.14.10,3,Transport – Natur,haustier/transport/transport-natur
bz.14.10.10,bz.14.10,3,Transport – Zubehör,haustier/transport/transport-zubehoer
bz.14.11,bz.14,2,Spielzeug,haustier/spielzeug
bz.14.11.01,bz.14.11,3,Spielzeug – Hund,haustier/spielzeug/spielzeug-hund
bz.14.11.02,bz.14.11,3,Spielzeug – Katze,haustier/spielzeug/spielzeug-katze
bz.14.11.03,bz.14.11,3,Spielzeug – Vogel,haustier/spielzeug/spielzeug-vogel
bz.14.11.04,bz.14.11,3,Spielzeug – Kleintier,haustier/spielzeug/spielzeug-kleintier
bz.14.11.05,bz.14.11,3,Spielzeug – Aquarium,haustier/spielzeug/spielzeug-aquarium
bz.14.11.06,bz.14.11,3,Spielzeug – Terrarium,haustier/spielzeug/spielzeug-terrarium
bz.14.11.07,bz.14.11,3,Spielzeug – Pferd,haustier/spielzeug/spielzeug-pferd
bz.14.11.08,bz.14.11,3,Spielzeug – Profi,haustier/spielzeug/spielzeug-profi
bz.14.11.09,bz.14.11,3,Spielzeug – Natur,haustier/spielzeug/spielzeug-natur
bz.14.11.10,bz.14.11,3,Spielzeug – Zubehör,haustier/spielzeug/spielzeug-zubehoer
bz.14.12,bz.14,2,Tiergesundheit & Hygiene,haustier/tiergesundheit-und-hygiene
bz.14.12.01,bz.14.12,3,Tiergesundheit & Hygiene – Hund,haustier/tiergesundheit-und-hygiene/tiergesundheit-und-hygiene-hund
bz.14.12.02,bz.14.12,3,Tiergesundheit & Hygiene – Katze,haustier/tiergesundheit-und-hygiene/tiergesundheit-und-hygiene-katze
bz.14.12.03,bz.14.12,3,Tiergesundheit & Hygiene – Vogel,haustier/tiergesundheit-und-hygiene/tiergesundheit-und-hygiene-vogel
bz.14.12.04,bz.14.12,3,Tiergesundheit & Hygiene – Kleintier,haustier/tiergesundheit-und-hygiene/tiergesundheit-und-hygiene-kleintier
bz.14.12.05,bz.14.12,3,Tiergesundheit & Hygiene – Aquarium,haustier/tiergesundheit-und-hygiene/tiergesundheit-und-hygiene-aquarium
bz.14.12.06,bz.14.12,3,Tiergesundheit & Hygiene – Terrarium,haustier/tiergesundheit-und-hygiene/tiergesundheit-und-hygiene-terrarium
bz.14.12.07,bz.14.12,3,Tiergesundheit & Hygiene – Pferd,haustier/tiergesundheit-und-hygiene/tiergesundheit-und-hygiene-pferd
bz.14.12.08,bz.14.12,3,Tiergesundheit & Hygiene – Profi,haustier/tiergesundheit-und-hygiene/tiergesundheit-und-hygiene-profi
bz.14.12.09,bz.14.12,3,Tiergesundheit & Hygiene – Natur,haustier/tiergesundheit-und-hygiene/tiergesundheit-und-hygiene-natur
bz.14.12.10,bz.14.12,3,Tiergesundheit & Hygiene – Zubehör,haustier/tiergesundheit-und-hygiene/tiergesundheit-und-hygiene-zubehoer
bz.15,,1,Baby & Kind,baby-und-kind
bz.15.01,bz.15,2,Baby-Erstausstattung,baby-und-kind/baby-erstausstattung
bz.15.01.01,bz.15.01,3,Baby-Erstausstattung – Neugeborene,baby-und-kind/baby-erstausstattung/baby-erstausstattung-neugeborene
bz.15.01.02,bz.15.01,3,Baby-Erstausstattung – Baby,baby-und-kind/baby-erstausstattung/baby-erstausstattung-baby
bz.15.01.03,bz.15.01,3,Baby-Erstausstattung – Kleinkind,baby-und-kind/baby-erstausstattung/baby-erstausstattung-kleinkind
bz.15.01.04,bz.15.01,3,Baby-Erstausstattung – Kind,baby-und-kind/baby-erstausstattung/baby-erstausstattung-kind
bz.15.01.05,bz.15.01,3,Baby-Erstausstattung – Schule,baby-und-kind/baby-erstausstattung/baby-erstausstattung-schule
bz.15.01.06,bz.15.01,3,Baby-Erstausstattung – Outdoor,baby-und-kind/baby-erstausstattung/baby-erstausstattung-outdoor
bz.15.01.07,bz.15.01,3,Baby-Erstausstattung – Reise,baby-und-kind/baby-erstausstattung/baby-erstausstattung-reise
bz.15.01.08,bz.15.01,3,Baby-Erstausstattung – Sicherheit,baby-und-kind/baby-erstausstattung/baby-erstausstattung-sicherheit
bz.15.01.09,bz.15.01,3,Baby-Erstausstattung – Geschenk,baby-und-kind/baby-erstausstattung/baby-erstausstattung-geschenk
bz.15.01.10,bz.15.01,3,Baby-Erstausstattung – Zubehör,baby-und-kind/baby-erstausstattung/baby-erstausstattung-zubehoer
bz.15.02,bz.15,2,Kinderwagen,baby-und-kind/kinderwagen
bz.15.02.01,bz.15.02,3,Kinderwagen – Neugeborene,baby-und-kind/kinderwagen/kinderwagen-neugeborene
bz.15.02.02,bz.15.02,3,Kinderwagen – Baby,baby-und-kind/kinderwagen/kinderwagen-baby
bz.15.02.03,bz.15.02,3,Kinderwagen – Kleinkind,baby-und-kind/kinderwagen/kinderwagen-kleinkind
bz.15.02.04,bz.15.02,3,Kinderwagen – Kind,baby-und-kind/kinderwagen/kinderwagen-kind
bz.15.02.05,bz.15.02,3,Kinderwagen – Schule,baby-und-kind/kinderwagen/kinderwagen-schule
bz.15.02.06,bz.15.02,3,Kinderwagen – Outdoor,baby-und-kind/kinderwagen/kinderwagen-outdoor
bz.15.02.07,bz.15.02,3,Kinderwagen – Reise,baby-und-kind/kinderwagen/kinderwagen-reise
bz.15.02.08,bz.15.02,3,Kinderwagen – Sicherheit,baby-und-kind/kinderwagen/kinderwagen-sicherheit
bz.15.02.09,bz.15.02,3,Kinderwagen – Geschenk,baby-und-kind/kinderwagen/kinderwagen-geschenk
bz.15.02.10,bz.15.02,3,Kinderwagen – Zubehör,baby-und-kind/kinderwagen/kinderwagen-zubehoer
bz.15.03,bz.15,2,Autositze,baby-und-kind/autositze
bz.15.03.01,bz.15.03,3,Autositze – Neugeborene,baby-und-kind/autositze/autositze-neugeborene
bz.15.03.02,bz.15.03,3,Autositze – Baby,baby-und-kind/autositze/autositze-baby
bz.15.03.03,bz.15.03,3,Autositze – Kleinkind,baby-und-kind/autositze/autositze-kleinkind
bz.15.03.04,bz.15.03,3,Autositze – Kind,baby-und-kind/autositze/autositze-kind
bz.15.03.05,bz.15.03,3,Autositze – Schule,baby-und-kind/autositze/autositze-schule
bz.15.03.06,bz.15.03,3,Autositze – Outdoor,baby-und-kind/autositze/autositze-outdoor
bz.15.03.07,bz.15.03,3,Autositze – Reise,baby-und-kind/autositze/autositze-reise
bz.15.03.08,bz.15.03,3,Autositze – Sicherheit,baby-und-kind/autositze/autositze-sicherheit
bz.15.03.09,bz.15.03,3,Autositze – Geschenk,baby-und-kind/autositze/autositze-geschenk
bz.15.03.10,bz.15.03,3,Autositze – Zubehör,baby-und-kind/autositze/autositze-zubehoer
bz.15.04,bz.15,2,Tragen,baby-und-kind/tragen
bz.15.04.01,bz.15.04,3,Tragen – Neugeborene,baby-und-kind/tragen/tragen-neugeborene
bz.15.04.02,bz.15.04,3,Tragen – Baby,baby-und-kind/tragen/tragen-baby
bz.15.04.03,bz.15.04,3,Tragen – Kleinkind,baby-und-kind/tragen/tragen-kleinkind
bz.15.04.04,bz.15.04,3,Tragen – Kind,baby-und-kind/tragen/tragen-kind
bz.15.04.05,bz.15.04,3,Tragen – Schule,baby-und-kind/tragen/tragen-schule
bz.15.04.06,bz.15.04,3,Tragen – Outdoor,baby-und-kind/tragen/tragen-outdoor
bz.15.04.07,bz.15.04,3,Tragen – Reise,baby-und-kind/tragen/tragen-reise
bz.15.04.08,bz.15.04,3,Tragen – Sicherheit,baby-und-kind/tragen/tragen-sicherheit
bz.15.04.09,bz.15.04,3,Tragen – Geschenk,baby-und-kind/tragen/tragen-geschenk
bz.15.04.10,bz.15.04,3,Tragen – Zubehör,baby-und-kind/tragen/tragen-zubehoer
bz.15.05,bz.15,2,Wickeln,baby-und-kind/wickeln
bz.15.05.01,bz.15.05,3,Wickeln – Neugeborene,baby-und-kind/wickeln/wickeln-neugeborene
bz.15.05.02,bz.15.05,3,Wickeln – Baby,baby-und-kind/wickeln/wickeln-baby
bz.15.05.03,bz.15.05,3,Wickeln – Kleinkind,baby-und-kind/wickeln/wickeln-kleinkind
bz.15.05.04,bz.15.05,3,Wickeln – Kind,baby-und-kind/wickeln/wickeln-kind
bz.15.05.05,bz.15.05,3,Wickeln – Schule,baby-und-kind/wickeln/wickeln-schule
bz.15.05.06,bz.15.05,3,Wickeln – Outdoor,baby-und-kind/wickeln/wickeln-outdoor
bz.15.05.07,bz.15.05,3,Wickeln – Reise,baby-und-kind/wickeln/wickeln-reise
bz.15.05.08,bz.15.05,3,Wickeln – Sicherheit,baby-und-kind/wickeln/wickeln-sicherheit
bz.15.05.09,bz.15.05,3,Wickeln – Geschenk,baby-und-kind/wickeln/wickeln-geschenk
bz.15.05.10,bz.15.05,3,Wickeln – Zubehör,baby-und-kind/wickeln/wickeln-zubehoer
bz.15.06,bz.15,2,Füttern,baby-und-kind/fuettern
bz.15.06.01,bz.15.06,3,Füttern – Neugeborene,baby-und-kind/fuettern/fuettern-neugeborene
bz.15.06.02,bz.15.06,3,Füttern – Baby,baby-und-kind/fuettern/fuettern-baby
bz.15.06.03,bz.15.06,3,Füttern – Kleinkind,baby-und-kind/fuettern/fuettern-kleinkind
bz.15.06.04,bz.15.06,3,Füttern – Kind,baby-und-kind/fuettern/fuettern-kind
bz.15.06.05,bz.15.06,3,Füttern – Schule,baby-und-kind/fuettern/fuettern-schule
bz.15.06.06,bz.15.06,3,Füttern – Outdoor,baby-und-kind/fuettern/fuettern-outdoor
bz.15.06.07,bz.15.06,3,Füttern – Reise,baby-und-kind/fuettern/fuettern-reise
bz.15.06.08,bz.15.06,3,Füttern – Sicherheit,baby-und-kind/fuettern/fuettern-sicherheit
bz.15.06.09,bz.15.06,3,Füttern – Geschenk,baby-und-kind/fuettern/fuettern-geschenk
bz.15.06.10,bz.15.06,3,Füttern – Zubehör,baby-und-kind/fuettern/fuettern-zubehoer
bz.15.07,bz.15,2,Babykleidung,baby-und-kind/babykleidung
bz.15.07.01,bz.15.07,3,Babykleidung – Neugeborene,baby-und-kind/babykleidung/babykleidung-neugeborene
bz.15.07.02,bz.15.07,3,Babykleidung – Baby,baby-und-kind/babykleidung/babykleidung-baby
bz.15.07.03,bz.15.07,3,Babykleidung – Kleinkind,baby-und-kind/babykleidung/babykleidung-kleinkind
bz.15.07.04,bz.15.07,3,Babykleidung – Kind,baby-und-kind/babykleidung/babykleidung-kind
bz.15.07.05,bz.15.07,3,Babykleidung – Schule,baby-und-kind/babykleidung/babykleidung-schule
bz.15.07.06,bz.15.07,3,Babykleidung – Outdoor,baby-und-kind/babykleidung/babykleidung-outdoor
bz.15.07.07,bz.15.07,3,Babykleidung – Reise,baby-und-kind/babykleidung/babykleidung-reise
bz.15.07.08,bz.15.07,3,Babykleidung – Sicherheit,baby-und-kind/babykleidung/babykleidung-sicherheit
bz.15.07.09,bz.15.07,3,Babykleidung – Geschenk,baby-und-kind/babykleidung/babykleidung-geschenk
bz.15.07.10,bz.15.07,3,Babykleidung – Zubehör,baby-und-kind/babykleidung/babykleidung-zubehoer
bz.15.08,bz.15,2,Kinderzimmer,baby-und-kind/kinderzimmer
bz.15.08.01,bz.15.08,3,Kinderzimmer – Neugeborene,baby-und-kind/kinderzimmer/kinderzimmer-neugeborene
bz.15.08.02,bz.15.08,3,Kinderzimmer – Baby,baby-und-kind/kinderzimmer/kinderzimmer-baby
bz.15.08.03,bz.15.08,3,Kinderzimmer – Kleinkind,baby-und-kind/kinderzimmer/kinderzimmer-kleinkind
bz.15.08.04,bz.15.08,3,Kinderzimmer – Kind,baby-und-kind/kinderzimmer/kinderzimmer-kind
bz.15.08.05,bz.15.08,3,Kinderzimmer – Schule,baby-und-kind/kinderzimmer/kinderzimmer-schule
bz.15.08.06,bz.15.08,3,Kinderzimmer – Outdoor,baby-und-kind/kinderzimmer/kinderzimmer-outdoor
bz.15.08.07,bz.15.08,3,Kinderzimmer – Reise,baby-und-kind/kinderzimmer/kinderzimmer-reise
bz.15.08.08,bz.15.08,3,Kinderzimmer – Sicherheit,baby-und-kind/kinderzimmer/kinderzimmer-sicherheit
bz.15.08.09,bz.15.08,3,Kinderzimmer – Geschenk,baby-und-kind/kinderzimmer/kinderzimmer-geschenk
bz.15.08.10,bz.15.08,3,Kinderzimmer – Zubehör,baby-und-kind/kinderzimmer/kinderzimmer-zubehoer
bz.15.09,bz.15,2,Babyphones,baby-und-kind/babyphones
bz.15.09.01,bz.15.09,3,Babyphones – Neugeborene,baby-und-kind/babyphones/babyphones-neugeborene
bz.15.09.02,bz.15.09,3,Babyphones – Baby,baby-und-kind/babyphones/babyphones-baby
bz.15.09.03,bz.15.09,3,Babyphones – Kleinkind,baby-und-kind/babyphones/babyphones-kleinkind
bz.15.09.04,bz.15.09,3,Babyphones – Kind,baby-und-kind/babyphones/babyphones-kind
bz.15.09.05,bz.15.09,3,Babyphones – Schule,baby-und-kind/babyphones/babyphones-schule
bz.15.09.06,bz.15.09,3,Babyphones – Outdoor,baby-und-kind/babyphones/babyphones-outdoor
bz.15.09.07,bz.15.09,3,Babyphones – Reise,baby-und-kind/babyphones/babyphones-reise
bz.15.09.08,bz.15.09,3,Babyphones – Sicherheit,baby-und-kind/babyphones/babyphones-sicherheit
bz.15.09.09,bz.15.09,3,Babyphones – Geschenk,baby-und-kind/babyphones/babyphones-geschenk
bz.15.09.10,bz.15.09,3,Babyphones – Zubehör,baby-und-kind/babyphones/babyphones-zubehoer
bz.15.10,bz.15,2,Spielzeug,baby-und-kind/spielzeug
bz.15.10.01,bz.15.10,3,Spielzeug – Neugeborene,baby-und-kind/spielzeug/spielzeug-neugeborene
bz.15.10.02,bz.15.10,3,Spielzeug – Baby,baby-und-kind/spielzeug/spielzeug-baby
bz.15.10.03,bz.15.10,3,Spielzeug – Kleinkind,baby-und-kind/spielzeug/spielzeug-kleinkind
bz.15.10.04,bz.15.10,3,Spielzeug – Kind,baby-und-kind/spielzeug/spielzeug-kind
bz.15.10.05,bz.15.10,3,Spielzeug – Schule,baby-und-kind/spielzeug/spielzeug-schule
bz.15.10.06,bz.15.10,3,Spielzeug – Outdoor,baby-und-kind/spielzeug/spielzeug-outdoor
bz.15.10.07,bz.15.10,3,Spielzeug – Reise,baby-und-kind/spielzeug/spielzeug-reise
bz.15.10.08,bz.15.10,3,Spielzeug – Sicherheit,baby-und-kind/spielzeug/spielzeug-sicherheit
bz.15.10.09,bz.15.10,3,Spielzeug – Geschenk,baby-und-kind/spielzeug/spielzeug-geschenk
bz.15.10.10,bz.15.10,3,Spielzeug – Zubehör,baby-und-kind/spielzeug/spielzeug-zubehoer
bz.15.11,bz.15,2,Schule & Einschulung,baby-und-kind/schule-und-einschulung
bz.15.11.01,bz.15.11,3,Schule & Einschulung – Neugeborene,baby-und-kind/schule-und-einschulung/schule-und-einschulung-neugeborene
bz.15.11.02,bz.15.11,3,Schule & Einschulung – Baby,baby-und-kind/schule-und-einschulung/schule-und-einschulung-baby
bz.15.11.03,bz.15.11,3,Schule & Einschulung – Kleinkind,baby-und-kind/schule-und-einschulung/schule-und-einschulung-kleinkind
bz.15.11.04,bz.15.11,3,Schule & Einschulung – Kind,baby-und-kind/schule-und-einschulung/schule-und-einschulung-kind
bz.15.11.05,bz.15.11,3,Schule & Einschulung – Schule,baby-und-kind/schule-und-einschulung/schule-und-einschulung-schule
bz.15.11.06,bz.15.11,3,Schule & Einschulung – Outdoor,baby-und-kind/schule-und-einschulung/schule-und-einschulung-outdoor
bz.15.11.07,bz.15.11,3,Schule & Einschulung – Reise,baby-und-kind/schule-und-einschulung/schule-und-einschulung-reise
bz.15.11.08,bz.15.11,3,Schule & Einschulung – Sicherheit,baby-und-kind/schule-und-einschulung/schule-und-einschulung-sicherheit
bz.15.11.09,bz.15.11,3,Schule & Einschulung – Geschenk,baby-und-kind/schule-und-einschulung/schule-und-einschulung-geschenk
bz.15.11.10,bz.15.11,3,Schule & Einschulung – Zubehör,baby-und-kind/schule-und-einschulung/schule-und-einschulung-zubehoer
bz.15.12,bz.15,2,Kinderpflege,baby-und-kind/kinderpflege
bz.15.12.01,bz.15.12,3,Kinderpflege – Neugeborene,baby-und-kind/kinderpflege/kinderpflege-neugeborene
bz.15.12.02,bz.15.12,3,Kinderpflege – Baby,baby-und-kind/kinderpflege/kinderpflege-baby
bz.15.12.03,bz.15.12,3,Kinderpflege – Kleinkind,baby-und-kind/kinderpflege/kinderpflege-kleinkind
bz.15.12.04,bz.15.12,3,Kinderpflege – Kind,baby-und-kind/kinderpflege/kinderpflege-kind
bz.15.12.05,bz.15.12,3,Kinderpflege – Schule,baby-und-kind/kinderpflege/kinderpflege-schule
bz.15.12.06,bz.15.12,3,Kinderpflege – Outdoor,baby-und-kind/kinderpflege/kinderpflege-outdoor
bz.15.12.07,bz.15.12,3,Kinderpflege – Reise,baby-und-kind/kinderpflege/kinderpflege-reise
bz.15.12.08,bz.15.12,3,Kinderpflege – Sicherheit,baby-und-kind/kinderpflege/kinderpflege-sicherheit
bz.15.12.09,bz.15.12,3,Kinderpflege – Geschenk,baby-und-kind/kinderpflege/kinderpflege-geschenk
bz.15.12.10,bz.15.12,3,Kinderpflege – Zubehör,baby-und-kind/kinderpflege/kinderpflege-zubehoer
bz.16,,1,Gaming & Spielzeug,gaming-und-spielzeug
bz.16.01,bz.16,2,Bau & Konstruktionsspielzeug,gaming-und-spielzeug/bau-und-konstruktionsspielzeug
bz.16.01.01,bz.16.01,3,Bau & Konstruktionsspielzeug – Baby,gaming-und-spielzeug/bau-und-konstruktionsspielzeug/bau-und-konstruktionsspielzeug-baby
bz.16.01.02,bz.16.01,3,Bau & Konstruktionsspielzeug – Kinder,gaming-und-spielzeug/bau-und-konstruktionsspielzeug/bau-und-konstruktionsspielzeug-kinder
bz.16.01.03,bz.16.01,3,Bau & Konstruktionsspielzeug – Jugendliche,gaming-und-spielzeug/bau-und-konstruktionsspielzeug/bau-und-konstruktionsspielzeug-jugendliche
bz.16.01.04,bz.16.01,3,Bau & Konstruktionsspielzeug – Erwachsene,gaming-und-spielzeug/bau-und-konstruktionsspielzeug/bau-und-konstruktionsspielzeug-erwachsene
bz.16.01.05,bz.16.01,3,Bau & Konstruktionsspielzeug – Familie,gaming-und-spielzeug/bau-und-konstruktionsspielzeug/bau-und-konstruktionsspielzeug-familie
bz.16.01.06,bz.16.01,3,Bau & Konstruktionsspielzeug – Pro,gaming-und-spielzeug/bau-und-konstruktionsspielzeug/bau-und-konstruktionsspielzeug-pro
bz.16.01.07,bz.16.01,3,Bau & Konstruktionsspielzeug – Sammler,gaming-und-spielzeug/bau-und-konstruktionsspielzeug/bau-und-konstruktionsspielzeug-sammler
bz.16.01.08,bz.16.01,3,Bau & Konstruktionsspielzeug – Outdoor,gaming-und-spielzeug/bau-und-konstruktionsspielzeug/bau-und-konstruktionsspielzeug-outdoor
bz.16.01.09,bz.16.01,3,Bau & Konstruktionsspielzeug – Digital,gaming-und-spielzeug/bau-und-konstruktionsspielzeug/bau-und-konstruktionsspielzeug-digital
bz.16.01.10,bz.16.01,3,Bau & Konstruktionsspielzeug – Zubehör,gaming-und-spielzeug/bau-und-konstruktionsspielzeug/bau-und-konstruktionsspielzeug-zubehoer
bz.16.02,bz.16,2,Fahrzeuge,gaming-und-spielzeug/fahrzeuge
bz.16.02.01,bz.16.02,3,Fahrzeuge – Baby,gaming-und-spielzeug/fahrzeuge/fahrzeuge-baby
bz.16.02.02,bz.16.02,3,Fahrzeuge – Kinder,gaming-und-spielzeug/fahrzeuge/fahrzeuge-kinder
bz.16.02.03,bz.16.02,3,Fahrzeuge – Jugendliche,gaming-und-spielzeug/fahrzeuge/fahrzeuge-jugendliche
bz.16.02.04,bz.16.02,3,Fahrzeuge – Erwachsene,gaming-und-spielzeug/fahrzeuge/fahrzeuge-erwachsene
bz.16.02.05,bz.16.02,3,Fahrzeuge – Familie,gaming-und-spielzeug/fahrzeuge/fahrzeuge-familie
bz.16.02.06,bz.16.02,3,Fahrzeuge – Pro,gaming-und-spielzeug/fahrzeuge/fahrzeuge-pro
bz.16.02.07,bz.16.02,3,Fahrzeuge – Sammler,gaming-und-spielzeug/fahrzeuge/fahrzeuge-sammler
bz.16.02.08,bz.16.02,3,Fahrzeuge – Outdoor,gaming-und-spielzeug/fahrzeuge/fahrzeuge-outdoor
bz.16.02.09,bz.16.02,3,Fahrzeuge – Digital,gaming-und-spielzeug/fahrzeuge/fahrzeuge-digital
bz.16.02.10,bz.16.02,3,Fahrzeuge – Zubehör,gaming-und-spielzeug/fahrzeuge/fahrzeuge-zubehoer
bz.16.03,bz.16,2,Puppen & Figuren,gaming-und-spielzeug/puppen-und-figuren
bz.16.03.01,bz.16.03,3,Puppen & Figuren – Baby,gaming-und-spielzeug/puppen-und-figuren/puppen-und-figuren-baby
bz.16.03.02,bz.16.03,3,Puppen & Figuren – Kinder,gaming-und-spielzeug/puppen-und-figuren/puppen-und-figuren-kinder
bz.16.03.03,bz.16.03,3,Puppen & Figuren – Jugendliche,gaming-und-spielzeug/puppen-und-figuren/puppen-und-figuren-jugendliche
bz.16.03.04,bz.16.03,3,Puppen & Figuren – Erwachsene,gaming-und-spielzeug/puppen-und-figuren/puppen-und-figuren-erwachsene
bz.16.03.05,bz.16.03,3,Puppen & Figuren – Familie,gaming-und-spielzeug/puppen-und-figuren/puppen-und-figuren-familie
bz.16.03.06,bz.16.03,3,Puppen & Figuren – Pro,gaming-und-spielzeug/puppen-und-figuren/puppen-und-figuren-pro
bz.16.03.07,bz.16.03,3,Puppen & Figuren – Sammler,gaming-und-spielzeug/puppen-und-figuren/puppen-und-figuren-sammler
bz.16.03.08,bz.16.03,3,Puppen & Figuren – Outdoor,gaming-und-spielzeug/puppen-und-figuren/puppen-und-figuren-outdoor
bz.16.03.09,bz.16.03,3,Puppen & Figuren – Digital,gaming-und-spielzeug/puppen-und-figuren/puppen-und-figuren-digital
bz.16.03.10,bz.16.03,3,Puppen & Figuren – Zubehör,gaming-und-spielzeug/puppen-und-figuren/puppen-und-figuren-zubehoer
bz.16.04,bz.16,2,Brett- & Kartenspiele,gaming-und-spielzeug/brett-und-kartenspiele
bz.16.04.01,bz.16.04,3,Brett- & Kartenspiele – Baby,gaming-und-spielzeug/brett-und-kartenspiele/brett-und-kartenspiele-baby
bz.16.04.02,bz.16.04,3,Brett- & Kartenspiele – Kinder,gaming-und-spielzeug/brett-und-kartenspiele/brett-und-kartenspiele-kinder
bz.16.04.03,bz.16.04,3,Brett- & Kartenspiele – Jugendliche,gaming-und-spielzeug/brett-und-kartenspiele/brett-und-kartenspiele-jugendliche
bz.16.04.04,bz.16.04,3,Brett- & Kartenspiele – Erwachsene,gaming-und-spielzeug/brett-und-kartenspiele/brett-und-kartenspiele-erwachsene
bz.16.04.05,bz.16.04,3,Brett- & Kartenspiele – Familie,gaming-und-spielzeug/brett-und-kartenspiele/brett-und-kartenspiele-familie
bz.16.04.06,bz.16.04,3,Brett- & Kartenspiele – Pro,gaming-und-spielzeug/brett-und-kartenspiele/brett-und-kartenspiele-pro
bz.16.04.07,bz.16.04,3,Brett- & Kartenspiele – Sammler,gaming-und-spielzeug/brett-und-kartenspiele/brett-und-kartenspiele-sammler
bz.16.04.08,bz.16.04,3,Brett- & Kartenspiele – Outdoor,gaming-und-spielzeug/brett-und-kartenspiele/brett-und-kartenspiele-outdoor
bz.16.04.09,bz.16.04,3,Brett- & Kartenspiele – Digital,gaming-und-spielzeug/brett-und-kartenspiele/brett-und-kartenspiele-digital
bz.16.04.10,bz.16.04,3,Brett- & Kartenspiele – Zubehör,gaming-und-spielzeug/brett-und-kartenspiele/brett-und-kartenspiele-zubehoer
bz.16.05,bz.16,2,Puzzle,gaming-und-spielzeug/puzzle
bz.16.05.01,bz.16.05,3,Puzzle – Baby,gaming-und-spielzeug/puzzle/puzzle-baby
bz.16.05.02,bz.16.05,3,Puzzle – Kinder,gaming-und-spielzeug/puzzle/puzzle-kinder
bz.16.05.03,bz.16.05,3,Puzzle – Jugendliche,gaming-und-spielzeug/puzzle/puzzle-jugendliche
bz.16.05.04,bz.16.05,3,Puzzle – Erwachsene,gaming-und-spielzeug/puzzle/puzzle-erwachsene
bz.16.05.05,bz.16.05,3,Puzzle – Familie,gaming-und-spielzeug/puzzle/puzzle-familie
bz.16.05.06,bz.16.05,3,Puzzle – Pro,gaming-und-spielzeug/puzzle/puzzle-pro
bz.16.05.07,bz.16.05,3,Puzzle – Sammler,gaming-und-spielzeug/puzzle/puzzle-sammler
bz.16.05.08,bz.16.05,3,Puzzle – Outdoor,gaming-und-spielzeug/puzzle/puzzle-outdoor
bz.16.05.09,bz.16.05,3,Puzzle – Digital,gaming-und-spielzeug/puzzle/puzzle-digital
bz.16.05.10,bz.16.05,3,Puzzle – Zubehör,gaming-und-spielzeug/puzzle/puzzle-zubehoer
bz.16.06,bz.16,2,Outdoor-Spielzeug,gaming-und-spielzeug/outdoor-spielzeug
bz.16.06.01,bz.16.06,3,Outdoor-Spielzeug – Baby,gaming-und-spielzeug/outdoor-spielzeug/outdoor-spielzeug-baby
bz.16.06.02,bz.16.06,3,Outdoor-Spielzeug – Kinder,gaming-und-spielzeug/outdoor-spielzeug/outdoor-spielzeug-kinder
bz.16.06.03,bz.16.06,3,Outdoor-Spielzeug – Jugendliche,gaming-und-spielzeug/outdoor-spielzeug/outdoor-spielzeug-jugendliche
bz.16.06.04,bz.16.06,3,Outdoor-Spielzeug – Erwachsene,gaming-und-spielzeug/outdoor-spielzeug/outdoor-spielzeug-erwachsene
bz.16.06.05,bz.16.06,3,Outdoor-Spielzeug – Familie,gaming-und-spielzeug/outdoor-spielzeug/outdoor-spielzeug-familie
bz.16.06.06,bz.16.06,3,Outdoor-Spielzeug – Pro,gaming-und-spielzeug/outdoor-spielzeug/outdoor-spielzeug-pro
bz.16.06.07,bz.16.06,3,Outdoor-Spielzeug – Sammler,gaming-und-spielzeug/outdoor-spielzeug/outdoor-spielzeug-sammler
bz.16.06.08,bz.16.06,3,Outdoor-Spielzeug – Outdoor,gaming-und-spielzeug/outdoor-spielzeug/outdoor-spielzeug-outdoor
bz.16.06.09,bz.16.06,3,Outdoor-Spielzeug – Digital,gaming-und-spielzeug/outdoor-spielzeug/outdoor-spielzeug-digital
bz.16.06.10,bz.16.06,3,Outdoor-Spielzeug – Zubehör,gaming-und-spielzeug/outdoor-spielzeug/outdoor-spielzeug-zubehoer
bz.16.07,bz.16,2,RC & Modellbau,gaming-und-spielzeug/rc-und-modellbau
bz.16.07.01,bz.16.07,3,RC & Modellbau – Baby,gaming-und-spielzeug/rc-und-modellbau/rc-und-modellbau-baby
bz.16.07.02,bz.16.07,3,RC & Modellbau – Kinder,gaming-und-spielzeug/rc-und-modellbau/rc-und-modellbau-kinder
bz.16.07.03,bz.16.07,3,RC & Modellbau – Jugendliche,gaming-und-spielzeug/rc-und-modellbau/rc-und-modellbau-jugendliche
bz.16.07.04,bz.16.07,3,RC & Modellbau – Erwachsene,gaming-und-spielzeug/rc-und-modellbau/rc-und-modellbau-erwachsene
bz.16.07.05,bz.16.07,3,RC & Modellbau – Familie,gaming-und-spielzeug/rc-und-modellbau/rc-und-modellbau-familie
bz.16.07.06,bz.16.07,3,RC & Modellbau – Pro,gaming-und-spielzeug/rc-und-modellbau/rc-und-modellbau-pro
bz.16.07.07,bz.16.07,3,RC & Modellbau – Sammler,gaming-und-spielzeug/rc-und-modellbau/rc-und-modellbau-sammler
bz.16.07.08,bz.16.07,3,RC & Modellbau – Outdoor,gaming-und-spielzeug/rc-und-modellbau/rc-und-modellbau-outdoor
bz.16.07.09,bz.16.07,3,RC & Modellbau – Digital,gaming-und-spielzeug/rc-und-modellbau/rc-und-modellbau-digital
bz.16.07.10,bz.16.07,3,RC & Modellbau – Zubehör,gaming-und-spielzeug/rc-und-modellbau/rc-und-modellbau-zubehoer
bz.16.08,bz.16,2,Gaming-Hardware,gaming-und-spielzeug/gaming-hardware
bz.16.08.01,bz.16.08,3,Gaming-Hardware – Baby,gaming-und-spielzeug/gaming-hardware/gaming-hardware-baby
bz.16.08.02,bz.16.08,3,Gaming-Hardware – Kinder,gaming-und-spielzeug/gaming-hardware/gaming-hardware-kinder
bz.16.08.03,bz.16.08,3,Gaming-Hardware – Jugendliche,gaming-und-spielzeug/gaming-hardware/gaming-hardware-jugendliche
bz.16.08.04,bz.16.08,3,Gaming-Hardware – Erwachsene,gaming-und-spielzeug/gaming-hardware/gaming-hardware-erwachsene
bz.16.08.05,bz.16.08,3,Gaming-Hardware – Familie,gaming-und-spielzeug/gaming-hardware/gaming-hardware-familie
bz.16.08.06,bz.16.08,3,Gaming-Hardware – Pro,gaming-und-spielzeug/gaming-hardware/gaming-hardware-pro
bz.16.08.07,bz.16.08,3,Gaming-Hardware – Sammler,gaming-und-spielzeug/gaming-hardware/gaming-hardware-sammler
bz.16.08.08,bz.16.08,3,Gaming-Hardware – Outdoor,gaming-und-spielzeug/gaming-hardware/gaming-hardware-outdoor
bz.16.08.09,bz.16.08,3,Gaming-Hardware – Digital,gaming-und-spielzeug/gaming-hardware/gaming-hardware-digital
bz.16.08.10,bz.16.08,3,Gaming-Hardware – Zubehör,gaming-und-spielzeug/gaming-hardware/gaming-hardware-zubehoer
bz.16.09,bz.16,2,Gaming-Zubehör,gaming-und-spielzeug/gaming-zubehoer
bz.16.09.01,bz.16.09,3,Gaming-Zubehör – Baby,gaming-und-spielzeug/gaming-zubehoer/gaming-zubehoer-baby
bz.16.09.02,bz.16.09,3,Gaming-Zubehör – Kinder,gaming-und-spielzeug/gaming-zubehoer/gaming-zubehoer-kinder
bz.16.09.03,bz.16.09,3,Gaming-Zubehör – Jugendliche,gaming-und-spielzeug/gaming-zubehoer/gaming-zubehoer-jugendliche
bz.16.09.04,bz.16.09,3,Gaming-Zubehör – Erwachsene,gaming-und-spielzeug/gaming-zubehoer/gaming-zubehoer-erwachsene
bz.16.09.05,bz.16.09,3,Gaming-Zubehör – Familie,gaming-und-spielzeug/gaming-zubehoer/gaming-zubehoer-familie
bz.16.09.06,bz.16.09,3,Gaming-Zubehör – Pro,gaming-und-spielzeug/gaming-zubehoer/gaming-zubehoer-pro
bz.16.09.07,bz.16.09,3,Gaming-Zubehör – Sammler,gaming-und-spielzeug/gaming-zubehoer/gaming-zubehoer-sammler
bz.16.09.08,bz.16.09,3,Gaming-Zubehör – Outdoor,gaming-und-spielzeug/gaming-zubehoer/gaming-zubehoer-outdoor
bz.16.09.09,bz.16.09,3,Gaming-Zubehör – Digital,gaming-und-spielzeug/gaming-zubehoer/gaming-zubehoer-digital
bz.16.09.10,bz.16.09,3,Gaming-Zubehör – Zubehör,gaming-und-spielzeug/gaming-zubehoer/gaming-zubehoer-zubehoer
bz.16.10,bz.16,2,Sammler,gaming-und-spielzeug/sammler
bz.16.10.01,bz.16.10,3,Sammler – Baby,gaming-und-spielzeug/sammler/sammler-baby
bz.16.10.02,bz.16.10,3,Sammler – Kinder,gaming-und-spielzeug/sammler/sammler-kinder
bz.16.10.03,bz.16.10,3,Sammler – Jugendliche,gaming-und-spielzeug/sammler/sammler-jugendliche
bz.16.10.04,bz.16.10,3,Sammler – Erwachsene,gaming-und-spielzeug/sammler/sammler-erwachsene
bz.16.10.05,bz.16.10,3,Sammler – Familie,gaming-und-spielzeug/sammler/sammler-familie
bz.16.10.06,bz.16.10,3,Sammler – Pro,gaming-und-spielzeug/sammler/sammler-pro
bz.16.10.07,bz.16.10,3,Sammler – Sammler,gaming-und-spielzeug/sammler/sammler-sammler
bz.16.10.08,bz.16.10,3,Sammler – Outdoor,gaming-und-spielzeug/sammler/sammler-outdoor
bz.16.10.09,bz.16.10,3,Sammler – Digital,gaming-und-spielzeug/sammler/sammler-digital
bz.16.10.10,bz.16.10,3,Sammler – Zubehör,gaming-und-spielzeug/sammler/sammler-zubehoer
bz.16.11,bz.16,2,Kreativspielzeug,gaming-und-spielzeug/kreativspielzeug
bz.16.11.01,bz.16.11,3,Kreativspielzeug – Baby,gaming-und-spielzeug/kreativspielzeug/kreativspielzeug-baby
bz.16.11.02,bz.16.11,3,Kreativspielzeug – Kinder,gaming-und-spielzeug/kreativspielzeug/kreativspielzeug-kinder
bz.16.11.03,bz.16.11,3,Kreativspielzeug – Jugendliche,gaming-und-spielzeug/kreativspielzeug/kreativspielzeug-jugendliche
bz.16.11.04,bz.16.11,3,Kreativspielzeug – Erwachsene,gaming-und-spielzeug/kreativspielzeug/kreativspielzeug-erwachsene
bz.16.11.05,bz.16.11,3,Kreativspielzeug – Familie,gaming-und-spielzeug/kreativspielzeug/kreativspielzeug-familie
bz.16.11.06,bz.16.11,3,Kreativspielzeug – Pro,gaming-und-spielzeug/kreativspielzeug/kreativspielzeug-pro
bz.16.11.07,bz.16.11,3,Kreativspielzeug – Sammler,gaming-und-spielzeug/kreativspielzeug/kreativspielzeug-sammler
bz.16.11.08,bz.16.11,3,Kreativspielzeug – Outdoor,gaming-und-spielzeug/kreativspielzeug/kreativspielzeug-outdoor
bz.16.11.09,bz.16.11,3,Kreativspielzeug – Digital,gaming-und-spielzeug/kreativspielzeug/kreativspielzeug-digital
bz.16.11.10,bz.16.11,3,Kreativspielzeug – Zubehör,gaming-und-spielzeug/kreativspielzeug/kreativspielzeug-zubehoer
bz.16.12,bz.16,2,Party & Freizeit,gaming-und-spielzeug/party-und-freizeit
bz.16.12.01,bz.16.12,3,Party & Freizeit – Baby,gaming-und-spielzeug/party-und-freizeit/party-und-freizeit-baby
bz.16.12.02,bz.16.12,3,Party & Freizeit – Kinder,gaming-und-spielzeug/party-und-freizeit/party-und-freizeit-kinder
bz.16.12.03,bz.16.12,3,Party & Freizeit – Jugendliche,gaming-und-spielzeug/party-und-freizeit/party-und-freizeit-jugendliche
bz.16.12.04,bz.16.12,3,Party & Freizeit – Erwachsene,gaming-und-spielzeug/party-und-freizeit/party-und-freizeit-erwachsene
bz.16.12.05,bz.16.12,3,Party & Freizeit – Familie,gaming-und-spielzeug/party-und-freizeit/party-und-freizeit-familie
bz.16.12.06,bz.16.12,3,Party & Freizeit – Pro,gaming-und-spielzeug/party-und-freizeit/party-und-freizeit-pro
bz.16.12.07,bz.16.12,3,Party & Freizeit – Sammler,gaming-und-spielzeug/party-und-freizeit/party-und-freizeit-sammler
bz.16.12.08,bz.16.12,3,Party & Freizeit – Outdoor,gaming-und-spielzeug/party-und-freizeit/party-und-freizeit-outdoor
bz.16.12.09,bz.16.12,3,Party & Freizeit – Digital,gaming-und-spielzeug/party-und-freizeit/party-und-freizeit-digital
bz.16.12.10,bz.16.12,3,Party & Freizeit – Zubehör,gaming-und-spielzeug/party-und-freizeit/party-und-freizeit-zubehoer
bz.17,,1,Büro & Schule,buero-und-schule
bz.17.01,bz.17,2,Schreibwaren,buero-und-schule/schreibwaren
bz.17.01.01,bz.17.01,3,Schreibwaren – Schule,buero-und-schule/schreibwaren/schreibwaren-schule
bz.17.01.02,bz.17.01,3,Schreibwaren – Homeoffice,buero-und-schule/schreibwaren/schreibwaren-homeoffice
bz.17.01.03,bz.17.01,3,Schreibwaren – Büro,buero-und-schule/schreibwaren/schreibwaren-buero
bz.17.01.04,bz.17.01,3,Schreibwaren – Gewerbe,buero-und-schule/schreibwaren/schreibwaren-gewerbe
bz.17.01.05,bz.17.01,3,Schreibwaren – Profi,buero-und-schule/schreibwaren/schreibwaren-profi
bz.17.01.06,bz.17.01,3,Schreibwaren – Künstler,buero-und-schule/schreibwaren/schreibwaren-kuenstler
bz.17.01.07,bz.17.01,3,Schreibwaren – Versand,buero-und-schule/schreibwaren/schreibwaren-versand
bz.17.01.08,bz.17.01,3,Schreibwaren – Archiv,buero-und-schule/schreibwaren/schreibwaren-archiv
bz.17.01.09,bz.17.01,3,Schreibwaren – Digital,buero-und-schule/schreibwaren/schreibwaren-digital
bz.17.01.10,bz.17.01,3,Schreibwaren – Zubehör,buero-und-schule/schreibwaren/schreibwaren-zubehoer
bz.17.02,bz.17,2,Papier,buero-und-schule/papier
bz.17.02.01,bz.17.02,3,Papier – Schule,buero-und-schule/papier/papier-schule
bz.17.02.02,bz.17.02,3,Papier – Homeoffice,buero-und-schule/papier/papier-homeoffice
bz.17.02.03,bz.17.02,3,Papier – Büro,buero-und-schule/papier/papier-buero
bz.17.02.04,bz.17.02,3,Papier – Gewerbe,buero-und-schule/papier/papier-gewerbe
bz.17.02.05,bz.17.02,3,Papier – Profi,buero-und-schule/papier/papier-profi
bz.17.02.06,bz.17.02,3,Papier – Künstler,buero-und-schule/papier/papier-kuenstler
bz.17.02.07,bz.17.02,3,Papier – Versand,buero-und-schule/papier/papier-versand
bz.17.02.08,bz.17.02,3,Papier – Archiv,buero-und-schule/papier/papier-archiv
bz.17.02.09,bz.17.02,3,Papier – Digital,buero-und-schule/papier/papier-digital
bz.17.02.10,bz.17.02,3,Papier – Zubehör,buero-und-schule/papier/papier-zubehoer
bz.17.03,bz.17,2,Schulbedarf,buero-und-schule/schulbedarf
bz.17.03.01,bz.17.03,3,Schulbedarf – Schule,buero-und-schule/schulbedarf/schulbedarf-schule
bz.17.03.02,bz.17.03,3,Schulbedarf – Homeoffice,buero-und-schule/schulbedarf/schulbedarf-homeoffice
bz.17.03.03,bz.17.03,3,Schulbedarf – Büro,buero-und-schule/schulbedarf/schulbedarf-buero
bz.17.03.04,bz.17.03,3,Schulbedarf – Gewerbe,buero-und-schule/schulbedarf/schulbedarf-gewerbe
bz.17.03.05,bz.17.03,3,Schulbedarf – Profi,buero-und-schule/schulbedarf/schulbedarf-profi
bz.17.03.06,bz.17.03,3,Schulbedarf – Künstler,buero-und-schule/schulbedarf/schulbedarf-kuenstler
bz.17.03.07,bz.17.03,3,Schulbedarf – Versand,buero-und-schule/schulbedarf/schulbedarf-versand
bz.17.03.08,bz.17.03,3,Schulbedarf – Archiv,buero-und-schule/schulbedarf/schulbedarf-archiv
bz.17.03.09,bz.17.03,3,Schulbedarf – Digital,buero-und-schule/schulbedarf/schulbedarf-digital
bz.17.03.10,bz.17.03,3,Schulbedarf – Zubehör,buero-und-schule/schulbedarf/schulbedarf-zubehoer
bz.17.04,bz.17,2,Bürobedarf,buero-und-schule/buerobedarf
bz.17.04.01,bz.17.04,3,Bürobedarf – Schule,buero-und-schule/buerobedarf/buerobedarf-schule
bz.17.04.02,bz.17.04,3,Bürobedarf – Homeoffice,buero-und-schule/buerobedarf/buerobedarf-homeoffice
bz.17.04.03,bz.17.04,3,Bürobedarf – Büro,buero-und-schule/buerobedarf/buerobedarf-buero
bz.17.04.04,bz.17.04,3,Bürobedarf – Gewerbe,buero-und-schule/buerobedarf/buerobedarf-gewerbe
bz.17.04.05,bz.17.04,3,Bürobedarf – Profi,buero-und-schule/buerobedarf/buerobedarf-profi
bz.17.04.06,bz.17.04,3,Bürobedarf – Künstler,buero-und-schule/buerobedarf/buerobedarf-kuenstler
bz.17.04.07,bz.17.04,3,Bürobedarf – Versand,buero-und-schule/buerobedarf/buerobedarf-versand
bz.17.04.08,bz.17.04,3,Bürobedarf – Archiv,buero-und-schule/buerobedarf/buerobedarf-archiv
bz.17.04.09,bz.17.04,3,Bürobedarf – Digital,buero-und-schule/buerobedarf/buerobedarf-digital
bz.17.04.10,bz.17.04,3,Bürobedarf – Zubehör,buero-und-schule/buerobedarf/buerobedarf-zubehoer
bz.17.05,bz.17,2,Ordnen & Archivieren,buero-und-schule/ordnen-und-archivieren
bz.17.05.01,bz.17.05,3,Ordnen & Archivieren – Schule,buero-und-schule/ordnen-und-archivieren/ordnen-und-archivieren-schule
bz.17.05.02,bz.17.05,3,Ordnen & Archivieren – Homeoffice,buero-und-schule/ordnen-und-archivieren/ordnen-und-archivieren-homeoffice
bz.17.05.03,bz.17.05,3,Ordnen & Archivieren – Büro,buero-und-schule/ordnen-und-archivieren/ordnen-und-archivieren-buero
bz.17.05.04,bz.17.05,3,Ordnen & Archivieren – Gewerbe,buero-und-schule/ordnen-und-archivieren/ordnen-und-archivieren-gewerbe
bz.17.05.05,bz.17.05,3,Ordnen & Archivieren – Profi,buero-und-schule/ordnen-und-archivieren/ordnen-und-archivieren-profi
bz.17.05.06,bz.17.05,3,Ordnen & Archivieren – Künstler,buero-und-schule/ordnen-und-archivieren/ordnen-und-archivieren-kuenstler
bz.17.05.07,bz.17.05,3,Ordnen & Archivieren – Versand,buero-und-schule/ordnen-und-archivieren/ordnen-und-archivieren-versand
bz.17.05.08,bz.17.05,3,Ordnen & Archivieren – Archiv,buero-und-schule/ordnen-und-archivieren/ordnen-und-archivieren-archiv
bz.17.05.09,bz.17.05,3,Ordnen & Archivieren – Digital,buero-und-schule/ordnen-und-archivieren/ordnen-und-archivieren-digital
bz.17.05.10,bz.17.05,3,Ordnen & Archivieren – Zubehör,buero-und-schule/ordnen-und-archivieren/ordnen-und-archivieren-zubehoer
bz.17.06,bz.17,2,Druck & Etikettierung,buero-und-schule/druck-und-etikettierung
bz.17.06.01,bz.17.06,3,Druck & Etikettierung – Schule,buero-und-schule/druck-und-etikettierung/druck-und-etikettierung-schule
bz.17.06.02,bz.17.06,3,Druck & Etikettierung – Homeoffice,buero-und-schule/druck-und-etikettierung/druck-und-etikettierung-homeoffice
bz.17.06.03,bz.17.06,3,Druck & Etikettierung – Büro,buero-und-schule/druck-und-etikettierung/druck-und-etikettierung-buero
bz.17.06.04,bz.17.06,3,Druck & Etikettierung – Gewerbe,buero-und-schule/druck-und-etikettierung/druck-und-etikettierung-gewerbe
bz.17.06.05,bz.17.06,3,Druck & Etikettierung – Profi,buero-und-schule/druck-und-etikettierung/druck-und-etikettierung-profi
bz.17.06.06,bz.17.06,3,Druck & Etikettierung – Künstler,buero-und-schule/druck-und-etikettierung/druck-und-etikettierung-kuenstler
bz.17.06.07,bz.17.06,3,Druck & Etikettierung – Versand,buero-und-schule/druck-und-etikettierung/druck-und-etikettierung-versand
bz.17.06.08,bz.17.06,3,Druck & Etikettierung – Archiv,buero-und-schule/druck-und-etikettierung/druck-und-etikettierung-archiv
bz.17.06.09,bz.17.06,3,Druck & Etikettierung – Digital,buero-und-schule/druck-und-etikettierung/druck-und-etikettierung-digital
bz.17.06.10,bz.17.06,3,Druck & Etikettierung – Zubehör,buero-und-schule/druck-und-etikettierung/druck-und-etikettierung-zubehoer
bz.17.07,bz.17,2,Präsentation,buero-und-schule/praesentation
bz.17.07.01,bz.17.07,3,Präsentation – Schule,buero-und-schule/praesentation/praesentation-schule
bz.17.07.02,bz.17.07,3,Präsentation – Homeoffice,buero-und-schule/praesentation/praesentation-homeoffice
bz.17.07.03,bz.17.07,3,Präsentation – Büro,buero-und-schule/praesentation/praesentation-buero
bz.17.07.04,bz.17.07,3,Präsentation – Gewerbe,buero-und-schule/praesentation/praesentation-gewerbe
bz.17.07.05,bz.17.07,3,Präsentation – Profi,buero-und-schule/praesentation/praesentation-profi
bz.17.07.06,bz.17.07,3,Präsentation – Künstler,buero-und-schule/praesentation/praesentation-kuenstler
bz.17.07.07,bz.17.07,3,Präsentation – Versand,buero-und-schule/praesentation/praesentation-versand
bz.17.07.08,bz.17.07,3,Präsentation – Archiv,buero-und-schule/praesentation/praesentation-archiv
bz.17.07.09,bz.17.07,3,Präsentation – Digital,buero-und-schule/praesentation/praesentation-digital
bz.17.07.10,bz.17.07,3,Präsentation – Zubehör,buero-und-schule/praesentation/praesentation-zubehoer
bz.17.08,bz.17,2,Bürotechnik,buero-und-schule/buerotechnik
bz.17.08.01,bz.17.08,3,Bürotechnik – Schule,buero-und-schule/buerotechnik/buerotechnik-schule
bz.17.08.02,bz.17.08,3,Bürotechnik – Homeoffice,buero-und-schule/buerotechnik/buerotechnik-homeoffice
bz.17.08.03,bz.17.08,3,Bürotechnik – Büro,buero-und-schule/buerotechnik/buerotechnik-buero
bz.17.08.04,bz.17.08,3,Bürotechnik – Gewerbe,buero-und-schule/buerotechnik/buerotechnik-gewerbe
bz.17.08.05,bz.17.08,3,Bürotechnik – Profi,buero-und-schule/buerotechnik/buerotechnik-profi
bz.17.08.06,bz.17.08,3,Bürotechnik – Künstler,buero-und-schule/buerotechnik/buerotechnik-kuenstler
bz.17.08.07,bz.17.08,3,Bürotechnik – Versand,buero-und-schule/buerotechnik/buerotechnik-versand
bz.17.08.08,bz.17.08,3,Bürotechnik – Archiv,buero-und-schule/buerotechnik/buerotechnik-archiv
bz.17.08.09,bz.17.08,3,Bürotechnik – Digital,buero-und-schule/buerotechnik/buerotechnik-digital
bz.17.08.10,bz.17.08,3,Bürotechnik – Zubehör,buero-und-schule/buerotechnik/buerotechnik-zubehoer
bz.17.09,bz.17,2,Versand & Verpackung,buero-und-schule/versand-und-verpackung
bz.17.09.01,bz.17.09,3,Versand & Verpackung – Schule,buero-und-schule/versand-und-verpackung/versand-und-verpackung-schule
bz.17.09.02,bz.17.09,3,Versand & Verpackung – Homeoffice,buero-und-schule/versand-und-verpackung/versand-und-verpackung-homeoffice
bz.17.09.03,bz.17.09,3,Versand & Verpackung – Büro,buero-und-schule/versand-und-verpackung/versand-und-verpackung-buero
bz.17.09.04,bz.17.09,3,Versand & Verpackung – Gewerbe,buero-und-schule/versand-und-verpackung/versand-und-verpackung-gewerbe
bz.17.09.05,bz.17.09,3,Versand & Verpackung – Profi,buero-und-schule/versand-und-verpackung/versand-und-verpackung-profi
bz.17.09.06,bz.17.09,3,Versand & Verpackung – Künstler,buero-und-schule/versand-und-verpackung/versand-und-verpackung-kuenstler
bz.17.09.07,bz.17.09,3,Versand & Verpackung – Versand,buero-und-schule/versand-und-verpackung/versand-und-verpackung-versand
bz.17.09.08,bz.17.09,3,Versand & Verpackung – Archiv,buero-und-schule/versand-und-verpackung/versand-und-verpackung-archiv
bz.17.09.09,bz.17.09,3,Versand & Verpackung – Digital,buero-und-schule/versand-und-verpackung/versand-und-verpackung-digital
bz.17.09.10,bz.17.09,3,Versand & Verpackung – Zubehör,buero-und-schule/versand-und-verpackung/versand-und-verpackung-zubehoer
bz.17.10,bz.17,2,Künstlerbedarf,buero-und-schule/kuenstlerbedarf
bz.17.10.01,bz.17.10,3,Künstlerbedarf – Schule,buero-und-schule/kuenstlerbedarf/kuenstlerbedarf-schule
bz.17.10.02,bz.17.10,3,Künstlerbedarf – Homeoffice,buero-und-schule/kuenstlerbedarf/kuenstlerbedarf-homeoffice
bz.17.10.03,bz.17.10,3,Künstlerbedarf – Büro,buero-und-schule/kuenstlerbedarf/kuenstlerbedarf-buero
bz.17.10.04,bz.17.10,3,Künstlerbedarf – Gewerbe,buero-und-schule/kuenstlerbedarf/kuenstlerbedarf-gewerbe
bz.17.10.05,bz.17.10,3,Künstlerbedarf – Profi,buero-und-schule/kuenstlerbedarf/kuenstlerbedarf-profi
bz.17.10.06,bz.17.10,3,Künstlerbedarf – Künstler,buero-und-schule/kuenstlerbedarf/kuenstlerbedarf-kuenstler
bz.17.10.07,bz.17.10,3,Künstlerbedarf – Versand,buero-und-schule/kuenstlerbedarf/kuenstlerbedarf-versand
bz.17.10.08,bz.17.10,3,Künstlerbedarf – Archiv,buero-und-schule/kuenstlerbedarf/kuenstlerbedarf-archiv
bz.17.10.09,bz.17.10,3,Künstlerbedarf – Digital,buero-und-schule/kuenstlerbedarf/kuenstlerbedarf-digital
bz.17.10.10,bz.17.10,3,Künstlerbedarf – Zubehör,buero-und-schule/kuenstlerbedarf/kuenstlerbedarf-zubehoer
bz.17.11,bz.17,2,Schulranzen & Taschen,buero-und-schule/schulranzen-und-taschen
bz.17.11.01,bz.17.11,3,Schulranzen & Taschen – Schule,buero-und-schule/schulranzen-und-taschen/schulranzen-und-taschen-schule
bz.17.11.02,bz.17.11,3,Schulranzen & Taschen – Homeoffice,buero-und-schule/schulranzen-und-taschen/schulranzen-und-taschen-homeoffice
bz.17.11.03,bz.17.11,3,Schulranzen & Taschen – Büro,buero-und-schule/schulranzen-und-taschen/schulranzen-und-taschen-buero
bz.17.11.04,bz.17.11,3,Schulranzen & Taschen – Gewerbe,buero-und-schule/schulranzen-und-taschen/schulranzen-und-taschen-gewerbe
bz.17.11.05,bz.17.11,3,Schulranzen & Taschen – Profi,buero-und-schule/schulranzen-und-taschen/schulranzen-und-taschen-profi
bz.17.11.06,bz.17.11,3,Schulranzen & Taschen – Künstler,buero-und-schule/schulranzen-und-taschen/schulranzen-und-taschen-kuenstler
bz.17.11.07,bz.17.11,3,Schulranzen & Taschen – Versand,buero-und-schule/schulranzen-und-taschen/schulranzen-und-taschen-versand
bz.17.11.08,bz.17.11,3,Schulranzen & Taschen – Archiv,buero-und-schule/schulranzen-und-taschen/schulranzen-und-taschen-archiv
bz.17.11.09,bz.17.11,3,Schulranzen & Taschen – Digital,buero-und-schule/schulranzen-und-taschen/schulranzen-und-taschen-digital
bz.17.11.10,bz.17.11,3,Schulranzen & Taschen – Zubehör,buero-und-schule/schulranzen-und-taschen/schulranzen-und-taschen-zubehoer
bz.17.12,bz.17,2,Ergonomie,buero-und-schule/ergonomie
bz.17.12.01,bz.17.12,3,Ergonomie – Schule,buero-und-schule/ergonomie/ergonomie-schule
bz.17.12.02,bz.17.12,3,Ergonomie – Homeoffice,buero-und-schule/ergonomie/ergonomie-homeoffice
bz.17.12.03,bz.17.12,3,Ergonomie – Büro,buero-und-schule/ergonomie/ergonomie-buero
bz.17.12.04,bz.17.12,3,Ergonomie – Gewerbe,buero-und-schule/ergonomie/ergonomie-gewerbe
bz.17.12.05,bz.17.12,3,Ergonomie – Profi,buero-und-schule/ergonomie/ergonomie-profi
bz.17.12.06,bz.17.12,3,Ergonomie – Künstler,buero-und-schule/ergonomie/ergonomie-kuenstler
bz.17.12.07,bz.17.12,3,Ergonomie – Versand,buero-und-schule/ergonomie/ergonomie-versand
bz.17.12.08,bz.17.12,3,Ergonomie – Archiv,buero-und-schule/ergonomie/ergonomie-archiv
bz.17.12.09,bz.17.12,3,Ergonomie – Digital,buero-und-schule/ergonomie/ergonomie-digital
bz.17.12.10,bz.17.12,3,Ergonomie – Zubehör,buero-und-schule/ergonomie/ergonomie-zubehoer
bz.18,,1,Baumarkt,baumarkt
bz.18.01,bz.18,2,Baustoffe,baumarkt/baustoffe
bz.18.01.01,bz.18.01,3,Baustoffe – Privat,baumarkt/baustoffe/baustoffe-privat
bz.18.01.02,bz.18.01,3,Baustoffe – Profi,baumarkt/baustoffe/baustoffe-profi
bz.18.01.03,bz.18.01,3,Baustoffe – Gewerbe,baumarkt/baustoffe/baustoffe-gewerbe
bz.18.01.04,bz.18.01,3,Baustoffe – Industrie,baumarkt/baustoffe/baustoffe-industrie
bz.18.01.05,bz.18.01,3,Baustoffe – Renovierung,baumarkt/baustoffe/baustoffe-renovierung
bz.18.01.06,bz.18.01,3,Baustoffe – Neubau,baumarkt/baustoffe/baustoffe-neubau
bz.18.01.07,bz.18.01,3,Baustoffe – Sanierung,baumarkt/baustoffe/baustoffe-sanierung
bz.18.01.08,bz.18.01,3,Baustoffe – Outdoor,baumarkt/baustoffe/baustoffe-outdoor
bz.18.01.09,bz.18.01,3,Baustoffe – Sicherheit,baumarkt/baustoffe/baustoffe-sicherheit
bz.18.01.10,bz.18.01,3,Baustoffe – Zubehör,baumarkt/baustoffe/baustoffe-zubehoer
bz.18.02,bz.18,2,Mauerwerk,baumarkt/mauerwerk
bz.18.02.01,bz.18.02,3,Mauerwerk – Privat,baumarkt/mauerwerk/mauerwerk-privat
bz.18.02.02,bz.18.02,3,Mauerwerk – Profi,baumarkt/mauerwerk/mauerwerk-profi
bz.18.02.03,bz.18.02,3,Mauerwerk – Gewerbe,baumarkt/mauerwerk/mauerwerk-gewerbe
bz.18.02.04,bz.18.02,3,Mauerwerk – Industrie,baumarkt/mauerwerk/mauerwerk-industrie
bz.18.02.05,bz.18.02,3,Mauerwerk – Renovierung,baumarkt/mauerwerk/mauerwerk-renovierung
bz.18.02.06,bz.18.02,3,Mauerwerk – Neubau,baumarkt/mauerwerk/mauerwerk-neubau
bz.18.02.07,bz.18.02,3,Mauerwerk – Sanierung,baumarkt/mauerwerk/mauerwerk-sanierung
bz.18.02.08,bz.18.02,3,Mauerwerk – Outdoor,baumarkt/mauerwerk/mauerwerk-outdoor
bz.18.02.09,bz.18.02,3,Mauerwerk – Sicherheit,baumarkt/mauerwerk/mauerwerk-sicherheit
bz.18.02.10,bz.18.02,3,Mauerwerk – Zubehör,baumarkt/mauerwerk/mauerwerk-zubehoer
bz.18.03,bz.18,2,Dach,baumarkt/dach
bz.18.03.01,bz.18.03,3,Dach – Privat,baumarkt/dach/dach-privat
bz.18.03.02,bz.18.03,3,Dach – Profi,baumarkt/dach/dach-profi
bz.18.03.03,bz.18.03,3,Dach – Gewerbe,baumarkt/dach/dach-gewerbe
bz.18.03.04,bz.18.03,3,Dach – Industrie,baumarkt/dach/dach-industrie
bz.18.03.05,bz.18.03,3,Dach – Renovierung,baumarkt/dach/dach-renovierung
bz.18.03.06,bz.18.03,3,Dach – Neubau,baumarkt/dach/dach-neubau
bz.18.03.07,bz.18.03,3,Dach – Sanierung,baumarkt/dach/dach-sanierung
bz.18.03.08,bz.18.03,3,Dach – Outdoor,baumarkt/dach/dach-outdoor
bz.18.03.09,bz.18.03,3,Dach – Sicherheit,baumarkt/dach/dach-sicherheit
bz.18.03.10,bz.18.03,3,Dach – Zubehör,baumarkt/dach/dach-zubehoer
bz.18.04,bz.18,2,Dämmung,baumarkt/daemmung
bz.18.04.01,bz.18.04,3,Dämmung – Privat,baumarkt/daemmung/daemmung-privat
bz.18.04.02,bz.18.04,3,Dämmung – Profi,baumarkt/daemmung/daemmung-profi
bz.18.04.03,bz.18.04,3,Dämmung – Gewerbe,baumarkt/daemmung/daemmung-gewerbe
bz.18.04.04,bz.18.04,3,Dämmung – Industrie,baumarkt/daemmung/daemmung-industrie
bz.18.04.05,bz.18.04,3,Dämmung – Renovierung,baumarkt/daemmung/daemmung-renovierung
bz.18.04.06,bz.18.04,3,Dämmung – Neubau,baumarkt/daemmung/daemmung-neubau
bz.18.04.07,bz.18.04,3,Dämmung – Sanierung,baumarkt/daemmung/daemmung-sanierung
bz.18.04.08,bz.18.04,3,Dämmung – Outdoor,baumarkt/daemmung/daemmung-outdoor
bz.18.04.09,bz.18.04,3,Dämmung – Sicherheit,baumarkt/daemmung/daemmung-sicherheit
bz.18.04.10,bz.18.04,3,Dämmung – Zubehör,baumarkt/daemmung/daemmung-zubehoer
bz.18.05,bz.18,2,Trockenbau,baumarkt/trockenbau
bz.18.05.01,bz.18.05,3,Trockenbau – Privat,baumarkt/trockenbau/trockenbau-privat
bz.18.05.02,bz.18.05,3,Trockenbau – Profi,baumarkt/trockenbau/trockenbau-profi
bz.18.05.03,bz.18.05,3,Trockenbau – Gewerbe,baumarkt/trockenbau/trockenbau-gewerbe
bz.18.05.04,bz.18.05,3,Trockenbau – Industrie,baumarkt/trockenbau/trockenbau-industrie
bz.18.05.05,bz.18.05,3,Trockenbau – Renovierung,baumarkt/trockenbau/trockenbau-renovierung
bz.18.05.06,bz.18.05,3,Trockenbau – Neubau,baumarkt/trockenbau/trockenbau-neubau
bz.18.05.07,bz.18.05,3,Trockenbau – Sanierung,baumarkt/trockenbau/trockenbau-sanierung
bz.18.05.08,bz.18.05,3,Trockenbau – Outdoor,baumarkt/trockenbau/trockenbau-outdoor
bz.18.05.09,bz.18.05,3,Trockenbau – Sicherheit,baumarkt/trockenbau/trockenbau-sicherheit
bz.18.05.10,bz.18.05,3,Trockenbau – Zubehör,baumarkt/trockenbau/trockenbau-zubehoer
bz.18.06,bz.18,2,Farben & Lacke,baumarkt/farben-und-lacke
bz.18.06.01,bz.18.06,3,Farben & Lacke – Privat,baumarkt/farben-und-lacke/farben-und-lacke-privat
bz.18.06.02,bz.18.06,3,Farben & Lacke – Profi,baumarkt/farben-und-lacke/farben-und-lacke-profi
bz.18.06.03,bz.18.06,3,Farben & Lacke – Gewerbe,baumarkt/farben-und-lacke/farben-und-lacke-gewerbe
bz.18.06.04,bz.18.06,3,Farben & Lacke – Industrie,baumarkt/farben-und-lacke/farben-und-lacke-industrie
bz.18.06.05,bz.18.06,3,Farben & Lacke – Renovierung,baumarkt/farben-und-lacke/farben-und-lacke-renovierung
bz.18.06.06,bz.18.06,3,Farben & Lacke – Neubau,baumarkt/farben-und-lacke/farben-und-lacke-neubau
bz.18.06.07,bz.18.06,3,Farben & Lacke – Sanierung,baumarkt/farben-und-lacke/farben-und-lacke-sanierung
bz.18.06.08,bz.18.06,3,Farben & Lacke – Outdoor,baumarkt/farben-und-lacke/farben-und-lacke-outdoor
bz.18.06.09,bz.18.06,3,Farben & Lacke – Sicherheit,baumarkt/farben-und-lacke/farben-und-lacke-sicherheit
bz.18.06.10,bz.18.06,3,Farben & Lacke – Zubehör,baumarkt/farben-und-lacke/farben-und-lacke-zubehoer
bz.18.07,bz.18,2,Boden & Fliesen,baumarkt/boden-und-fliesen
bz.18.07.01,bz.18.07,3,Boden & Fliesen – Privat,baumarkt/boden-und-fliesen/boden-und-fliesen-privat
bz.18.07.02,bz.18.07,3,Boden & Fliesen – Profi,baumarkt/boden-und-fliesen/boden-und-fliesen-profi
bz.18.07.03,bz.18.07,3,Boden & Fliesen – Gewerbe,baumarkt/boden-und-fliesen/boden-und-fliesen-gewerbe
bz.18.07.04,bz.18.07,3,Boden & Fliesen – Industrie,baumarkt/boden-und-fliesen/boden-und-fliesen-industrie
bz.18.07.05,bz.18.07,3,Boden & Fliesen – Renovierung,baumarkt/boden-und-fliesen/boden-und-fliesen-renovierung
bz.18.07.06,bz.18.07,3,Boden & Fliesen – Neubau,baumarkt/boden-und-fliesen/boden-und-fliesen-neubau
bz.18.07.07,bz.18.07,3,Boden & Fliesen – Sanierung,baumarkt/boden-und-fliesen/boden-und-fliesen-sanierung
bz.18.07.08,bz.18.07,3,Boden & Fliesen – Outdoor,baumarkt/boden-und-fliesen/boden-und-fliesen-outdoor
bz.18.07.09,bz.18.07,3,Boden & Fliesen – Sicherheit,baumarkt/boden-und-fliesen/boden-und-fliesen-sicherheit
bz.18.07.10,bz.18.07,3,Boden & Fliesen – Zubehör,baumarkt/boden-und-fliesen/boden-und-fliesen-zubehoer
bz.18.08,bz.18,2,Sanitär,baumarkt/sanitaer
bz.18.08.01,bz.18.08,3,Sanitär – Privat,baumarkt/sanitaer/sanitaer-privat
bz.18.08.02,bz.18.08,3,Sanitär – Profi,baumarkt/sanitaer/sanitaer-profi
bz.18.08.03,bz.18.08,3,Sanitär – Gewerbe,baumarkt/sanitaer/sanitaer-gewerbe
bz.18.08.04,bz.18.08,3,Sanitär – Industrie,baumarkt/sanitaer/sanitaer-industrie
bz.18.08.05,bz.18.08,3,Sanitär – Renovierung,baumarkt/sanitaer/sanitaer-renovierung
bz.18.08.06,bz.18.08,3,Sanitär – Neubau,baumarkt/sanitaer/sanitaer-neubau
bz.18.08.07,bz.18.08,3,Sanitär – Sanierung,baumarkt/sanitaer/sanitaer-sanierung
bz.18.08.08,bz.18.08,3,Sanitär – Outdoor,baumarkt/sanitaer/sanitaer-outdoor
bz.18.08.09,bz.18.08,3,Sanitär – Sicherheit,baumarkt/sanitaer/sanitaer-sicherheit
bz.18.08.10,bz.18.08,3,Sanitär – Zubehör,baumarkt/sanitaer/sanitaer-zubehoer
bz.18.09,bz.18,2,Elektroinstallation,baumarkt/elektroinstallation
bz.18.09.01,bz.18.09,3,Elektroinstallation – Privat,baumarkt/elektroinstallation/elektroinstallation-privat
bz.18.09.02,bz.18.09,3,Elektroinstallation – Profi,baumarkt/elektroinstallation/elektroinstallation-profi
bz.18.09.03,bz.18.09,3,Elektroinstallation – Gewerbe,baumarkt/elektroinstallation/elektroinstallation-gewerbe
bz.18.09.04,bz.18.09,3,Elektroinstallation – Industrie,baumarkt/elektroinstallation/elektroinstallation-industrie
bz.18.09.05,bz.18.09,3,Elektroinstallation – Renovierung,baumarkt/elektroinstallation/elektroinstallation-renovierung
bz.18.09.06,bz.18.09,3,Elektroinstallation – Neubau,baumarkt/elektroinstallation/elektroinstallation-neubau
bz.18.09.07,bz.18.09,3,Elektroinstallation – Sanierung,baumarkt/elektroinstallation/elektroinstallation-sanierung
bz.18.09.08,bz.18.09,3,Elektroinstallation – Outdoor,baumarkt/elektroinstallation/elektroinstallation-outdoor
bz.18.09.09,bz.18.09,3,Elektroinstallation – Sicherheit,baumarkt/elektroinstallation/elektroinstallation-sicherheit
bz.18.09.10,bz.18.09,3,Elektroinstallation – Zubehör,baumarkt/elektroinstallation/elektroinstallation-zubehoer
bz.18.10,bz.18,2,Holz & Platten,baumarkt/holz-und-platten
bz.18.10.01,bz.18.10,3,Holz & Platten – Privat,baumarkt/holz-und-platten/holz-und-platten-privat
bz.18.10.02,bz.18.10,3,Holz & Platten – Profi,baumarkt/holz-und-platten/holz-und-platten-profi
bz.18.10.03,bz.18.10,3,Holz & Platten – Gewerbe,baumarkt/holz-und-platten/holz-und-platten-gewerbe
bz.18.10.04,bz.18.10,3,Holz & Platten – Industrie,baumarkt/holz-und-platten/holz-und-platten-industrie
bz.18.10.05,bz.18.10,3,Holz & Platten – Renovierung,baumarkt/holz-und-platten/holz-und-platten-renovierung
bz.18.10.06,bz.18.10,3,Holz & Platten – Neubau,baumarkt/holz-und-platten/holz-und-platten-neubau
bz.18.10.07,bz.18.10,3,Holz & Platten – Sanierung,baumarkt/holz-und-platten/holz-und-platten-sanierung
bz.18.10.08,bz.18.10,3,Holz & Platten – Outdoor,baumarkt/holz-und-platten/holz-und-platten-outdoor
bz.18.10.09,bz.18.10,3,Holz & Platten – Sicherheit,baumarkt/holz-und-platten/holz-und-platten-sicherheit
bz.18.10.10,bz.18.10,3,Holz & Platten – Zubehör,baumarkt/holz-und-platten/holz-und-platten-zubehoer
bz.18.11,bz.18,2,Befestigung,baumarkt/befestigung
bz.18.11.01,bz.18.11,3,Befestigung – Privat,baumarkt/befestigung/befestigung-privat
bz.18.11.02,bz.18.11,3,Befestigung – Profi,baumarkt/befestigung/befestigung-profi
bz.18.11.03,bz.18.11,3,Befestigung – Gewerbe,baumarkt/befestigung/befestigung-gewerbe
bz.18.11.04,bz.18.11,3,Befestigung – Industrie,baumarkt/befestigung/befestigung-industrie
bz.18.11.05,bz.18.11,3,Befestigung – Renovierung,baumarkt/befestigung/befestigung-renovierung
bz.18.11.06,bz.18.11,3,Befestigung – Neubau,baumarkt/befestigung/befestigung-neubau
bz.18.11.07,bz.18.11,3,Befestigung – Sanierung,baumarkt/befestigung/befestigung-sanierung
bz.18.11.08,bz.18.11,3,Befestigung – Outdoor,baumarkt/befestigung/befestigung-outdoor
bz.18.11.09,bz.18.11,3,Befestigung – Sicherheit,baumarkt/befestigung/befestigung-sicherheit
bz.18.11.10,bz.18.11,3,Befestigung – Zubehör,baumarkt/befestigung/befestigung-zubehoer
bz.18.12,bz.18,2,Werkzeuge & Baustellenequipment,baumarkt/werkzeuge-und-baustellenequipment
bz.18.12.01,bz.18.12,3,Werkzeuge & Baustellenequipment – Privat,baumarkt/werkzeuge-und-baustellenequipment/werkzeuge-und-baustellenequipment-privat
bz.18.12.02,bz.18.12,3,Werkzeuge & Baustellenequipment – Profi,baumarkt/werkzeuge-und-baustellenequipment/werkzeuge-und-baustellenequipment-profi
bz.18.12.03,bz.18.12,3,Werkzeuge & Baustellenequipment – Gewerbe,baumarkt/werkzeuge-und-baustellenequipment/werkzeuge-und-baustellenequipment-gewerbe
bz.18.12.04,bz.18.12,3,Werkzeuge & Baustellenequipment – Industrie,baumarkt/werkzeuge-und-baustellenequipment/werkzeuge-und-baustellenequipment-industrie
bz.18.12.05,bz.18.12,3,Werkzeuge & Baustellenequipment – Renovierung,baumarkt/werkzeuge-und-baustellenequipment/werkzeuge-und-baustellenequipment-renovierung
bz.18.12.06,bz.18.12,3,Werkzeuge & Baustellenequipment – Neubau,baumarkt/werkzeuge-und-baustellenequipment/werkzeuge-und-baustellenequipment-neubau
bz.18.12.07,bz.18.12,3,Werkzeuge & Baustellenequipment – Sanierung,baumarkt/werkzeuge-und-baustellenequipment/werkzeuge-und-baustellenequipment-sanierung
bz.18.12.08,bz.18.12,3,Werkzeuge & Baustellenequipment – Outdoor,baumarkt/werkzeuge-und-baustellenequipment/werkzeuge-und-baustellenequipment-outdoor
bz.18.12.09,bz.18.12,3,Werkzeuge & Baustellenequipment – Sicherheit,baumarkt/werkzeuge-und-baustellenequipment/werkzeuge-und-baustellenequipment-sicherheit
bz.18.12.10,bz.18.12,3,Werkzeuge & Baustellenequipment – Zubehör,baumarkt/werkzeuge-und-baustellenequipment/werkzeuge-und-baustellenequipment-zubehoer
bz.19,,1,Lager & Aufbewahrung,lager-und-aufbewahrung
bz.19.01,bz.19,2,Regale,lager-und-aufbewahrung/regale
bz.19.01.01,bz.19.01,3,Regale – Kleinlager,lager-und-aufbewahrung/regale/regale-kleinlager
bz.19.01.02,bz.19.01,3,Regale – Großlager,lager-und-aufbewahrung/regale/regale-grosslager
bz.19.01.03,bz.19.01,3,Regale – Industrie,lager-und-aufbewahrung/regale/regale-industrie
bz.19.01.04,bz.19.01,3,Regale – Büro,lager-und-aufbewahrung/regale/regale-buero
bz.19.01.05,bz.19.01,3,Regale – Werkstatt,lager-und-aufbewahrung/regale/regale-werkstatt
bz.19.01.06,bz.19.01,3,Regale – Archiv,lager-und-aufbewahrung/regale/regale-archiv
bz.19.01.07,bz.19.01,3,Regale – Transport,lager-und-aufbewahrung/regale/regale-transport
bz.19.01.08,bz.19.01,3,Regale – Lebensmittel,lager-und-aufbewahrung/regale/regale-lebensmittel
bz.19.01.09,bz.19.01,3,Regale – Gefahrstoff,lager-und-aufbewahrung/regale/regale-gefahrstoff
bz.19.01.10,bz.19.01,3,Regale – Zubehör,lager-und-aufbewahrung/regale/regale-zubehoer
bz.19.02,bz.19,2,Schwerlastregale,lager-und-aufbewahrung/schwerlastregale
bz.19.02.01,bz.19.02,3,Schwerlastregale – Kleinlager,lager-und-aufbewahrung/schwerlastregale/schwerlastregale-kleinlager
bz.19.02.02,bz.19.02,3,Schwerlastregale – Großlager,lager-und-aufbewahrung/schwerlastregale/schwerlastregale-grosslager
bz.19.02.03,bz.19.02,3,Schwerlastregale – Industrie,lager-und-aufbewahrung/schwerlastregale/schwerlastregale-industrie
bz.19.02.04,bz.19.02,3,Schwerlastregale – Büro,lager-und-aufbewahrung/schwerlastregale/schwerlastregale-buero
bz.19.02.05,bz.19.02,3,Schwerlastregale – Werkstatt,lager-und-aufbewahrung/schwerlastregale/schwerlastregale-werkstatt
bz.19.02.06,bz.19.02,3,Schwerlastregale – Archiv,lager-und-aufbewahrung/schwerlastregale/schwerlastregale-archiv
bz.19.02.07,bz.19.02,3,Schwerlastregale – Transport,lager-und-aufbewahrung/schwerlastregale/schwerlastregale-transport
bz.19.02.08,bz.19.02,3,Schwerlastregale – Lebensmittel,lager-und-aufbewahrung/schwerlastregale/schwerlastregale-lebensmittel
bz.19.02.09,bz.19.02,3,Schwerlastregale – Gefahrstoff,lager-und-aufbewahrung/schwerlastregale/schwerlastregale-gefahrstoff
bz.19.02.10,bz.19.02,3,Schwerlastregale – Zubehör,lager-und-aufbewahrung/schwerlastregale/schwerlastregale-zubehoer
bz.19.03,bz.19,2,Boxen & Behälter,lager-und-aufbewahrung/boxen-und-behaelter
bz.19.03.01,bz.19.03,3,Boxen & Behälter – Kleinlager,lager-und-aufbewahrung/boxen-und-behaelter/boxen-und-behaelter-kleinlager
bz.19.03.02,bz.19.03,3,Boxen & Behälter – Großlager,lager-und-aufbewahrung/boxen-und-behaelter/boxen-und-behaelter-grosslager
bz.19.03.03,bz.19.03,3,Boxen & Behälter – Industrie,lager-und-aufbewahrung/boxen-und-behaelter/boxen-und-behaelter-industrie
bz.19.03.04,bz.19.03,3,Boxen & Behälter – Büro,lager-und-aufbewahrung/boxen-und-behaelter/boxen-und-behaelter-buero
bz.19.03.05,bz.19.03,3,Boxen & Behälter – Werkstatt,lager-und-aufbewahrung/boxen-und-behaelter/boxen-und-behaelter-werkstatt
bz.19.03.06,bz.19.03,3,Boxen & Behälter – Archiv,lager-und-aufbewahrung/boxen-und-behaelter/boxen-und-behaelter-archiv
bz.19.03.07,bz.19.03,3,Boxen & Behälter – Transport,lager-und-aufbewahrung/boxen-und-behaelter/boxen-und-behaelter-transport
bz.19.03.08,bz.19.03,3,Boxen & Behälter – Lebensmittel,lager-und-aufbewahrung/boxen-und-behaelter/boxen-und-behaelter-lebensmittel
bz.19.03.09,bz.19.03,3,Boxen & Behälter – Gefahrstoff,lager-und-aufbewahrung/boxen-und-behaelter/boxen-und-behaelter-gefahrstoff
bz.19.03.10,bz.19.03,3,Boxen & Behälter – Zubehör,lager-und-aufbewahrung/boxen-und-behaelter/boxen-und-behaelter-zubehoer
bz.19.04,bz.19,2,Euroboxen,lager-und-aufbewahrung/euroboxen
bz.19.04.01,bz.19.04,3,Euroboxen – Kleinlager,lager-und-aufbewahrung/euroboxen/euroboxen-kleinlager
bz.19.04.02,bz.19.04,3,Euroboxen – Großlager,lager-und-aufbewahrung/euroboxen/euroboxen-grosslager
bz.19.04.03,bz.19.04,3,Euroboxen – Industrie,lager-und-aufbewahrung/euroboxen/euroboxen-industrie
bz.19.04.04,bz.19.04,3,Euroboxen – Büro,lager-und-aufbewahrung/euroboxen/euroboxen-buero
bz.19.04.05,bz.19.04,3,Euroboxen – Werkstatt,lager-und-aufbewahrung/euroboxen/euroboxen-werkstatt
bz.19.04.06,bz.19.04,3,Euroboxen – Archiv,lager-und-aufbewahrung/euroboxen/euroboxen-archiv
bz.19.04.07,bz.19.04,3,Euroboxen – Transport,lager-und-aufbewahrung/euroboxen/euroboxen-transport
bz.19.04.08,bz.19.04,3,Euroboxen – Lebensmittel,lager-und-aufbewahrung/euroboxen/euroboxen-lebensmittel
bz.19.04.09,bz.19.04,3,Euroboxen – Gefahrstoff,lager-und-aufbewahrung/euroboxen/euroboxen-gefahrstoff
bz.19.04.10,bz.19.04,3,Euroboxen – Zubehör,lager-und-aufbewahrung/euroboxen/euroboxen-zubehoer
bz.19.05,bz.19,2,Paletten,lager-und-aufbewahrung/paletten
bz.19.05.01,bz.19.05,3,Paletten – Kleinlager,lager-und-aufbewahrung/paletten/paletten-kleinlager
bz.19.05.02,bz.19.05,3,Paletten – Großlager,lager-und-aufbewahrung/paletten/paletten-grosslager
bz.19.05.03,bz.19.05,3,Paletten – Industrie,lager-und-aufbewahrung/paletten/paletten-industrie
bz.19.05.04,bz.19.05,3,Paletten – Büro,lager-und-aufbewahrung/paletten/paletten-buero
bz.19.05.05,bz.19.05,3,Paletten – Werkstatt,lager-und-aufbewahrung/paletten/paletten-werkstatt
bz.19.05.06,bz.19.05,3,Paletten – Archiv,lager-und-aufbewahrung/paletten/paletten-archiv
bz.19.05.07,bz.19.05,3,Paletten – Transport,lager-und-aufbewahrung/paletten/paletten-transport
bz.19.05.08,bz.19.05,3,Paletten – Lebensmittel,lager-und-aufbewahrung/paletten/paletten-lebensmittel
bz.19.05.09,bz.19.05,3,Paletten – Gefahrstoff,lager-und-aufbewahrung/paletten/paletten-gefahrstoff
bz.19.05.10,bz.19.05,3,Paletten – Zubehör,lager-und-aufbewahrung/paletten/paletten-zubehoer
bz.19.06,bz.19,2,Transportgeräte,lager-und-aufbewahrung/transportgeraete
bz.19.06.01,bz.19.06,3,Transportgeräte – Kleinlager,lager-und-aufbewahrung/transportgeraete/transportgeraete-kleinlager
bz.19.06.02,bz.19.06,3,Transportgeräte – Großlager,lager-und-aufbewahrung/transportgeraete/transportgeraete-grosslager
bz.19.06.03,bz.19.06,3,Transportgeräte – Industrie,lager-und-aufbewahrung/transportgeraete/transportgeraete-industrie
bz.19.06.04,bz.19.06,3,Transportgeräte – Büro,lager-und-aufbewahrung/transportgeraete/transportgeraete-buero
bz.19.06.05,bz.19.06,3,Transportgeräte – Werkstatt,lager-und-aufbewahrung/transportgeraete/transportgeraete-werkstatt
bz.19.06.06,bz.19.06,3,Transportgeräte – Archiv,lager-und-aufbewahrung/transportgeraete/transportgeraete-archiv
bz.19.06.07,bz.19.06,3,Transportgeräte – Transport,lager-und-aufbewahrung/transportgeraete/transportgeraete-transport
bz.19.06.08,bz.19.06,3,Transportgeräte – Lebensmittel,lager-und-aufbewahrung/transportgeraete/transportgeraete-lebensmittel
bz.19.06.09,bz.19.06,3,Transportgeräte – Gefahrstoff,lager-und-aufbewahrung/transportgeraete/transportgeraete-gefahrstoff
bz.19.06.10,bz.19.06,3,Transportgeräte – Zubehör,lager-und-aufbewahrung/transportgeraete/transportgeraete-zubehoer
bz.19.07,bz.19,2,Werkstattlager,lager-und-aufbewahrung/werkstattlager
bz.19.07.01,bz.19.07,3,Werkstattlager – Kleinlager,lager-und-aufbewahrung/werkstattlager/werkstattlager-kleinlager
bz.19.07.02,bz.19.07,3,Werkstattlager – Großlager,lager-und-aufbewahrung/werkstattlager/werkstattlager-grosslager
bz.19.07.03,bz.19.07,3,Werkstattlager – Industrie,lager-und-aufbewahrung/werkstattlager/werkstattlager-industrie
bz.19.07.04,bz.19.07,3,Werkstattlager – Büro,lager-und-aufbewahrung/werkstattlager/werkstattlager-buero
bz.19.07.05,bz.19.07,3,Werkstattlager – Werkstatt,lager-und-aufbewahrung/werkstattlager/werkstattlager-werkstatt
bz.19.07.06,bz.19.07,3,Werkstattlager – Archiv,lager-und-aufbewahrung/werkstattlager/werkstattlager-archiv
bz.19.07.07,bz.19.07,3,Werkstattlager – Transport,lager-und-aufbewahrung/werkstattlager/werkstattlager-transport
bz.19.07.08,bz.19.07,3,Werkstattlager – Lebensmittel,lager-und-aufbewahrung/werkstattlager/werkstattlager-lebensmittel
bz.19.07.09,bz.19.07,3,Werkstattlager – Gefahrstoff,lager-und-aufbewahrung/werkstattlager/werkstattlager-gefahrstoff
bz.19.07.10,bz.19.07,3,Werkstattlager – Zubehör,lager-und-aufbewahrung/werkstattlager/werkstattlager-zubehoer
bz.19.08,bz.19,2,Kleinteilelager,lager-und-aufbewahrung/kleinteilelager
bz.19.08.01,bz.19.08,3,Kleinteilelager – Kleinlager,lager-und-aufbewahrung/kleinteilelager/kleinteilelager-kleinlager
bz.19.08.02,bz.19.08,3,Kleinteilelager – Großlager,lager-und-aufbewahrung/kleinteilelager/kleinteilelager-grosslager
bz.19.08.03,bz.19.08,3,Kleinteilelager – Industrie,lager-und-aufbewahrung/kleinteilelager/kleinteilelager-industrie
bz.19.08.04,bz.19.08,3,Kleinteilelager – Büro,lager-und-aufbewahrung/kleinteilelager/kleinteilelager-buero
bz.19.08.05,bz.19.08,3,Kleinteilelager – Werkstatt,lager-und-aufbewahrung/kleinteilelager/kleinteilelager-werkstatt
bz.19.08.06,bz.19.08,3,Kleinteilelager – Archiv,lager-und-aufbewahrung/kleinteilelager/kleinteilelager-archiv
bz.19.08.07,bz.19.08,3,Kleinteilelager – Transport,lager-und-aufbewahrung/kleinteilelager/kleinteilelager-transport
bz.19.08.08,bz.19.08,3,Kleinteilelager – Lebensmittel,lager-und-aufbewahrung/kleinteilelager/kleinteilelager-lebensmittel
bz.19.08.09,bz.19.08,3,Kleinteilelager – Gefahrstoff,lager-und-aufbewahrung/kleinteilelager/kleinteilelager-gefahrstoff
bz.19.08.10,bz.19.08,3,Kleinteilelager – Zubehör,lager-und-aufbewahrung/kleinteilelager/kleinteilelager-zubehoer
bz.19.09,bz.19,2,Archivierung,lager-und-aufbewahrung/archivierung
bz.19.09.01,bz.19.09,3,Archivierung – Kleinlager,lager-und-aufbewahrung/archivierung/archivierung-kleinlager
bz.19.09.02,bz.19.09,3,Archivierung – Großlager,lager-und-aufbewahrung/archivierung/archivierung-grosslager
bz.19.09.03,bz.19.09,3,Archivierung – Industrie,lager-und-aufbewahrung/archivierung/archivierung-industrie
bz.19.09.04,bz.19.09,3,Archivierung – Büro,lager-und-aufbewahrung/archivierung/archivierung-buero
bz.19.09.05,bz.19.09,3,Archivierung – Werkstatt,lager-und-aufbewahrung/archivierung/archivierung-werkstatt
bz.19.09.06,bz.19.09,3,Archivierung – Archiv,lager-und-aufbewahrung/archivierung/archivierung-archiv
bz.19.09.07,bz.19.09,3,Archivierung – Transport,lager-und-aufbewahrung/archivierung/archivierung-transport
bz.19.09.08,bz.19.09,3,Archivierung – Lebensmittel,lager-und-aufbewahrung/archivierung/archivierung-lebensmittel
bz.19.09.09,bz.19.09,3,Archivierung – Gefahrstoff,lager-und-aufbewahrung/archivierung/archivierung-gefahrstoff
bz.19.09.10,bz.19.09,3,Archivierung – Zubehör,lager-und-aufbewahrung/archivierung/archivierung-zubehoer
bz.19.10,bz.19,2,Beschriftung,lager-und-aufbewahrung/beschriftung
bz.19.10.01,bz.19.10,3,Beschriftung – Kleinlager,lager-und-aufbewahrung/beschriftung/beschriftung-kleinlager
bz.19.10.02,bz.19.10,3,Beschriftung – Großlager,lager-und-aufbewahrung/beschriftung/beschriftung-grosslager
bz.19.10.03,bz.19.10,3,Beschriftung – Industrie,lager-und-aufbewahrung/beschriftung/beschriftung-industrie
bz.19.10.04,bz.19.10,3,Beschriftung – Büro,lager-und-aufbewahrung/beschriftung/beschriftung-buero
bz.19.10.05,bz.19.10,3,Beschriftung – Werkstatt,lager-und-aufbewahrung/beschriftung/beschriftung-werkstatt
bz.19.10.06,bz.19.10,3,Beschriftung – Archiv,lager-und-aufbewahrung/beschriftung/beschriftung-archiv
bz.19.10.07,bz.19.10,3,Beschriftung – Transport,lager-und-aufbewahrung/beschriftung/beschriftung-transport
bz.19.10.08,bz.19.10,3,Beschriftung – Lebensmittel,lager-und-aufbewahrung/beschriftung/beschriftung-lebensmittel
bz.19.10.09,bz.19.10,3,Beschriftung – Gefahrstoff,lager-und-aufbewahrung/beschriftung/beschriftung-gefahrstoff
bz.19.10.10,bz.19.10,3,Beschriftung – Zubehör,lager-und-aufbewahrung/beschriftung/beschriftung-zubehoer
bz.19.11,bz.19,2,Lagerautomation,lager-und-aufbewahrung/lagerautomation
bz.19.11.01,bz.19.11,3,Lagerautomation – Kleinlager,lager-und-aufbewahrung/lagerautomation/lagerautomation-kleinlager
bz.19.11.02,bz.19.11,3,Lagerautomation – Großlager,lager-und-aufbewahrung/lagerautomation/lagerautomation-grosslager
bz.19.11.03,bz.19.11,3,Lagerautomation – Industrie,lager-und-aufbewahrung/lagerautomation/lagerautomation-industrie
bz.19.11.04,bz.19.11,3,Lagerautomation – Büro,lager-und-aufbewahrung/lagerautomation/lagerautomation-buero
bz.19.11.05,bz.19.11,3,Lagerautomation – Werkstatt,lager-und-aufbewahrung/lagerautomation/lagerautomation-werkstatt
bz.19.11.06,bz.19.11,3,Lagerautomation – Archiv,lager-und-aufbewahrung/lagerautomation/lagerautomation-archiv
bz.19.11.07,bz.19.11,3,Lagerautomation – Transport,lager-und-aufbewahrung/lagerautomation/lagerautomation-transport
bz.19.11.08,bz.19.11,3,Lagerautomation – Lebensmittel,lager-und-aufbewahrung/lagerautomation/lagerautomation-lebensmittel
bz.19.11.09,bz.19.11,3,Lagerautomation – Gefahrstoff,lager-und-aufbewahrung/lagerautomation/lagerautomation-gefahrstoff
bz.19.11.10,bz.19.11,3,Lagerautomation – Zubehör,lager-und-aufbewahrung/lagerautomation/lagerautomation-zubehoer
bz.19.12,bz.19,2,Sicherheitslagerung,lager-und-aufbewahrung/sicherheitslagerung
bz.19.12.01,bz.19.12,3,Sicherheitslagerung – Kleinlager,lager-und-aufbewahrung/sicherheitslagerung/sicherheitslagerung-kleinlager
bz.19.12.02,bz.19.12,3,Sicherheitslagerung – Großlager,lager-und-aufbewahrung/sicherheitslagerung/sicherheitslagerung-grosslager
bz.19.12.03,bz.19.12,3,Sicherheitslagerung – Industrie,lager-und-aufbewahrung/sicherheitslagerung/sicherheitslagerung-industrie
bz.19.12.04,bz.19.12,3,Sicherheitslagerung – Büro,lager-und-aufbewahrung/sicherheitslagerung/sicherheitslagerung-buero
bz.19.12.05,bz.19.12,3,Sicherheitslagerung – Werkstatt,lager-und-aufbewahrung/sicherheitslagerung/sicherheitslagerung-werkstatt
bz.19.12.06,bz.19.12,3,Sicherheitslagerung – Archiv,lager-und-aufbewahrung/sicherheitslagerung/sicherheitslagerung-archiv
bz.19.12.07,bz.19.12,3,Sicherheitslagerung – Transport,lager-und-aufbewahrung/sicherheitslagerung/sicherheitslagerung-transport
bz.19.12.08,bz.19.12,3,Sicherheitslagerung – Lebensmittel,lager-und-aufbewahrung/sicherheitslagerung/sicherheitslagerung-lebensmittel
bz.19.12.09,bz.19.12,3,Sicherheitslagerung – Gefahrstoff,lager-und-aufbewahrung/sicherheitslagerung/sicherheitslagerung-gefahrstoff
bz.19.12.10,bz.19.12,3,Sicherheitslagerung – Zubehör,lager-und-aufbewahrung/sicherheitslagerung/sicherheitslagerung-zubehoer
bz.20,,1,Autozubehör,autozubehoer
bz.20.01,bz.20,2,Innenraumzubehör,autozubehoer/innenraumzubehoer
bz.20.01.01,bz.20.01,3,Innenraumzubehör – PKW,autozubehoer/innenraumzubehoer/innenraumzubehoer-pkw
bz.20.01.02,bz.20.01,3,Innenraumzubehör – SUV,autozubehoer/innenraumzubehoer/innenraumzubehoer-suv
bz.20.01.03,bz.20.01,3,Innenraumzubehör – Transporter,autozubehoer/innenraumzubehoer/innenraumzubehoer-transporter
bz.20.01.04,bz.20.01,3,Innenraumzubehör – Wohnmobil,autozubehoer/innenraumzubehoer/innenraumzubehoer-wohnmobil
bz.20.01.05,bz.20.01,3,Innenraumzubehör – LKW,autozubehoer/innenraumzubehoer/innenraumzubehoer-lkw
bz.20.01.06,bz.20.01,3,Innenraumzubehör – Tuning,autozubehoer/innenraumzubehoer/innenraumzubehoer-tuning
bz.20.01.07,bz.20.01,3,Innenraumzubehör – Komfort,autozubehoer/innenraumzubehoer/innenraumzubehoer-komfort
bz.20.01.08,bz.20.01,3,Innenraumzubehör – Outdoor,autozubehoer/innenraumzubehoer/innenraumzubehoer-outdoor
bz.20.01.09,bz.20.01,3,Innenraumzubehör – Profi,autozubehoer/innenraumzubehoer/innenraumzubehoer-profi
bz.20.01.10,bz.20.01,3,Innenraumzubehör – Zubehör,autozubehoer/innenraumzubehoer/innenraumzubehoer-zubehoer
bz.20.02,bz.20,2,Außenzubehör,autozubehoer/aussenzubehoer
bz.20.02.01,bz.20.02,3,Außenzubehör – PKW,autozubehoer/aussenzubehoer/aussenzubehoer-pkw
bz.20.02.02,bz.20.02,3,Außenzubehör – SUV,autozubehoer/aussenzubehoer/aussenzubehoer-suv
bz.20.02.03,bz.20.02,3,Außenzubehör – Transporter,autozubehoer/aussenzubehoer/aussenzubehoer-transporter
bz.20.02.04,bz.20.02,3,Außenzubehör – Wohnmobil,autozubehoer/aussenzubehoer/aussenzubehoer-wohnmobil
bz.20.02.05,bz.20.02,3,Außenzubehör – LKW,autozubehoer/aussenzubehoer/aussenzubehoer-lkw
bz.20.02.06,bz.20.02,3,Außenzubehör – Tuning,autozubehoer/aussenzubehoer/aussenzubehoer-tuning
bz.20.02.07,bz.20.02,3,Außenzubehör – Komfort,autozubehoer/aussenzubehoer/aussenzubehoer-komfort
bz.20.02.08,bz.20.02,3,Außenzubehör – Outdoor,autozubehoer/aussenzubehoer/aussenzubehoer-outdoor
bz.20.02.09,bz.20.02,3,Außenzubehör – Profi,autozubehoer/aussenzubehoer/aussenzubehoer-profi
bz.20.02.10,bz.20.02,3,Außenzubehör – Zubehör,autozubehoer/aussenzubehoer/aussenzubehoer-zubehoer
bz.20.03,bz.20,2,Dach & Transport,autozubehoer/dach-und-transport
bz.20.03.01,bz.20.03,3,Dach & Transport – PKW,autozubehoer/dach-und-transport/dach-und-transport-pkw
bz.20.03.02,bz.20.03,3,Dach & Transport – SUV,autozubehoer/dach-und-transport/dach-und-transport-suv
bz.20.03.03,bz.20.03,3,Dach & Transport – Transporter,autozubehoer/dach-und-transport/dach-und-transport-transporter
bz.20.03.04,bz.20.03,3,Dach & Transport – Wohnmobil,autozubehoer/dach-und-transport/dach-und-transport-wohnmobil
bz.20.03.05,bz.20.03,3,Dach & Transport – LKW,autozubehoer/dach-und-transport/dach-und-transport-lkw
bz.20.03.06,bz.20.03,3,Dach & Transport – Tuning,autozubehoer/dach-und-transport/dach-und-transport-tuning
bz.20.03.07,bz.20.03,3,Dach & Transport – Komfort,autozubehoer/dach-und-transport/dach-und-transport-komfort
bz.20.03.08,bz.20.03,3,Dach & Transport – Outdoor,autozubehoer/dach-und-transport/dach-und-transport-outdoor
bz.20.03.09,bz.20.03,3,Dach & Transport – Profi,autozubehoer/dach-und-transport/dach-und-transport-profi
bz.20.03.10,bz.20.03,3,Dach & Transport – Zubehör,autozubehoer/dach-und-transport/dach-und-transport-zubehoer
bz.20.04,bz.20,2,Anhängerzubehör,autozubehoer/anhaengerzubehoer
bz.20.04.01,bz.20.04,3,Anhängerzubehör – PKW,autozubehoer/anhaengerzubehoer/anhaengerzubehoer-pkw
bz.20.04.02,bz.20.04,3,Anhängerzubehör – SUV,autozubehoer/anhaengerzubehoer/anhaengerzubehoer-suv
bz.20.04.03,bz.20.04,3,Anhängerzubehör – Transporter,autozubehoer/anhaengerzubehoer/anhaengerzubehoer-transporter
bz.20.04.04,bz.20.04,3,Anhängerzubehör – Wohnmobil,autozubehoer/anhaengerzubehoer/anhaengerzubehoer-wohnmobil
bz.20.04.05,bz.20.04,3,Anhängerzubehör – LKW,autozubehoer/anhaengerzubehoer/anhaengerzubehoer-lkw
bz.20.04.06,bz.20.04,3,Anhängerzubehör – Tuning,autozubehoer/anhaengerzubehoer/anhaengerzubehoer-tuning
bz.20.04.07,bz.20.04,3,Anhängerzubehör – Komfort,autozubehoer/anhaengerzubehoer/anhaengerzubehoer-komfort
bz.20.04.08,bz.20.04,3,Anhängerzubehör – Outdoor,autozubehoer/anhaengerzubehoer/anhaengerzubehoer-outdoor
bz.20.04.09,bz.20.04,3,Anhängerzubehör – Profi,autozubehoer/anhaengerzubehoer/anhaengerzubehoer-profi
bz.20.04.10,bz.20.04,3,Anhängerzubehör – Zubehör,autozubehoer/anhaengerzubehoer/anhaengerzubehoer-zubehoer
bz.20.05,bz.20,2,Fahrradträger,autozubehoer/fahrradtraeger
bz.20.05.01,bz.20.05,3,Fahrradträger – PKW,autozubehoer/fahrradtraeger/fahrradtraeger-pkw
bz.20.05.02,bz.20.05,3,Fahrradträger – SUV,autozubehoer/fahrradtraeger/fahrradtraeger-suv
bz.20.05.03,bz.20.05,3,Fahrradträger – Transporter,autozubehoer/fahrradtraeger/fahrradtraeger-transporter
bz.20.05.04,bz.20.05,3,Fahrradträger – Wohnmobil,autozubehoer/fahrradtraeger/fahrradtraeger-wohnmobil
bz.20.05.05,bz.20.05,3,Fahrradträger – LKW,autozubehoer/fahrradtraeger/fahrradtraeger-lkw
bz.20.05.06,bz.20.05,3,Fahrradträger – Tuning,autozubehoer/fahrradtraeger/fahrradtraeger-tuning
bz.20.05.07,bz.20.05,3,Fahrradträger – Komfort,autozubehoer/fahrradtraeger/fahrradtraeger-komfort
bz.20.05.08,bz.20.05,3,Fahrradträger – Outdoor,autozubehoer/fahrradtraeger/fahrradtraeger-outdoor
bz.20.05.09,bz.20.05,3,Fahrradträger – Profi,autozubehoer/fahrradtraeger/fahrradtraeger-profi
bz.20.05.10,bz.20.05,3,Fahrradträger – Zubehör,autozubehoer/fahrradtraeger/fahrradtraeger-zubehoer
bz.20.06,bz.20,2,Tuning,autozubehoer/tuning
bz.20.06.01,bz.20.06,3,Tuning – PKW,autozubehoer/tuning/tuning-pkw
bz.20.06.02,bz.20.06,3,Tuning – SUV,autozubehoer/tuning/tuning-suv
bz.20.06.03,bz.20.06,3,Tuning – Transporter,autozubehoer/tuning/tuning-transporter
bz.20.06.04,bz.20.06,3,Tuning – Wohnmobil,autozubehoer/tuning/tuning-wohnmobil
bz.20.06.05,bz.20.06,3,Tuning – LKW,autozubehoer/tuning/tuning-lkw
bz.20.06.06,bz.20.06,3,Tuning – Tuning,autozubehoer/tuning/tuning-tuning
bz.20.06.07,bz.20.06,3,Tuning – Komfort,autozubehoer/tuning/tuning-komfort
bz.20.06.08,bz.20.06,3,Tuning – Outdoor,autozubehoer/tuning/tuning-outdoor
bz.20.06.09,bz.20.06,3,Tuning – Profi,autozubehoer/tuning/tuning-profi
bz.20.06.10,bz.20.06,3,Tuning – Zubehör,autozubehoer/tuning/tuning-zubehoer
bz.20.07,bz.20,2,Komfort,autozubehoer/komfort
bz.20.07.01,bz.20.07,3,Komfort – PKW,autozubehoer/komfort/komfort-pkw
bz.20.07.02,bz.20.07,3,Komfort – SUV,autozubehoer/komfort/komfort-suv
bz.20.07.03,bz.20.07,3,Komfort – Transporter,autozubehoer/komfort/komfort-transporter
bz.20.07.04,bz.20.07,3,Komfort – Wohnmobil,autozubehoer/komfort/komfort-wohnmobil
bz.20.07.05,bz.20.07,3,Komfort – LKW,autozubehoer/komfort/komfort-lkw
bz.20.07.06,bz.20.07,3,Komfort – Tuning,autozubehoer/komfort/komfort-tuning
bz.20.07.07,bz.20.07,3,Komfort – Komfort,autozubehoer/komfort/komfort-komfort
bz.20.07.08,bz.20.07,3,Komfort – Outdoor,autozubehoer/komfort/komfort-outdoor
bz.20.07.09,bz.20.07,3,Komfort – Profi,autozubehoer/komfort/komfort-profi
bz.20.07.10,bz.20.07,3,Komfort – Zubehör,autozubehoer/komfort/komfort-zubehoer
bz.20.08,bz.20,2,Schutz & Abdeckung,autozubehoer/schutz-und-abdeckung
bz.20.08.01,bz.20.08,3,Schutz & Abdeckung – PKW,autozubehoer/schutz-und-abdeckung/schutz-und-abdeckung-pkw
bz.20.08.02,bz.20.08,3,Schutz & Abdeckung – SUV,autozubehoer/schutz-und-abdeckung/schutz-und-abdeckung-suv
bz.20.08.03,bz.20.08,3,Schutz & Abdeckung – Transporter,autozubehoer/schutz-und-abdeckung/schutz-und-abdeckung-transporter
bz.20.08.04,bz.20.08,3,Schutz & Abdeckung – Wohnmobil,autozubehoer/schutz-und-abdeckung/schutz-und-abdeckung-wohnmobil
bz.20.08.05,bz.20.08,3,Schutz & Abdeckung – LKW,autozubehoer/schutz-und-abdeckung/schutz-und-abdeckung-lkw
bz.20.08.06,bz.20.08,3,Schutz & Abdeckung – Tuning,autozubehoer/schutz-und-abdeckung/schutz-und-abdeckung-tuning
bz.20.08.07,bz.20.08,3,Schutz & Abdeckung – Komfort,autozubehoer/schutz-und-abdeckung/schutz-und-abdeckung-komfort
bz.20.08.08,bz.20.08,3,Schutz & Abdeckung – Outdoor,autozubehoer/schutz-und-abdeckung/schutz-und-abdeckung-outdoor
bz.20.08.09,bz.20.08,3,Schutz & Abdeckung – Profi,autozubehoer/schutz-und-abdeckung/schutz-und-abdeckung-profi
bz.20.08.10,bz.20.08,3,Schutz & Abdeckung – Zubehör,autozubehoer/schutz-und-abdeckung/schutz-und-abdeckung-zubehoer
bz.20.09,bz.20,2,Caravan-Zubehör,autozubehoer/caravan-zubehoer
bz.20.09.01,bz.20.09,3,Caravan-Zubehör – PKW,autozubehoer/caravan-zubehoer/caravan-zubehoer-pkw
bz.20.09.02,bz.20.09,3,Caravan-Zubehör – SUV,autozubehoer/caravan-zubehoer/caravan-zubehoer-suv
bz.20.09.03,bz.20.09,3,Caravan-Zubehör – Transporter,autozubehoer/caravan-zubehoer/caravan-zubehoer-transporter
bz.20.09.04,bz.20.09,3,Caravan-Zubehör – Wohnmobil,autozubehoer/caravan-zubehoer/caravan-zubehoer-wohnmobil
bz.20.09.05,bz.20.09,3,Caravan-Zubehör – LKW,autozubehoer/caravan-zubehoer/caravan-zubehoer-lkw
bz.20.09.06,bz.20.09,3,Caravan-Zubehör – Tuning,autozubehoer/caravan-zubehoer/caravan-zubehoer-tuning
bz.20.09.07,bz.20.09,3,Caravan-Zubehör – Komfort,autozubehoer/caravan-zubehoer/caravan-zubehoer-komfort
bz.20.09.08,bz.20.09,3,Caravan-Zubehör – Outdoor,autozubehoer/caravan-zubehoer/caravan-zubehoer-outdoor
bz.20.09.09,bz.20.09,3,Caravan-Zubehör – Profi,autozubehoer/caravan-zubehoer/caravan-zubehoer-profi
bz.20.09.10,bz.20.09,3,Caravan-Zubehör – Zubehör,autozubehoer/caravan-zubehoer/caravan-zubehoer-zubehoer
bz.20.10,bz.20,2,Campingfahrzeug-Zubehör,autozubehoer/campingfahrzeug-zubehoer
bz.20.10.01,bz.20.10,3,Campingfahrzeug-Zubehör – PKW,autozubehoer/campingfahrzeug-zubehoer/campingfahrzeug-zubehoer-pkw
bz.20.10.02,bz.20.10,3,Campingfahrzeug-Zubehör – SUV,autozubehoer/campingfahrzeug-zubehoer/campingfahrzeug-zubehoer-suv
bz.20.10.03,bz.20.10,3,Campingfahrzeug-Zubehör – Transporter,autozubehoer/campingfahrzeug-zubehoer/campingfahrzeug-zubehoer-transporter
bz.20.10.04,bz.20.10,3,Campingfahrzeug-Zubehör – Wohnmobil,autozubehoer/campingfahrzeug-zubehoer/campingfahrzeug-zubehoer-wohnmobil
bz.20.10.05,bz.20.10,3,Campingfahrzeug-Zubehör – LKW,autozubehoer/campingfahrzeug-zubehoer/campingfahrzeug-zubehoer-lkw
bz.20.10.06,bz.20.10,3,Campingfahrzeug-Zubehör – Tuning,autozubehoer/campingfahrzeug-zubehoer/campingfahrzeug-zubehoer-tuning
bz.20.10.07,bz.20.10,3,Campingfahrzeug-Zubehör – Komfort,autozubehoer/campingfahrzeug-zubehoer/campingfahrzeug-zubehoer-komfort
bz.20.10.08,bz.20.10,3,Campingfahrzeug-Zubehör – Outdoor,autozubehoer/campingfahrzeug-zubehoer/campingfahrzeug-zubehoer-outdoor
bz.20.10.09,bz.20.10,3,Campingfahrzeug-Zubehör – Profi,autozubehoer/campingfahrzeug-zubehoer/campingfahrzeug-zubehoer-profi
bz.20.10.10,bz.20.10,3,Campingfahrzeug-Zubehör – Zubehör,autozubehoer/campingfahrzeug-zubehoer/campingfahrzeug-zubehoer-zubehoer
bz.20.11,bz.20,2,Reparaturzubehör,autozubehoer/reparaturzubehoer
bz.20.11.01,bz.20.11,3,Reparaturzubehör – PKW,autozubehoer/reparaturzubehoer/reparaturzubehoer-pkw
bz.20.11.02,bz.20.11,3,Reparaturzubehör – SUV,autozubehoer/reparaturzubehoer/reparaturzubehoer-suv
bz.20.11.03,bz.20.11,3,Reparaturzubehör – Transporter,autozubehoer/reparaturzubehoer/reparaturzubehoer-transporter
bz.20.11.04,bz.20.11,3,Reparaturzubehör – Wohnmobil,autozubehoer/reparaturzubehoer/reparaturzubehoer-wohnmobil
bz.20.11.05,bz.20.11,3,Reparaturzubehör – LKW,autozubehoer/reparaturzubehoer/reparaturzubehoer-lkw
bz.20.11.06,bz.20.11,3,Reparaturzubehör – Tuning,autozubehoer/reparaturzubehoer/reparaturzubehoer-tuning
bz.20.11.07,bz.20.11,3,Reparaturzubehör – Komfort,autozubehoer/reparaturzubehoer/reparaturzubehoer-komfort
bz.20.11.08,bz.20.11,3,Reparaturzubehör – Outdoor,autozubehoer/reparaturzubehoer/reparaturzubehoer-outdoor
bz.20.11.09,bz.20.11,3,Reparaturzubehör – Profi,autozubehoer/reparaturzubehoer/reparaturzubehoer-profi
bz.20.11.10,bz.20.11,3,Reparaturzubehör – Zubehör,autozubehoer/reparaturzubehoer/reparaturzubehoer-zubehoer
bz.20.12,bz.20,2,Fahrzeugorganisation,autozubehoer/fahrzeugorganisation
bz.20.12.01,bz.20.12,3,Fahrzeugorganisation – PKW,autozubehoer/fahrzeugorganisation/fahrzeugorganisation-pkw
bz.20.12.02,bz.20.12,3,Fahrzeugorganisation – SUV,autozubehoer/fahrzeugorganisation/fahrzeugorganisation-suv
bz.20.12.03,bz.20.12,3,Fahrzeugorganisation – Transporter,autozubehoer/fahrzeugorganisation/fahrzeugorganisation-transporter
bz.20.12.04,bz.20.12,3,Fahrzeugorganisation – Wohnmobil,autozubehoer/fahrzeugorganisation/fahrzeugorganisation-wohnmobil
bz.20.12.05,bz.20.12,3,Fahrzeugorganisation – LKW,autozubehoer/fahrzeugorganisation/fahrzeugorganisation-lkw
bz.20.12.06,bz.20.12,3,Fahrzeugorganisation – Tuning,autozubehoer/fahrzeugorganisation/fahrzeugorganisation-tuning
bz.20.12.07,bz.20.12,3,Fahrzeugorganisation – Komfort,autozubehoer/fahrzeugorganisation/fahrzeugorganisation-komfort
bz.20.12.08,bz.20.12,3,Fahrzeugorganisation – Outdoor,autozubehoer/fahrzeugorganisation/fahrzeugorganisation-outdoor
bz.20.12.09,bz.20.12,3,Fahrzeugorganisation – Profi,autozubehoer/fahrzeugorganisation/fahrzeugorganisation-profi
bz.20.12.10,bz.20.12,3,Fahrzeugorganisation – Zubehör,autozubehoer/fahrzeugorganisation/fahrzeugorganisation-zubehoer
bz.21,,1,Motorrad & Zubehör,motorrad-und-zubehoer
bz.21.01,bz.21,2,Motorradteile,motorrad-und-zubehoer/motorradteile
bz.21.01.01,bz.21.01,3,Motorradteile – Naked,motorrad-und-zubehoer/motorradteile/motorradteile-naked
bz.21.01.02,bz.21.01,3,Motorradteile – Sport,motorrad-und-zubehoer/motorradteile/motorradteile-sport
bz.21.01.03,bz.21.01,3,Motorradteile – Touring,motorrad-und-zubehoer/motorradteile/motorradteile-touring
bz.21.01.04,bz.21.01,3,Motorradteile – Enduro,motorrad-und-zubehoer/motorradteile/motorradteile-enduro
bz.21.01.05,bz.21.01,3,Motorradteile – Cruiser,motorrad-und-zubehoer/motorradteile/motorradteile-cruiser
bz.21.01.06,bz.21.01,3,Motorradteile – Roller,motorrad-und-zubehoer/motorradteile/motorradteile-roller
bz.21.01.07,bz.21.01,3,Motorradteile – Offroad,motorrad-und-zubehoer/motorradteile/motorradteile-offroad
bz.21.01.08,bz.21.01,3,Motorradteile – Profi,motorrad-und-zubehoer/motorradteile/motorradteile-profi
bz.21.01.09,bz.21.01,3,Motorradteile – Vintage,motorrad-und-zubehoer/motorradteile/motorradteile-vintage
bz.21.01.10,bz.21.01,3,Motorradteile – Zubehör,motorrad-und-zubehoer/motorradteile/motorradteile-zubehoer
bz.21.02,bz.21,2,Motor & Getriebe,motorrad-und-zubehoer/motor-und-getriebe
bz.21.02.01,bz.21.02,3,Motor & Getriebe – Naked,motorrad-und-zubehoer/motor-und-getriebe/motor-und-getriebe-naked
bz.21.02.02,bz.21.02,3,Motor & Getriebe – Sport,motorrad-und-zubehoer/motor-und-getriebe/motor-und-getriebe-sport
bz.21.02.03,bz.21.02,3,Motor & Getriebe – Touring,motorrad-und-zubehoer/motor-und-getriebe/motor-und-getriebe-touring
bz.21.02.04,bz.21.02,3,Motor & Getriebe – Enduro,motorrad-und-zubehoer/motor-und-getriebe/motor-und-getriebe-enduro
bz.21.02.05,bz.21.02,3,Motor & Getriebe – Cruiser,motorrad-und-zubehoer/motor-und-getriebe/motor-und-getriebe-cruiser
bz.21.02.06,bz.21.02,3,Motor & Getriebe – Roller,motorrad-und-zubehoer/motor-und-getriebe/motor-und-getriebe-roller
bz.21.02.07,bz.21.02,3,Motor & Getriebe – Offroad,motorrad-und-zubehoer/motor-und-getriebe/motor-und-getriebe-offroad
bz.21.02.08,bz.21.02,3,Motor & Getriebe – Profi,motorrad-und-zubehoer/motor-und-getriebe/motor-und-getriebe-profi
bz.21.02.09,bz.21.02,3,Motor & Getriebe – Vintage,motorrad-und-zubehoer/motor-und-getriebe/motor-und-getriebe-vintage
bz.21.02.10,bz.21.02,3,Motor & Getriebe – Zubehör,motorrad-und-zubehoer/motor-und-getriebe/motor-und-getriebe-zubehoer
bz.21.03,bz.21,2,Bremsen,motorrad-und-zubehoer/bremsen
bz.21.03.01,bz.21.03,3,Bremsen – Naked,motorrad-und-zubehoer/bremsen/bremsen-naked
bz.21.03.02,bz.21.03,3,Bremsen – Sport,motorrad-und-zubehoer/bremsen/bremsen-sport
bz.21.03.03,bz.21.03,3,Bremsen – Touring,motorrad-und-zubehoer/bremsen/bremsen-touring
bz.21.03.04,bz.21.03,3,Bremsen – Enduro,motorrad-und-zubehoer/bremsen/bremsen-enduro
bz.21.03.05,bz.21.03,3,Bremsen – Cruiser,motorrad-und-zubehoer/bremsen/bremsen-cruiser
bz.21.03.06,bz.21.03,3,Bremsen – Roller,motorrad-und-zubehoer/bremsen/bremsen-roller
bz.21.03.07,bz.21.03,3,Bremsen – Offroad,motorrad-und-zubehoer/bremsen/bremsen-offroad
bz.21.03.08,bz.21.03,3,Bremsen – Profi,motorrad-und-zubehoer/bremsen/bremsen-profi
bz.21.03.09,bz.21.03,3,Bremsen – Vintage,motorrad-und-zubehoer/bremsen/bremsen-vintage
bz.21.03.10,bz.21.03,3,Bremsen – Zubehör,motorrad-und-zubehoer/bremsen/bremsen-zubehoer
bz.21.04,bz.21,2,Fahrwerk,motorrad-und-zubehoer/fahrwerk
bz.21.04.01,bz.21.04,3,Fahrwerk – Naked,motorrad-und-zubehoer/fahrwerk/fahrwerk-naked
bz.21.04.02,bz.21.04,3,Fahrwerk – Sport,motorrad-und-zubehoer/fahrwerk/fahrwerk-sport
bz.21.04.03,bz.21.04,3,Fahrwerk – Touring,motorrad-und-zubehoer/fahrwerk/fahrwerk-touring
bz.21.04.04,bz.21.04,3,Fahrwerk – Enduro,motorrad-und-zubehoer/fahrwerk/fahrwerk-enduro
bz.21.04.05,bz.21.04,3,Fahrwerk – Cruiser,motorrad-und-zubehoer/fahrwerk/fahrwerk-cruiser
bz.21.04.06,bz.21.04,3,Fahrwerk – Roller,motorrad-und-zubehoer/fahrwerk/fahrwerk-roller
bz.21.04.07,bz.21.04,3,Fahrwerk – Offroad,motorrad-und-zubehoer/fahrwerk/fahrwerk-offroad
bz.21.04.08,bz.21.04,3,Fahrwerk – Profi,motorrad-und-zubehoer/fahrwerk/fahrwerk-profi
bz.21.04.09,bz.21.04,3,Fahrwerk – Vintage,motorrad-und-zubehoer/fahrwerk/fahrwerk-vintage
bz.21.04.10,bz.21.04,3,Fahrwerk – Zubehör,motorrad-und-zubehoer/fahrwerk/fahrwerk-zubehoer
bz.21.05,bz.21,2,Elektrik,motorrad-und-zubehoer/elektrik
bz.21.05.01,bz.21.05,3,Elektrik – Naked,motorrad-und-zubehoer/elektrik/elektrik-naked
bz.21.05.02,bz.21.05,3,Elektrik – Sport,motorrad-und-zubehoer/elektrik/elektrik-sport
bz.21.05.03,bz.21.05,3,Elektrik – Touring,motorrad-und-zubehoer/elektrik/elektrik-touring
bz.21.05.04,bz.21.05,3,Elektrik – Enduro,motorrad-und-zubehoer/elektrik/elektrik-enduro
bz.21.05.05,bz.21.05,3,Elektrik – Cruiser,motorrad-und-zubehoer/elektrik/elektrik-cruiser
bz.21.05.06,bz.21.05,3,Elektrik – Roller,motorrad-und-zubehoer/elektrik/elektrik-roller
bz.21.05.07,bz.21.05,3,Elektrik – Offroad,motorrad-und-zubehoer/elektrik/elektrik-offroad
bz.21.05.08,bz.21.05,3,Elektrik – Profi,motorrad-und-zubehoer/elektrik/elektrik-profi
bz.21.05.09,bz.21.05,3,Elektrik – Vintage,motorrad-und-zubehoer/elektrik/elektrik-vintage
bz.21.05.10,bz.21.05,3,Elektrik – Zubehör,motorrad-und-zubehoer/elektrik/elektrik-zubehoer
bz.21.06,bz.21,2,Auspuff,motorrad-und-zubehoer/auspuff
bz.21.06.01,bz.21.06,3,Auspuff – Naked,motorrad-und-zubehoer/auspuff/auspuff-naked
bz.21.06.02,bz.21.06,3,Auspuff – Sport,motorrad-und-zubehoer/auspuff/auspuff-sport
bz.21.06.03,bz.21.06,3,Auspuff – Touring,motorrad-und-zubehoer/auspuff/auspuff-touring
bz.21.06.04,bz.21.06,3,Auspuff – Enduro,motorrad-und-zubehoer/auspuff/auspuff-enduro
bz.21.06.05,bz.21.06,3,Auspuff – Cruiser,motorrad-und-zubehoer/auspuff/auspuff-cruiser
bz.21.06.06,bz.21.06,3,Auspuff – Roller,motorrad-und-zubehoer/auspuff/auspuff-roller
bz.21.06.07,bz.21.06,3,Auspuff – Offroad,motorrad-und-zubehoer/auspuff/auspuff-offroad
bz.21.06.08,bz.21.06,3,Auspuff – Profi,motorrad-und-zubehoer/auspuff/auspuff-profi
bz.21.06.09,bz.21.06,3,Auspuff – Vintage,motorrad-und-zubehoer/auspuff/auspuff-vintage
bz.21.06.10,bz.21.06,3,Auspuff – Zubehör,motorrad-und-zubehoer/auspuff/auspuff-zubehoer
bz.21.07,bz.21,2,Kettenantrieb,motorrad-und-zubehoer/kettenantrieb
bz.21.07.01,bz.21.07,3,Kettenantrieb – Naked,motorrad-und-zubehoer/kettenantrieb/kettenantrieb-naked
bz.21.07.02,bz.21.07,3,Kettenantrieb – Sport,motorrad-und-zubehoer/kettenantrieb/kettenantrieb-sport
bz.21.07.03,bz.21.07,3,Kettenantrieb – Touring,motorrad-und-zubehoer/kettenantrieb/kettenantrieb-touring
bz.21.07.04,bz.21.07,3,Kettenantrieb – Enduro,motorrad-und-zubehoer/kettenantrieb/kettenantrieb-enduro
bz.21.07.05,bz.21.07,3,Kettenantrieb – Cruiser,motorrad-und-zubehoer/kettenantrieb/kettenantrieb-cruiser
bz.21.07.06,bz.21.07,3,Kettenantrieb – Roller,motorrad-und-zubehoer/kettenantrieb/kettenantrieb-roller
bz.21.07.07,bz.21.07,3,Kettenantrieb – Offroad,motorrad-und-zubehoer/kettenantrieb/kettenantrieb-offroad
bz.21.07.08,bz.21.07,3,Kettenantrieb – Profi,motorrad-und-zubehoer/kettenantrieb/kettenantrieb-profi
bz.21.07.09,bz.21.07,3,Kettenantrieb – Vintage,motorrad-und-zubehoer/kettenantrieb/kettenantrieb-vintage
bz.21.07.10,bz.21.07,3,Kettenantrieb – Zubehör,motorrad-und-zubehoer/kettenantrieb/kettenantrieb-zubehoer
bz.21.08,bz.21,2,Bekleidung,motorrad-und-zubehoer/bekleidung
bz.21.08.01,bz.21.08,3,Bekleidung – Naked,motorrad-und-zubehoer/bekleidung/bekleidung-naked
bz.21.08.02,bz.21.08,3,Bekleidung – Sport,motorrad-und-zubehoer/bekleidung/bekleidung-sport
bz.21.08.03,bz.21.08,3,Bekleidung – Touring,motorrad-und-zubehoer/bekleidung/bekleidung-touring
bz.21.08.04,bz.21.08,3,Bekleidung – Enduro,motorrad-und-zubehoer/bekleidung/bekleidung-enduro
bz.21.08.05,bz.21.08,3,Bekleidung – Cruiser,motorrad-und-zubehoer/bekleidung/bekleidung-cruiser
bz.21.08.06,bz.21.08,3,Bekleidung – Roller,motorrad-und-zubehoer/bekleidung/bekleidung-roller
bz.21.08.07,bz.21.08,3,Bekleidung – Offroad,motorrad-und-zubehoer/bekleidung/bekleidung-offroad
bz.21.08.08,bz.21.08,3,Bekleidung – Profi,motorrad-und-zubehoer/bekleidung/bekleidung-profi
bz.21.08.09,bz.21.08,3,Bekleidung – Vintage,motorrad-und-zubehoer/bekleidung/bekleidung-vintage
bz.21.08.10,bz.21.08,3,Bekleidung – Zubehör,motorrad-und-zubehoer/bekleidung/bekleidung-zubehoer
bz.21.09,bz.21,2,Helme,motorrad-und-zubehoer/helme
bz.21.09.01,bz.21.09,3,Helme – Naked,motorrad-und-zubehoer/helme/helme-naked
bz.21.09.02,bz.21.09,3,Helme – Sport,motorrad-und-zubehoer/helme/helme-sport
bz.21.09.03,bz.21.09,3,Helme – Touring,motorrad-und-zubehoer/helme/helme-touring
bz.21.09.04,bz.21.09,3,Helme – Enduro,motorrad-und-zubehoer/helme/helme-enduro
bz.21.09.05,bz.21.09,3,Helme – Cruiser,motorrad-und-zubehoer/helme/helme-cruiser
bz.21.09.06,bz.21.09,3,Helme – Roller,motorrad-und-zubehoer/helme/helme-roller
bz.21.09.07,bz.21.09,3,Helme – Offroad,motorrad-und-zubehoer/helme/helme-offroad
bz.21.09.08,bz.21.09,3,Helme – Profi,motorrad-und-zubehoer/helme/helme-profi
bz.21.09.09,bz.21.09,3,Helme – Vintage,motorrad-und-zubehoer/helme/helme-vintage
bz.21.09.10,bz.21.09,3,Helme – Zubehör,motorrad-und-zubehoer/helme/helme-zubehoer
bz.21.10,bz.21,2,Gepäck,motorrad-und-zubehoer/gepaeck
bz.21.10.01,bz.21.10,3,Gepäck – Naked,motorrad-und-zubehoer/gepaeck/gepaeck-naked
bz.21.10.02,bz.21.10,3,Gepäck – Sport,motorrad-und-zubehoer/gepaeck/gepaeck-sport
bz.21.10.03,bz.21.10,3,Gepäck – Touring,motorrad-und-zubehoer/gepaeck/gepaeck-touring
bz.21.10.04,bz.21.10,3,Gepäck – Enduro,motorrad-und-zubehoer/gepaeck/gepaeck-enduro
bz.21.10.05,bz.21.10,3,Gepäck – Cruiser,motorrad-und-zubehoer/gepaeck/gepaeck-cruiser
bz.21.10.06,bz.21.10,3,Gepäck – Roller,motorrad-und-zubehoer/gepaeck/gepaeck-roller
bz.21.10.07,bz.21.10,3,Gepäck – Offroad,motorrad-und-zubehoer/gepaeck/gepaeck-offroad
bz.21.10.08,bz.21.10,3,Gepäck – Profi,motorrad-und-zubehoer/gepaeck/gepaeck-profi
bz.21.10.09,bz.21.10,3,Gepäck – Vintage,motorrad-und-zubehoer/gepaeck/gepaeck-vintage
bz.21.10.10,bz.21.10,3,Gepäck – Zubehör,motorrad-und-zubehoer/gepaeck/gepaeck-zubehoer
bz.21.11,bz.21,2,Pflege,motorrad-und-zubehoer/pflege
bz.21.11.01,bz.21.11,3,Pflege – Naked,motorrad-und-zubehoer/pflege/pflege-naked
bz.21.11.02,bz.21.11,3,Pflege – Sport,motorrad-und-zubehoer/pflege/pflege-sport
bz.21.11.03,bz.21.11,3,Pflege – Touring,motorrad-und-zubehoer/pflege/pflege-touring
bz.21.11.04,bz.21.11,3,Pflege – Enduro,motorrad-und-zubehoer/pflege/pflege-enduro
bz.21.11.05,bz.21.11,3,Pflege – Cruiser,motorrad-und-zubehoer/pflege/pflege-cruiser
bz.21.11.06,bz.21.11,3,Pflege – Roller,motorrad-und-zubehoer/pflege/pflege-roller
bz.21.11.07,bz.21.11,3,Pflege – Offroad,motorrad-und-zubehoer/pflege/pflege-offroad
bz.21.11.08,bz.21.11,3,Pflege – Profi,motorrad-und-zubehoer/pflege/pflege-profi
bz.21.11.09,bz.21.11,3,Pflege – Vintage,motorrad-und-zubehoer/pflege/pflege-vintage
bz.21.11.10,bz.21.11,3,Pflege – Zubehör,motorrad-und-zubehoer/pflege/pflege-zubehoer
bz.21.12,bz.21,2,Werkstatt & Zubehör,motorrad-und-zubehoer/werkstatt-und-zubehoer
bz.21.12.01,bz.21.12,3,Werkstatt & Zubehör – Naked,motorrad-und-zubehoer/werkstatt-und-zubehoer/werkstatt-und-zubehoer-naked
bz.21.12.02,bz.21.12,3,Werkstatt & Zubehör – Sport,motorrad-und-zubehoer/werkstatt-und-zubehoer/werkstatt-und-zubehoer-sport
bz.21.12.03,bz.21.12,3,Werkstatt & Zubehör – Touring,motorrad-und-zubehoer/werkstatt-und-zubehoer/werkstatt-und-zubehoer-touring
bz.21.12.04,bz.21.12,3,Werkstatt & Zubehör – Enduro,motorrad-und-zubehoer/werkstatt-und-zubehoer/werkstatt-und-zubehoer-enduro
bz.21.12.05,bz.21.12,3,Werkstatt & Zubehör – Cruiser,motorrad-und-zubehoer/werkstatt-und-zubehoer/werkstatt-und-zubehoer-cruiser
bz.21.12.06,bz.21.12,3,Werkstatt & Zubehör – Roller,motorrad-und-zubehoer/werkstatt-und-zubehoer/werkstatt-und-zubehoer-roller
bz.21.12.07,bz.21.12,3,Werkstatt & Zubehör – Offroad,motorrad-und-zubehoer/werkstatt-und-zubehoer/werkstatt-und-zubehoer-offroad
bz.21.12.08,bz.21.12,3,Werkstatt & Zubehör – Profi,motorrad-und-zubehoer/werkstatt-und-zubehoer/werkstatt-und-zubehoer-profi
bz.21.12.09,bz.21.12,3,Werkstatt & Zubehör – Vintage,motorrad-und-zubehoer/werkstatt-und-zubehoer/werkstatt-und-zubehoer-vintage
bz.21.12.10,bz.21.12,3,Werkstatt & Zubehör – Zubehör,motorrad-und-zubehoer/werkstatt-und-zubehoer/werkstatt-und-zubehoer-zubehoer
bz.22,,1,Öle & Flüssigkeiten,oele-und-fluessigkeiten
bz.22.01,bz.22,2,Motoröle,oele-und-fluessigkeiten/motoroele
bz.22.01.01,bz.22.01,3,Motoröle – PKW,oele-und-fluessigkeiten/motoroele/motoroele-pkw
bz.22.01.02,bz.22.01,3,Motoröle – LKW,oele-und-fluessigkeiten/motoroele/motoroele-lkw
bz.22.01.03,bz.22.01,3,Motoröle – Motorrad,oele-und-fluessigkeiten/motoroele/motoroele-motorrad
bz.22.01.04,bz.22.01,3,Motoröle – Landmaschine,oele-und-fluessigkeiten/motoroele/motoroele-landmaschine
bz.22.01.05,bz.22.01,3,Motoröle – Industrie,oele-und-fluessigkeiten/motoroele/motoroele-industrie
bz.22.01.06,bz.22.01,3,Motoröle – Werkstatt,oele-und-fluessigkeiten/motoroele/motoroele-werkstatt
bz.22.01.07,bz.22.01,3,Motoröle – Gewerbe,oele-und-fluessigkeiten/motoroele/motoroele-gewerbe
bz.22.01.08,bz.22.01,3,Motoröle – OEM,oele-und-fluessigkeiten/motoroele/motoroele-oem
bz.22.01.09,bz.22.01,3,Motoröle – Aftermarket,oele-und-fluessigkeiten/motoroele/motoroele-aftermarket
bz.22.01.10,bz.22.01,3,Motoröle – Zubehör,oele-und-fluessigkeiten/motoroele/motoroele-zubehoer
bz.22.02,bz.22,2,Getriebeöle,oele-und-fluessigkeiten/getriebeoele
bz.22.02.01,bz.22.02,3,Getriebeöle – PKW,oele-und-fluessigkeiten/getriebeoele/getriebeoele-pkw
bz.22.02.02,bz.22.02,3,Getriebeöle – LKW,oele-und-fluessigkeiten/getriebeoele/getriebeoele-lkw
bz.22.02.03,bz.22.02,3,Getriebeöle – Motorrad,oele-und-fluessigkeiten/getriebeoele/getriebeoele-motorrad
bz.22.02.04,bz.22.02,3,Getriebeöle – Landmaschine,oele-und-fluessigkeiten/getriebeoele/getriebeoele-landmaschine
bz.22.02.05,bz.22.02,3,Getriebeöle – Industrie,oele-und-fluessigkeiten/getriebeoele/getriebeoele-industrie
bz.22.02.06,bz.22.02,3,Getriebeöle – Werkstatt,oele-und-fluessigkeiten/getriebeoele/getriebeoele-werkstatt
bz.22.02.07,bz.22.02,3,Getriebeöle – Gewerbe,oele-und-fluessigkeiten/getriebeoele/getriebeoele-gewerbe
bz.22.02.08,bz.22.02,3,Getriebeöle – OEM,oele-und-fluessigkeiten/getriebeoele/getriebeoele-oem
bz.22.02.09,bz.22.02,3,Getriebeöle – Aftermarket,oele-und-fluessigkeiten/getriebeoele/getriebeoele-aftermarket
bz.22.02.10,bz.22.02,3,Getriebeöle – Zubehör,oele-und-fluessigkeiten/getriebeoele/getriebeoele-zubehoer
bz.22.03,bz.22,2,Differentialöle,oele-und-fluessigkeiten/differentialoele
bz.22.03.01,bz.22.03,3,Differentialöle – PKW,oele-und-fluessigkeiten/differentialoele/differentialoele-pkw
bz.22.03.02,bz.22.03,3,Differentialöle – LKW,oele-und-fluessigkeiten/differentialoele/differentialoele-lkw
bz.22.03.03,bz.22.03,3,Differentialöle – Motorrad,oele-und-fluessigkeiten/differentialoele/differentialoele-motorrad
bz.22.03.04,bz.22.03,3,Differentialöle – Landmaschine,oele-und-fluessigkeiten/differentialoele/differentialoele-landmaschine
bz.22.03.05,bz.22.03,3,Differentialöle – Industrie,oele-und-fluessigkeiten/differentialoele/differentialoele-industrie
bz.22.03.06,bz.22.03,3,Differentialöle – Werkstatt,oele-und-fluessigkeiten/differentialoele/differentialoele-werkstatt
bz.22.03.07,bz.22.03,3,Differentialöle – Gewerbe,oele-und-fluessigkeiten/differentialoele/differentialoele-gewerbe
bz.22.03.08,bz.22.03,3,Differentialöle – OEM,oele-und-fluessigkeiten/differentialoele/differentialoele-oem
bz.22.03.09,bz.22.03,3,Differentialöle – Aftermarket,oele-und-fluessigkeiten/differentialoele/differentialoele-aftermarket
bz.22.03.10,bz.22.03,3,Differentialöle – Zubehör,oele-und-fluessigkeiten/differentialoele/differentialoele-zubehoer
bz.22.04,bz.22,2,ATF & CVT,oele-und-fluessigkeiten/atf-und-cvt
bz.22.04.01,bz.22.04,3,ATF & CVT – PKW,oele-und-fluessigkeiten/atf-und-cvt/atf-und-cvt-pkw
bz.22.04.02,bz.22.04,3,ATF & CVT – LKW,oele-und-fluessigkeiten/atf-und-cvt/atf-und-cvt-lkw
bz.22.04.03,bz.22.04,3,ATF & CVT – Motorrad,oele-und-fluessigkeiten/atf-und-cvt/atf-und-cvt-motorrad
bz.22.04.04,bz.22.04,3,ATF & CVT – Landmaschine,oele-und-fluessigkeiten/atf-und-cvt/atf-und-cvt-landmaschine
bz.22.04.05,bz.22.04,3,ATF & CVT – Industrie,oele-und-fluessigkeiten/atf-und-cvt/atf-und-cvt-industrie
bz.22.04.06,bz.22.04,3,ATF & CVT – Werkstatt,oele-und-fluessigkeiten/atf-und-cvt/atf-und-cvt-werkstatt
bz.22.04.07,bz.22.04,3,ATF & CVT – Gewerbe,oele-und-fluessigkeiten/atf-und-cvt/atf-und-cvt-gewerbe
bz.22.04.08,bz.22.04,3,ATF & CVT – OEM,oele-und-fluessigkeiten/atf-und-cvt/atf-und-cvt-oem
bz.22.04.09,bz.22.04,3,ATF & CVT – Aftermarket,oele-und-fluessigkeiten/atf-und-cvt/atf-und-cvt-aftermarket
bz.22.04.10,bz.22.04,3,ATF & CVT – Zubehör,oele-und-fluessigkeiten/atf-und-cvt/atf-und-cvt-zubehoer
bz.22.05,bz.22,2,Bremsflüssigkeit,oele-und-fluessigkeiten/bremsfluessigkeit
bz.22.05.01,bz.22.05,3,Bremsflüssigkeit – PKW,oele-und-fluessigkeiten/bremsfluessigkeit/bremsfluessigkeit-pkw
bz.22.05.02,bz.22.05,3,Bremsflüssigkeit – LKW,oele-und-fluessigkeiten/bremsfluessigkeit/bremsfluessigkeit-lkw
bz.22.05.03,bz.22.05,3,Bremsflüssigkeit – Motorrad,oele-und-fluessigkeiten/bremsfluessigkeit/bremsfluessigkeit-motorrad
bz.22.05.04,bz.22.05,3,Bremsflüssigkeit – Landmaschine,oele-und-fluessigkeiten/bremsfluessigkeit/bremsfluessigkeit-landmaschine
bz.22.05.05,bz.22.05,3,Bremsflüssigkeit – Industrie,oele-und-fluessigkeiten/bremsfluessigkeit/bremsfluessigkeit-industrie
bz.22.05.06,bz.22.05,3,Bremsflüssigkeit – Werkstatt,oele-und-fluessigkeiten/bremsfluessigkeit/bremsfluessigkeit-werkstatt
bz.22.05.07,bz.22.05,3,Bremsflüssigkeit – Gewerbe,oele-und-fluessigkeiten/bremsfluessigkeit/bremsfluessigkeit-gewerbe
bz.22.05.08,bz.22.05,3,Bremsflüssigkeit – OEM,oele-und-fluessigkeiten/bremsfluessigkeit/bremsfluessigkeit-oem
bz.22.05.09,bz.22.05,3,Bremsflüssigkeit – Aftermarket,oele-und-fluessigkeiten/bremsfluessigkeit/bremsfluessigkeit-aftermarket
bz.22.05.10,bz.22.05,3,Bremsflüssigkeit – Zubehör,oele-und-fluessigkeiten/bremsfluessigkeit/bremsfluessigkeit-zubehoer
bz.22.06,bz.22,2,Kühlmittel,oele-und-fluessigkeiten/kuehlmittel
bz.22.06.01,bz.22.06,3,Kühlmittel – PKW,oele-und-fluessigkeiten/kuehlmittel/kuehlmittel-pkw
bz.22.06.02,bz.22.06,3,Kühlmittel – LKW,oele-und-fluessigkeiten/kuehlmittel/kuehlmittel-lkw
bz.22.06.03,bz.22.06,3,Kühlmittel – Motorrad,oele-und-fluessigkeiten/kuehlmittel/kuehlmittel-motorrad
bz.22.06.04,bz.22.06,3,Kühlmittel – Landmaschine,oele-und-fluessigkeiten/kuehlmittel/kuehlmittel-landmaschine
bz.22.06.05,bz.22.06,3,Kühlmittel – Industrie,oele-und-fluessigkeiten/kuehlmittel/kuehlmittel-industrie
bz.22.06.06,bz.22.06,3,Kühlmittel – Werkstatt,oele-und-fluessigkeiten/kuehlmittel/kuehlmittel-werkstatt
bz.22.06.07,bz.22.06,3,Kühlmittel – Gewerbe,oele-und-fluessigkeiten/kuehlmittel/kuehlmittel-gewerbe
bz.22.06.08,bz.22.06,3,Kühlmittel – OEM,oele-und-fluessigkeiten/kuehlmittel/kuehlmittel-oem
bz.22.06.09,bz.22.06,3,Kühlmittel – Aftermarket,oele-und-fluessigkeiten/kuehlmittel/kuehlmittel-aftermarket
bz.22.06.10,bz.22.06,3,Kühlmittel – Zubehör,oele-und-fluessigkeiten/kuehlmittel/kuehlmittel-zubehoer
bz.22.07,bz.22,2,Hydrauliköle,oele-und-fluessigkeiten/hydraulikoele
bz.22.07.01,bz.22.07,3,Hydrauliköle – PKW,oele-und-fluessigkeiten/hydraulikoele/hydraulikoele-pkw
bz.22.07.02,bz.22.07,3,Hydrauliköle – LKW,oele-und-fluessigkeiten/hydraulikoele/hydraulikoele-lkw
bz.22.07.03,bz.22.07,3,Hydrauliköle – Motorrad,oele-und-fluessigkeiten/hydraulikoele/hydraulikoele-motorrad
bz.22.07.04,bz.22.07,3,Hydrauliköle – Landmaschine,oele-und-fluessigkeiten/hydraulikoele/hydraulikoele-landmaschine
bz.22.07.05,bz.22.07,3,Hydrauliköle – Industrie,oele-und-fluessigkeiten/hydraulikoele/hydraulikoele-industrie
bz.22.07.06,bz.22.07,3,Hydrauliköle – Werkstatt,oele-und-fluessigkeiten/hydraulikoele/hydraulikoele-werkstatt
bz.22.07.07,bz.22.07,3,Hydrauliköle – Gewerbe,oele-und-fluessigkeiten/hydraulikoele/hydraulikoele-gewerbe
bz.22.07.08,bz.22.07,3,Hydrauliköle – OEM,oele-und-fluessigkeiten/hydraulikoele/hydraulikoele-oem
bz.22.07.09,bz.22.07,3,Hydrauliköle – Aftermarket,oele-und-fluessigkeiten/hydraulikoele/hydraulikoele-aftermarket
bz.22.07.10,bz.22.07,3,Hydrauliköle – Zubehör,oele-und-fluessigkeiten/hydraulikoele/hydraulikoele-zubehoer
bz.22.08,bz.22,2,Fette,oele-und-fluessigkeiten/fette
bz.22.08.01,bz.22.08,3,Fette – PKW,oele-und-fluessigkeiten/fette/fette-pkw
bz.22.08.02,bz.22.08,3,Fette – LKW,oele-und-fluessigkeiten/fette/fette-lkw
bz.22.08.03,bz.22.08,3,Fette – Motorrad,oele-und-fluessigkeiten/fette/fette-motorrad
bz.22.08.04,bz.22.08,3,Fette – Landmaschine,oele-und-fluessigkeiten/fette/fette-landmaschine
bz.22.08.05,bz.22.08,3,Fette – Industrie,oele-und-fluessigkeiten/fette/fette-industrie
bz.22.08.06,bz.22.08,3,Fette – Werkstatt,oele-und-fluessigkeiten/fette/fette-werkstatt
bz.22.08.07,bz.22.08,3,Fette – Gewerbe,oele-und-fluessigkeiten/fette/fette-gewerbe
bz.22.08.08,bz.22.08,3,Fette – OEM,oele-und-fluessigkeiten/fette/fette-oem
bz.22.08.09,bz.22.08,3,Fette – Aftermarket,oele-und-fluessigkeiten/fette/fette-aftermarket
bz.22.08.10,bz.22.08,3,Fette – Zubehör,oele-und-fluessigkeiten/fette/fette-zubehoer
bz.22.09,bz.22,2,Additive,oele-und-fluessigkeiten/additive
bz.22.09.01,bz.22.09,3,Additive – PKW,oele-und-fluessigkeiten/additive/additive-pkw
bz.22.09.02,bz.22.09,3,Additive – LKW,oele-und-fluessigkeiten/additive/additive-lkw
bz.22.09.03,bz.22.09,3,Additive – Motorrad,oele-und-fluessigkeiten/additive/additive-motorrad
bz.22.09.04,bz.22.09,3,Additive – Landmaschine,oele-und-fluessigkeiten/additive/additive-landmaschine
bz.22.09.05,bz.22.09,3,Additive – Industrie,oele-und-fluessigkeiten/additive/additive-industrie
bz.22.09.06,bz.22.09,3,Additive – Werkstatt,oele-und-fluessigkeiten/additive/additive-werkstatt
bz.22.09.07,bz.22.09,3,Additive – Gewerbe,oele-und-fluessigkeiten/additive/additive-gewerbe
bz.22.09.08,bz.22.09,3,Additive – OEM,oele-und-fluessigkeiten/additive/additive-oem
bz.22.09.09,bz.22.09,3,Additive – Aftermarket,oele-und-fluessigkeiten/additive/additive-aftermarket
bz.22.09.10,bz.22.09,3,Additive – Zubehör,oele-und-fluessigkeiten/additive/additive-zubehoer
bz.22.10,bz.22,2,Scheibenwaschmittel,oele-und-fluessigkeiten/scheibenwaschmittel
bz.22.10.01,bz.22.10,3,Scheibenwaschmittel – PKW,oele-und-fluessigkeiten/scheibenwaschmittel/scheibenwaschmittel-pkw
bz.22.10.02,bz.22.10,3,Scheibenwaschmittel – LKW,oele-und-fluessigkeiten/scheibenwaschmittel/scheibenwaschmittel-lkw
bz.22.10.03,bz.22.10,3,Scheibenwaschmittel – Motorrad,oele-und-fluessigkeiten/scheibenwaschmittel/scheibenwaschmittel-motorrad
bz.22.10.04,bz.22.10,3,Scheibenwaschmittel – Landmaschine,oele-und-fluessigkeiten/scheibenwaschmittel/scheibenwaschmittel-landmaschine
bz.22.10.05,bz.22.10,3,Scheibenwaschmittel – Industrie,oele-und-fluessigkeiten/scheibenwaschmittel/scheibenwaschmittel-industrie
bz.22.10.06,bz.22.10,3,Scheibenwaschmittel – Werkstatt,oele-und-fluessigkeiten/scheibenwaschmittel/scheibenwaschmittel-werkstatt
bz.22.10.07,bz.22.10,3,Scheibenwaschmittel – Gewerbe,oele-und-fluessigkeiten/scheibenwaschmittel/scheibenwaschmittel-gewerbe
bz.22.10.08,bz.22.10,3,Scheibenwaschmittel – OEM,oele-und-fluessigkeiten/scheibenwaschmittel/scheibenwaschmittel-oem
bz.22.10.09,bz.22.10,3,Scheibenwaschmittel – Aftermarket,oele-und-fluessigkeiten/scheibenwaschmittel/scheibenwaschmittel-aftermarket
bz.22.10.10,bz.22.10,3,Scheibenwaschmittel – Zubehör,oele-und-fluessigkeiten/scheibenwaschmittel/scheibenwaschmittel-zubehoer
bz.22.11,bz.22,2,AdBlue,oele-und-fluessigkeiten/adblue
bz.22.11.01,bz.22.11,3,AdBlue – PKW,oele-und-fluessigkeiten/adblue/adblue-pkw
bz.22.11.02,bz.22.11,3,AdBlue – LKW,oele-und-fluessigkeiten/adblue/adblue-lkw
bz.22.11.03,bz.22.11,3,AdBlue – Motorrad,oele-und-fluessigkeiten/adblue/adblue-motorrad
bz.22.11.04,bz.22.11,3,AdBlue – Landmaschine,oele-und-fluessigkeiten/adblue/adblue-landmaschine
bz.22.11.05,bz.22.11,3,AdBlue – Industrie,oele-und-fluessigkeiten/adblue/adblue-industrie
bz.22.11.06,bz.22.11,3,AdBlue – Werkstatt,oele-und-fluessigkeiten/adblue/adblue-werkstatt
bz.22.11.07,bz.22.11,3,AdBlue – Gewerbe,oele-und-fluessigkeiten/adblue/adblue-gewerbe
bz.22.11.08,bz.22.11,3,AdBlue – OEM,oele-und-fluessigkeiten/adblue/adblue-oem
bz.22.11.09,bz.22.11,3,AdBlue – Aftermarket,oele-und-fluessigkeiten/adblue/adblue-aftermarket
bz.22.11.10,bz.22.11,3,AdBlue – Zubehör,oele-und-fluessigkeiten/adblue/adblue-zubehoer
bz.22.12,bz.22,2,Industrieflüssigkeiten,oele-und-fluessigkeiten/industriefluessigkeiten
bz.22.12.01,bz.22.12,3,Industrieflüssigkeiten – PKW,oele-und-fluessigkeiten/industriefluessigkeiten/industriefluessigkeiten-pkw
bz.22.12.02,bz.22.12,3,Industrieflüssigkeiten – LKW,oele-und-fluessigkeiten/industriefluessigkeiten/industriefluessigkeiten-lkw
bz.22.12.03,bz.22.12,3,Industrieflüssigkeiten – Motorrad,oele-und-fluessigkeiten/industriefluessigkeiten/industriefluessigkeiten-motorrad
bz.22.12.04,bz.22.12,3,Industrieflüssigkeiten – Landmaschine,oele-und-fluessigkeiten/industriefluessigkeiten/industriefluessigkeiten-landmaschine
bz.22.12.05,bz.22.12,3,Industrieflüssigkeiten – Industrie,oele-und-fluessigkeiten/industriefluessigkeiten/industriefluessigkeiten-industrie
bz.22.12.06,bz.22.12,3,Industrieflüssigkeiten – Werkstatt,oele-und-fluessigkeiten/industriefluessigkeiten/industriefluessigkeiten-werkstatt
bz.22.12.07,bz.22.12,3,Industrieflüssigkeiten – Gewerbe,oele-und-fluessigkeiten/industriefluessigkeiten/industriefluessigkeiten-gewerbe
bz.22.12.08,bz.22.12,3,Industrieflüssigkeiten – OEM,oele-und-fluessigkeiten/industriefluessigkeiten/industriefluessigkeiten-oem
bz.22.12.09,bz.22.12,3,Industrieflüssigkeiten – Aftermarket,oele-und-fluessigkeiten/industriefluessigkeiten/industriefluessigkeiten-aftermarket
bz.22.12.10,bz.22.12,3,Industrieflüssigkeiten – Zubehör,oele-und-fluessigkeiten/industriefluessigkeiten/industriefluessigkeiten-zubehoer
bz.23,,1,Reifen & Felgen,reifen-und-felgen
bz.23.01,bz.23,2,Sommerreifen,reifen-und-felgen/sommerreifen
bz.23.01.01,bz.23.01,3,Sommerreifen – PKW,reifen-und-felgen/sommerreifen/sommerreifen-pkw
bz.23.01.02,bz.23.01,3,Sommerreifen – SUV,reifen-und-felgen/sommerreifen/sommerreifen-suv
bz.23.01.03,bz.23.01,3,Sommerreifen – Transporter,reifen-und-felgen/sommerreifen/sommerreifen-transporter
bz.23.01.04,bz.23.01,3,Sommerreifen – LKW,reifen-und-felgen/sommerreifen/sommerreifen-lkw
bz.23.01.05,bz.23.01,3,Sommerreifen – Motorrad,reifen-und-felgen/sommerreifen/sommerreifen-motorrad
bz.23.01.06,bz.23.01,3,Sommerreifen – Landwirtschaft,reifen-und-felgen/sommerreifen/sommerreifen-landwirtschaft
bz.23.01.07,bz.23.01,3,Sommerreifen – Industrie,reifen-und-felgen/sommerreifen/sommerreifen-industrie
bz.23.01.08,bz.23.01,3,Sommerreifen – Winter,reifen-und-felgen/sommerreifen/sommerreifen-winter
bz.23.01.09,bz.23.01,3,Sommerreifen – Sommer,reifen-und-felgen/sommerreifen/sommerreifen-sommer
bz.23.01.10,bz.23.01,3,Sommerreifen – Allwetter,reifen-und-felgen/sommerreifen/sommerreifen-allwetter
bz.23.02,bz.23,2,Winterreifen,reifen-und-felgen/winterreifen
bz.23.02.01,bz.23.02,3,Winterreifen – PKW,reifen-und-felgen/winterreifen/winterreifen-pkw
bz.23.02.02,bz.23.02,3,Winterreifen – SUV,reifen-und-felgen/winterreifen/winterreifen-suv
bz.23.02.03,bz.23.02,3,Winterreifen – Transporter,reifen-und-felgen/winterreifen/winterreifen-transporter
bz.23.02.04,bz.23.02,3,Winterreifen – LKW,reifen-und-felgen/winterreifen/winterreifen-lkw
bz.23.02.05,bz.23.02,3,Winterreifen – Motorrad,reifen-und-felgen/winterreifen/winterreifen-motorrad
bz.23.02.06,bz.23.02,3,Winterreifen – Landwirtschaft,reifen-und-felgen/winterreifen/winterreifen-landwirtschaft
bz.23.02.07,bz.23.02,3,Winterreifen – Industrie,reifen-und-felgen/winterreifen/winterreifen-industrie
bz.23.02.08,bz.23.02,3,Winterreifen – Winter,reifen-und-felgen/winterreifen/winterreifen-winter
bz.23.02.09,bz.23.02,3,Winterreifen – Sommer,reifen-und-felgen/winterreifen/winterreifen-sommer
bz.23.02.10,bz.23.02,3,Winterreifen – Allwetter,reifen-und-felgen/winterreifen/winterreifen-allwetter
bz.23.03,bz.23,2,Ganzjahresreifen,reifen-und-felgen/ganzjahresreifen
bz.23.03.01,bz.23.03,3,Ganzjahresreifen – PKW,reifen-und-felgen/ganzjahresreifen/ganzjahresreifen-pkw
bz.23.03.02,bz.23.03,3,Ganzjahresreifen – SUV,reifen-und-felgen/ganzjahresreifen/ganzjahresreifen-suv
bz.23.03.03,bz.23.03,3,Ganzjahresreifen – Transporter,reifen-und-felgen/ganzjahresreifen/ganzjahresreifen-transporter
bz.23.03.04,bz.23.03,3,Ganzjahresreifen – LKW,reifen-und-felgen/ganzjahresreifen/ganzjahresreifen-lkw
bz.23.03.05,bz.23.03,3,Ganzjahresreifen – Motorrad,reifen-und-felgen/ganzjahresreifen/ganzjahresreifen-motorrad
bz.23.03.06,bz.23.03,3,Ganzjahresreifen – Landwirtschaft,reifen-und-felgen/ganzjahresreifen/ganzjahresreifen-landwirtschaft
bz.23.03.07,bz.23.03,3,Ganzjahresreifen – Industrie,reifen-und-felgen/ganzjahresreifen/ganzjahresreifen-industrie
bz.23.03.08,bz.23.03,3,Ganzjahresreifen – Winter,reifen-und-felgen/ganzjahresreifen/ganzjahresreifen-winter
bz.23.03.09,bz.23.03,3,Ganzjahresreifen – Sommer,reifen-und-felgen/ganzjahresreifen/ganzjahresreifen-sommer
bz.23.03.10,bz.23.03,3,Ganzjahresreifen – Allwetter,reifen-und-felgen/ganzjahresreifen/ganzjahresreifen-allwetter
bz.23.04,bz.23,2,SUV-Reifen,reifen-und-felgen/suv-reifen
bz.23.04.01,bz.23.04,3,SUV-Reifen – PKW,reifen-und-felgen/suv-reifen/suv-reifen-pkw
bz.23.04.02,bz.23.04,3,SUV-Reifen – SUV,reifen-und-felgen/suv-reifen/suv-reifen-suv
bz.23.04.03,bz.23.04,3,SUV-Reifen – Transporter,reifen-und-felgen/suv-reifen/suv-reifen-transporter
bz.23.04.04,bz.23.04,3,SUV-Reifen – LKW,reifen-und-felgen/suv-reifen/suv-reifen-lkw
bz.23.04.05,bz.23.04,3,SUV-Reifen – Motorrad,reifen-und-felgen/suv-reifen/suv-reifen-motorrad
bz.23.04.06,bz.23.04,3,SUV-Reifen – Landwirtschaft,reifen-und-felgen/suv-reifen/suv-reifen-landwirtschaft
bz.23.04.07,bz.23.04,3,SUV-Reifen – Industrie,reifen-und-felgen/suv-reifen/suv-reifen-industrie
bz.23.04.08,bz.23.04,3,SUV-Reifen – Winter,reifen-und-felgen/suv-reifen/suv-reifen-winter
bz.23.04.09,bz.23.04,3,SUV-Reifen – Sommer,reifen-und-felgen/suv-reifen/suv-reifen-sommer
bz.23.04.10,bz.23.04,3,SUV-Reifen – Allwetter,reifen-und-felgen/suv-reifen/suv-reifen-allwetter
bz.23.05,bz.23,2,Transporterreifen,reifen-und-felgen/transporterreifen
bz.23.05.01,bz.23.05,3,Transporterreifen – PKW,reifen-und-felgen/transporterreifen/transporterreifen-pkw
bz.23.05.02,bz.23.05,3,Transporterreifen – SUV,reifen-und-felgen/transporterreifen/transporterreifen-suv
bz.23.05.03,bz.23.05,3,Transporterreifen – Transporter,reifen-und-felgen/transporterreifen/transporterreifen-transporter
bz.23.05.04,bz.23.05,3,Transporterreifen – LKW,reifen-und-felgen/transporterreifen/transporterreifen-lkw
bz.23.05.05,bz.23.05,3,Transporterreifen – Motorrad,reifen-und-felgen/transporterreifen/transporterreifen-motorrad
bz.23.05.06,bz.23.05,3,Transporterreifen – Landwirtschaft,reifen-und-felgen/transporterreifen/transporterreifen-landwirtschaft
bz.23.05.07,bz.23.05,3,Transporterreifen – Industrie,reifen-und-felgen/transporterreifen/transporterreifen-industrie
bz.23.05.08,bz.23.05,3,Transporterreifen – Winter,reifen-und-felgen/transporterreifen/transporterreifen-winter
bz.23.05.09,bz.23.05,3,Transporterreifen – Sommer,reifen-und-felgen/transporterreifen/transporterreifen-sommer
bz.23.05.10,bz.23.05,3,Transporterreifen – Allwetter,reifen-und-felgen/transporterreifen/transporterreifen-allwetter
bz.23.06,bz.23,2,LKW-Reifen,reifen-und-felgen/lkw-reifen
bz.23.06.01,bz.23.06,3,LKW-Reifen – PKW,reifen-und-felgen/lkw-reifen/lkw-reifen-pkw
bz.23.06.02,bz.23.06,3,LKW-Reifen – SUV,reifen-und-felgen/lkw-reifen/lkw-reifen-suv
bz.23.06.03,bz.23.06,3,LKW-Reifen – Transporter,reifen-und-felgen/lkw-reifen/lkw-reifen-transporter
bz.23.06.04,bz.23.06,3,LKW-Reifen – LKW,reifen-und-felgen/lkw-reifen/lkw-reifen-lkw
bz.23.06.05,bz.23.06,3,LKW-Reifen – Motorrad,reifen-und-felgen/lkw-reifen/lkw-reifen-motorrad
bz.23.06.06,bz.23.06,3,LKW-Reifen – Landwirtschaft,reifen-und-felgen/lkw-reifen/lkw-reifen-landwirtschaft
bz.23.06.07,bz.23.06,3,LKW-Reifen – Industrie,reifen-und-felgen/lkw-reifen/lkw-reifen-industrie
bz.23.06.08,bz.23.06,3,LKW-Reifen – Winter,reifen-und-felgen/lkw-reifen/lkw-reifen-winter
bz.23.06.09,bz.23.06,3,LKW-Reifen – Sommer,reifen-und-felgen/lkw-reifen/lkw-reifen-sommer
bz.23.06.10,bz.23.06,3,LKW-Reifen – Allwetter,reifen-und-felgen/lkw-reifen/lkw-reifen-allwetter
bz.23.07,bz.23,2,Motorradreifen,reifen-und-felgen/motorradreifen
bz.23.07.01,bz.23.07,3,Motorradreifen – PKW,reifen-und-felgen/motorradreifen/motorradreifen-pkw
bz.23.07.02,bz.23.07,3,Motorradreifen – SUV,reifen-und-felgen/motorradreifen/motorradreifen-suv
bz.23.07.03,bz.23.07,3,Motorradreifen – Transporter,reifen-und-felgen/motorradreifen/motorradreifen-transporter
bz.23.07.04,bz.23.07,3,Motorradreifen – LKW,reifen-und-felgen/motorradreifen/motorradreifen-lkw
bz.23.07.05,bz.23.07,3,Motorradreifen – Motorrad,reifen-und-felgen/motorradreifen/motorradreifen-motorrad
bz.23.07.06,bz.23.07,3,Motorradreifen – Landwirtschaft,reifen-und-felgen/motorradreifen/motorradreifen-landwirtschaft
bz.23.07.07,bz.23.07,3,Motorradreifen – Industrie,reifen-und-felgen/motorradreifen/motorradreifen-industrie
bz.23.07.08,bz.23.07,3,Motorradreifen – Winter,reifen-und-felgen/motorradreifen/motorradreifen-winter
bz.23.07.09,bz.23.07,3,Motorradreifen – Sommer,reifen-und-felgen/motorradreifen/motorradreifen-sommer
bz.23.07.10,bz.23.07,3,Motorradreifen – Allwetter,reifen-und-felgen/motorradreifen/motorradreifen-allwetter
bz.23.08,bz.23,2,Landwirtschaftsreifen,reifen-und-felgen/landwirtschaftsreifen
bz.23.08.01,bz.23.08,3,Landwirtschaftsreifen – PKW,reifen-und-felgen/landwirtschaftsreifen/landwirtschaftsreifen-pkw
bz.23.08.02,bz.23.08,3,Landwirtschaftsreifen – SUV,reifen-und-felgen/landwirtschaftsreifen/landwirtschaftsreifen-suv
bz.23.08.03,bz.23.08,3,Landwirtschaftsreifen – Transporter,reifen-und-felgen/landwirtschaftsreifen/landwirtschaftsreifen-transporter
bz.23.08.04,bz.23.08,3,Landwirtschaftsreifen – LKW,reifen-und-felgen/landwirtschaftsreifen/landwirtschaftsreifen-lkw
bz.23.08.05,bz.23.08,3,Landwirtschaftsreifen – Motorrad,reifen-und-felgen/landwirtschaftsreifen/landwirtschaftsreifen-motorrad
bz.23.08.06,bz.23.08,3,Landwirtschaftsreifen – Landwirtschaft,reifen-und-felgen/landwirtschaftsreifen/landwirtschaftsreifen-landwirtschaft
bz.23.08.07,bz.23.08,3,Landwirtschaftsreifen – Industrie,reifen-und-felgen/landwirtschaftsreifen/landwirtschaftsreifen-industrie
bz.23.08.08,bz.23.08,3,Landwirtschaftsreifen – Winter,reifen-und-felgen/landwirtschaftsreifen/landwirtschaftsreifen-winter
bz.23.08.09,bz.23.08,3,Landwirtschaftsreifen – Sommer,reifen-und-felgen/landwirtschaftsreifen/landwirtschaftsreifen-sommer
bz.23.08.10,bz.23.08,3,Landwirtschaftsreifen – Allwetter,reifen-und-felgen/landwirtschaftsreifen/landwirtschaftsreifen-allwetter
bz.23.09,bz.23,2,Stahlfelgen,reifen-und-felgen/stahlfelgen
bz.23.09.01,bz.23.09,3,Stahlfelgen – PKW,reifen-und-felgen/stahlfelgen/stahlfelgen-pkw
bz.23.09.02,bz.23.09,3,Stahlfelgen – SUV,reifen-und-felgen/stahlfelgen/stahlfelgen-suv
bz.23.09.03,bz.23.09,3,Stahlfelgen – Transporter,reifen-und-felgen/stahlfelgen/stahlfelgen-transporter
bz.23.09.04,bz.23.09,3,Stahlfelgen – LKW,reifen-und-felgen/stahlfelgen/stahlfelgen-lkw
bz.23.09.05,bz.23.09,3,Stahlfelgen – Motorrad,reifen-und-felgen/stahlfelgen/stahlfelgen-motorrad
bz.23.09.06,bz.23.09,3,Stahlfelgen – Landwirtschaft,reifen-und-felgen/stahlfelgen/stahlfelgen-landwirtschaft
bz.23.09.07,bz.23.09,3,Stahlfelgen – Industrie,reifen-und-felgen/stahlfelgen/stahlfelgen-industrie
bz.23.09.08,bz.23.09,3,Stahlfelgen – Winter,reifen-und-felgen/stahlfelgen/stahlfelgen-winter
bz.23.09.09,bz.23.09,3,Stahlfelgen – Sommer,reifen-und-felgen/stahlfelgen/stahlfelgen-sommer
bz.23.09.10,bz.23.09,3,Stahlfelgen – Allwetter,reifen-und-felgen/stahlfelgen/stahlfelgen-allwetter
bz.23.10,bz.23,2,Alufelgen,reifen-und-felgen/alufelgen
bz.23.10.01,bz.23.10,3,Alufelgen – PKW,reifen-und-felgen/alufelgen/alufelgen-pkw
bz.23.10.02,bz.23.10,3,Alufelgen – SUV,reifen-und-felgen/alufelgen/alufelgen-suv
bz.23.10.03,bz.23.10,3,Alufelgen – Transporter,reifen-und-felgen/alufelgen/alufelgen-transporter
bz.23.10.04,bz.23.10,3,Alufelgen – LKW,reifen-und-felgen/alufelgen/alufelgen-lkw
bz.23.10.05,bz.23.10,3,Alufelgen – Motorrad,reifen-und-felgen/alufelgen/alufelgen-motorrad
bz.23.10.06,bz.23.10,3,Alufelgen – Landwirtschaft,reifen-und-felgen/alufelgen/alufelgen-landwirtschaft
bz.23.10.07,bz.23.10,3,Alufelgen – Industrie,reifen-und-felgen/alufelgen/alufelgen-industrie
bz.23.10.08,bz.23.10,3,Alufelgen – Winter,reifen-und-felgen/alufelgen/alufelgen-winter
bz.23.10.09,bz.23.10,3,Alufelgen – Sommer,reifen-und-felgen/alufelgen/alufelgen-sommer
bz.23.10.10,bz.23.10,3,Alufelgen – Allwetter,reifen-und-felgen/alufelgen/alufelgen-allwetter
bz.23.11,bz.23,2,Kompletträder,reifen-und-felgen/komplettraeder
bz.23.11.01,bz.23.11,3,Kompletträder – PKW,reifen-und-felgen/komplettraeder/komplettraeder-pkw
bz.23.11.02,bz.23.11,3,Kompletträder – SUV,reifen-und-felgen/komplettraeder/komplettraeder-suv
bz.23.11.03,bz.23.11,3,Kompletträder – Transporter,reifen-und-felgen/komplettraeder/komplettraeder-transporter
bz.23.11.04,bz.23.11,3,Kompletträder – LKW,reifen-und-felgen/komplettraeder/komplettraeder-lkw
bz.23.11.05,bz.23.11,3,Kompletträder – Motorrad,reifen-und-felgen/komplettraeder/komplettraeder-motorrad
bz.23.11.06,bz.23.11,3,Kompletträder – Landwirtschaft,reifen-und-felgen/komplettraeder/komplettraeder-landwirtschaft
bz.23.11.07,bz.23.11,3,Kompletträder – Industrie,reifen-und-felgen/komplettraeder/komplettraeder-industrie
bz.23.11.08,bz.23.11,3,Kompletträder – Winter,reifen-und-felgen/komplettraeder/komplettraeder-winter
bz.23.11.09,bz.23.11,3,Kompletträder – Sommer,reifen-und-felgen/komplettraeder/komplettraeder-sommer
bz.23.11.10,bz.23.11,3,Kompletträder – Allwetter,reifen-und-felgen/komplettraeder/komplettraeder-allwetter
bz.23.12,bz.23,2,RDKS & Reifenzubehör,reifen-und-felgen/rdks-und-reifenzubehoer
bz.23.12.01,bz.23.12,3,RDKS & Reifenzubehör – PKW,reifen-und-felgen/rdks-und-reifenzubehoer/rdks-und-reifenzubehoer-pkw
bz.23.12.02,bz.23.12,3,RDKS & Reifenzubehör – SUV,reifen-und-felgen/rdks-und-reifenzubehoer/rdks-und-reifenzubehoer-suv
bz.23.12.03,bz.23.12,3,RDKS & Reifenzubehör – Transporter,reifen-und-felgen/rdks-und-reifenzubehoer/rdks-und-reifenzubehoer-transporter
bz.23.12.04,bz.23.12,3,RDKS & Reifenzubehör – LKW,reifen-und-felgen/rdks-und-reifenzubehoer/rdks-und-reifenzubehoer-lkw
bz.23.12.05,bz.23.12,3,RDKS & Reifenzubehör – Motorrad,reifen-und-felgen/rdks-und-reifenzubehoer/rdks-und-reifenzubehoer-motorrad
bz.23.12.06,bz.23.12,3,RDKS & Reifenzubehör – Landwirtschaft,reifen-und-felgen/rdks-und-reifenzubehoer/rdks-und-reifenzubehoer-landwirtschaft
bz.23.12.07,bz.23.12,3,RDKS & Reifenzubehör – Industrie,reifen-und-felgen/rdks-und-reifenzubehoer/rdks-und-reifenzubehoer-industrie
bz.23.12.08,bz.23.12,3,RDKS & Reifenzubehör – Winter,reifen-und-felgen/rdks-und-reifenzubehoer/rdks-und-reifenzubehoer-winter
bz.23.12.09,bz.23.12,3,RDKS & Reifenzubehör – Sommer,reifen-und-felgen/rdks-und-reifenzubehoer/rdks-und-reifenzubehoer-sommer
bz.23.12.10,bz.23.12,3,RDKS & Reifenzubehör – Allwetter,reifen-und-felgen/rdks-und-reifenzubehoer/rdks-und-reifenzubehoer-allwetter
bz.24,,1,Bremsen,bremsen
bz.24.01,bz.24,2,Bremsbeläge,bremsen/bremsbelaege
bz.24.01.01,bz.24.01,3,Bremsbeläge – PKW,bremsen/bremsbelaege/bremsbelaege-pkw
bz.24.01.02,bz.24.01,3,Bremsbeläge – SUV,bremsen/bremsbelaege/bremsbelaege-suv
bz.24.01.03,bz.24.01,3,Bremsbeläge – Transporter,bremsen/bremsbelaege/bremsbelaege-transporter
bz.24.01.04,bz.24.01,3,Bremsbeläge – LKW,bremsen/bremsbelaege/bremsbelaege-lkw
bz.24.01.05,bz.24.01,3,Bremsbeläge – Motorrad,bremsen/bremsbelaege/bremsbelaege-motorrad
bz.24.01.06,bz.24.01,3,Bremsbeläge – Sport,bremsen/bremsbelaege/bremsbelaege-sport
bz.24.01.07,bz.24.01,3,Bremsbeläge – Rennsport,bremsen/bremsbelaege/bremsbelaege-rennsport
bz.24.01.08,bz.24.01,3,Bremsbeläge – Industrie,bremsen/bremsbelaege/bremsbelaege-industrie
bz.24.01.09,bz.24.01,3,Bremsbeläge – Landwirtschaft,bremsen/bremsbelaege/bremsbelaege-landwirtschaft
bz.24.01.10,bz.24.01,3,Bremsbeläge – Zubehör,bremsen/bremsbelaege/bremsbelaege-zubehoer
bz.24.02,bz.24,2,Bremsscheiben,bremsen/bremsscheiben
bz.24.02.01,bz.24.02,3,Bremsscheiben – PKW,bremsen/bremsscheiben/bremsscheiben-pkw
bz.24.02.02,bz.24.02,3,Bremsscheiben – SUV,bremsen/bremsscheiben/bremsscheiben-suv
bz.24.02.03,bz.24.02,3,Bremsscheiben – Transporter,bremsen/bremsscheiben/bremsscheiben-transporter
bz.24.02.04,bz.24.02,3,Bremsscheiben – LKW,bremsen/bremsscheiben/bremsscheiben-lkw
bz.24.02.05,bz.24.02,3,Bremsscheiben – Motorrad,bremsen/bremsscheiben/bremsscheiben-motorrad
bz.24.02.06,bz.24.02,3,Bremsscheiben – Sport,bremsen/bremsscheiben/bremsscheiben-sport
bz.24.02.07,bz.24.02,3,Bremsscheiben – Rennsport,bremsen/bremsscheiben/bremsscheiben-rennsport
bz.24.02.08,bz.24.02,3,Bremsscheiben – Industrie,bremsen/bremsscheiben/bremsscheiben-industrie
bz.24.02.09,bz.24.02,3,Bremsscheiben – Landwirtschaft,bremsen/bremsscheiben/bremsscheiben-landwirtschaft
bz.24.02.10,bz.24.02,3,Bremsscheiben – Zubehör,bremsen/bremsscheiben/bremsscheiben-zubehoer
bz.24.03,bz.24,2,Bremstrommeln,bremsen/bremstrommeln
bz.24.03.01,bz.24.03,3,Bremstrommeln – PKW,bremsen/bremstrommeln/bremstrommeln-pkw
bz.24.03.02,bz.24.03,3,Bremstrommeln – SUV,bremsen/bremstrommeln/bremstrommeln-suv
bz.24.03.03,bz.24.03,3,Bremstrommeln – Transporter,bremsen/bremstrommeln/bremstrommeln-transporter
bz.24.03.04,bz.24.03,3,Bremstrommeln – LKW,bremsen/bremstrommeln/bremstrommeln-lkw
bz.24.03.05,bz.24.03,3,Bremstrommeln – Motorrad,bremsen/bremstrommeln/bremstrommeln-motorrad
bz.24.03.06,bz.24.03,3,Bremstrommeln – Sport,bremsen/bremstrommeln/bremstrommeln-sport
bz.24.03.07,bz.24.03,3,Bremstrommeln – Rennsport,bremsen/bremstrommeln/bremstrommeln-rennsport
bz.24.03.08,bz.24.03,3,Bremstrommeln – Industrie,bremsen/bremstrommeln/bremstrommeln-industrie
bz.24.03.09,bz.24.03,3,Bremstrommeln – Landwirtschaft,bremsen/bremstrommeln/bremstrommeln-landwirtschaft
bz.24.03.10,bz.24.03,3,Bremstrommeln – Zubehör,bremsen/bremstrommeln/bremstrommeln-zubehoer
bz.24.04,bz.24,2,Bremsbacken,bremsen/bremsbacken
bz.24.04.01,bz.24.04,3,Bremsbacken – PKW,bremsen/bremsbacken/bremsbacken-pkw
bz.24.04.02,bz.24.04,3,Bremsbacken – SUV,bremsen/bremsbacken/bremsbacken-suv
bz.24.04.03,bz.24.04,3,Bremsbacken – Transporter,bremsen/bremsbacken/bremsbacken-transporter
bz.24.04.04,bz.24.04,3,Bremsbacken – LKW,bremsen/bremsbacken/bremsbacken-lkw
bz.24.04.05,bz.24.04,3,Bremsbacken – Motorrad,bremsen/bremsbacken/bremsbacken-motorrad
bz.24.04.06,bz.24.04,3,Bremsbacken – Sport,bremsen/bremsbacken/bremsbacken-sport
bz.24.04.07,bz.24.04,3,Bremsbacken – Rennsport,bremsen/bremsbacken/bremsbacken-rennsport
bz.24.04.08,bz.24.04,3,Bremsbacken – Industrie,bremsen/bremsbacken/bremsbacken-industrie
bz.24.04.09,bz.24.04,3,Bremsbacken – Landwirtschaft,bremsen/bremsbacken/bremsbacken-landwirtschaft
bz.24.04.10,bz.24.04,3,Bremsbacken – Zubehör,bremsen/bremsbacken/bremsbacken-zubehoer
bz.24.05,bz.24,2,Bremssättel,bremsen/bremssaettel
bz.24.05.01,bz.24.05,3,Bremssättel – PKW,bremsen/bremssaettel/bremssaettel-pkw
bz.24.05.02,bz.24.05,3,Bremssättel – SUV,bremsen/bremssaettel/bremssaettel-suv
bz.24.05.03,bz.24.05,3,Bremssättel – Transporter,bremsen/bremssaettel/bremssaettel-transporter
bz.24.05.04,bz.24.05,3,Bremssättel – LKW,bremsen/bremssaettel/bremssaettel-lkw
bz.24.05.05,bz.24.05,3,Bremssättel – Motorrad,bremsen/bremssaettel/bremssaettel-motorrad
bz.24.05.06,bz.24.05,3,Bremssättel – Sport,bremsen/bremssaettel/bremssaettel-sport
bz.24.05.07,bz.24.05,3,Bremssättel – Rennsport,bremsen/bremssaettel/bremssaettel-rennsport
bz.24.05.08,bz.24.05,3,Bremssättel – Industrie,bremsen/bremssaettel/bremssaettel-industrie
bz.24.05.09,bz.24.05,3,Bremssättel – Landwirtschaft,bremsen/bremssaettel/bremssaettel-landwirtschaft
bz.24.05.10,bz.24.05,3,Bremssättel – Zubehör,bremsen/bremssaettel/bremssaettel-zubehoer
bz.24.06,bz.24,2,Bremszylinder,bremsen/bremszylinder
bz.24.06.01,bz.24.06,3,Bremszylinder – PKW,bremsen/bremszylinder/bremszylinder-pkw
bz.24.06.02,bz.24.06,3,Bremszylinder – SUV,bremsen/bremszylinder/bremszylinder-suv
bz.24.06.03,bz.24.06,3,Bremszylinder – Transporter,bremsen/bremszylinder/bremszylinder-transporter
bz.24.06.04,bz.24.06,3,Bremszylinder – LKW,bremsen/bremszylinder/bremszylinder-lkw
bz.24.06.05,bz.24.06,3,Bremszylinder – Motorrad,bremsen/bremszylinder/bremszylinder-motorrad
bz.24.06.06,bz.24.06,3,Bremszylinder – Sport,bremsen/bremszylinder/bremszylinder-sport
bz.24.06.07,bz.24.06,3,Bremszylinder – Rennsport,bremsen/bremszylinder/bremszylinder-rennsport
bz.24.06.08,bz.24.06,3,Bremszylinder – Industrie,bremsen/bremszylinder/bremszylinder-industrie
bz.24.06.09,bz.24.06,3,Bremszylinder – Landwirtschaft,bremsen/bremszylinder/bremszylinder-landwirtschaft
bz.24.06.10,bz.24.06,3,Bremszylinder – Zubehör,bremsen/bremszylinder/bremszylinder-zubehoer
bz.24.07,bz.24,2,Bremsleitungen,bremsen/bremsleitungen
bz.24.07.01,bz.24.07,3,Bremsleitungen – PKW,bremsen/bremsleitungen/bremsleitungen-pkw
bz.24.07.02,bz.24.07,3,Bremsleitungen – SUV,bremsen/bremsleitungen/bremsleitungen-suv
bz.24.07.03,bz.24.07,3,Bremsleitungen – Transporter,bremsen/bremsleitungen/bremsleitungen-transporter
bz.24.07.04,bz.24.07,3,Bremsleitungen – LKW,bremsen/bremsleitungen/bremsleitungen-lkw
bz.24.07.05,bz.24.07,3,Bremsleitungen – Motorrad,bremsen/bremsleitungen/bremsleitungen-motorrad
bz.24.07.06,bz.24.07,3,Bremsleitungen – Sport,bremsen/bremsleitungen/bremsleitungen-sport
bz.24.07.07,bz.24.07,3,Bremsleitungen – Rennsport,bremsen/bremsleitungen/bremsleitungen-rennsport
bz.24.07.08,bz.24.07,3,Bremsleitungen – Industrie,bremsen/bremsleitungen/bremsleitungen-industrie
bz.24.07.09,bz.24.07,3,Bremsleitungen – Landwirtschaft,bremsen/bremsleitungen/bremsleitungen-landwirtschaft
bz.24.07.10,bz.24.07,3,Bremsleitungen – Zubehör,bremsen/bremsleitungen/bremsleitungen-zubehoer
bz.24.08,bz.24,2,Bremsschläuche,bremsen/bremsschlaeuche
bz.24.08.01,bz.24.08,3,Bremsschläuche – PKW,bremsen/bremsschlaeuche/bremsschlaeuche-pkw
bz.24.08.02,bz.24.08,3,Bremsschläuche – SUV,bremsen/bremsschlaeuche/bremsschlaeuche-suv
bz.24.08.03,bz.24.08,3,Bremsschläuche – Transporter,bremsen/bremsschlaeuche/bremsschlaeuche-transporter
bz.24.08.04,bz.24.08,3,Bremsschläuche – LKW,bremsen/bremsschlaeuche/bremsschlaeuche-lkw
bz.24.08.05,bz.24.08,3,Bremsschläuche – Motorrad,bremsen/bremsschlaeuche/bremsschlaeuche-motorrad
bz.24.08.06,bz.24.08,3,Bremsschläuche – Sport,bremsen/bremsschlaeuche/bremsschlaeuche-sport
bz.24.08.07,bz.24.08,3,Bremsschläuche – Rennsport,bremsen/bremsschlaeuche/bremsschlaeuche-rennsport
bz.24.08.08,bz.24.08,3,Bremsschläuche – Industrie,bremsen/bremsschlaeuche/bremsschlaeuche-industrie
bz.24.08.09,bz.24.08,3,Bremsschläuche – Landwirtschaft,bremsen/bremsschlaeuche/bremsschlaeuche-landwirtschaft
bz.24.08.10,bz.24.08,3,Bremsschläuche – Zubehör,bremsen/bremsschlaeuche/bremsschlaeuche-zubehoer
bz.24.09,bz.24,2,ABS & ESP,bremsen/abs-und-esp
bz.24.09.01,bz.24.09,3,ABS & ESP – PKW,bremsen/abs-und-esp/abs-und-esp-pkw
bz.24.09.02,bz.24.09,3,ABS & ESP – SUV,bremsen/abs-und-esp/abs-und-esp-suv
bz.24.09.03,bz.24.09,3,ABS & ESP – Transporter,bremsen/abs-und-esp/abs-und-esp-transporter
bz.24.09.04,bz.24.09,3,ABS & ESP – LKW,bremsen/abs-und-esp/abs-und-esp-lkw
bz.24.09.05,bz.24.09,3,ABS & ESP – Motorrad,bremsen/abs-und-esp/abs-und-esp-motorrad
bz.24.09.06,bz.24.09,3,ABS & ESP – Sport,bremsen/abs-und-esp/abs-und-esp-sport
bz.24.09.07,bz.24.09,3,ABS & ESP – Rennsport,bremsen/abs-und-esp/abs-und-esp-rennsport
bz.24.09.08,bz.24.09,3,ABS & ESP – Industrie,bremsen/abs-und-esp/abs-und-esp-industrie
bz.24.09.09,bz.24.09,3,ABS & ESP – Landwirtschaft,bremsen/abs-und-esp/abs-und-esp-landwirtschaft
bz.24.09.10,bz.24.09,3,ABS & ESP – Zubehör,bremsen/abs-und-esp/abs-und-esp-zubehoer
bz.24.10,bz.24,2,Bremsverschleißsensoren,bremsen/bremsverschleisssensoren
bz.24.10.01,bz.24.10,3,Bremsverschleißsensoren – PKW,bremsen/bremsverschleisssensoren/bremsverschleisssensoren-pkw
bz.24.10.02,bz.24.10,3,Bremsverschleißsensoren – SUV,bremsen/bremsverschleisssensoren/bremsverschleisssensoren-suv
bz.24.10.03,bz.24.10,3,Bremsverschleißsensoren – Transporter,bremsen/bremsverschleisssensoren/bremsverschleisssensoren-transporter
bz.24.10.04,bz.24.10,3,Bremsverschleißsensoren – LKW,bremsen/bremsverschleisssensoren/bremsverschleisssensoren-lkw
bz.24.10.05,bz.24.10,3,Bremsverschleißsensoren – Motorrad,bremsen/bremsverschleisssensoren/bremsverschleisssensoren-motorrad
bz.24.10.06,bz.24.10,3,Bremsverschleißsensoren – Sport,bremsen/bremsverschleisssensoren/bremsverschleisssensoren-sport
bz.24.10.07,bz.24.10,3,Bremsverschleißsensoren – Rennsport,bremsen/bremsverschleisssensoren/bremsverschleisssensoren-rennsport
bz.24.10.08,bz.24.10,3,Bremsverschleißsensoren – Industrie,bremsen/bremsverschleisssensoren/bremsverschleisssensoren-industrie
bz.24.10.09,bz.24.10,3,Bremsverschleißsensoren – Landwirtschaft,bremsen/bremsverschleisssensoren/bremsverschleisssensoren-landwirtschaft
bz.24.10.10,bz.24.10,3,Bremsverschleißsensoren – Zubehör,bremsen/bremsverschleisssensoren/bremsverschleisssensoren-zubehoer
bz.24.11,bz.24,2,Montagesätze,bremsen/montagesaetze
bz.24.11.01,bz.24.11,3,Montagesätze – PKW,bremsen/montagesaetze/montagesaetze-pkw
bz.24.11.02,bz.24.11,3,Montagesätze – SUV,bremsen/montagesaetze/montagesaetze-suv
bz.24.11.03,bz.24.11,3,Montagesätze – Transporter,bremsen/montagesaetze/montagesaetze-transporter
bz.24.11.04,bz.24.11,3,Montagesätze – LKW,bremsen/montagesaetze/montagesaetze-lkw
bz.24.11.05,bz.24.11,3,Montagesätze – Motorrad,bremsen/montagesaetze/montagesaetze-motorrad
bz.24.11.06,bz.24.11,3,Montagesätze – Sport,bremsen/montagesaetze/montagesaetze-sport
bz.24.11.07,bz.24.11,3,Montagesätze – Rennsport,bremsen/montagesaetze/montagesaetze-rennsport
bz.24.11.08,bz.24.11,3,Montagesätze – Industrie,bremsen/montagesaetze/montagesaetze-industrie
bz.24.11.09,bz.24.11,3,Montagesätze – Landwirtschaft,bremsen/montagesaetze/montagesaetze-landwirtschaft
bz.24.11.10,bz.24.11,3,Montagesätze – Zubehör,bremsen/montagesaetze/montagesaetze-zubehoer
bz.24.12,bz.24,2,Bremswartung,bremsen/bremswartung
bz.24.12.01,bz.24.12,3,Bremswartung – PKW,bremsen/bremswartung/bremswartung-pkw
bz.24.12.02,bz.24.12,3,Bremswartung – SUV,bremsen/bremswartung/bremswartung-suv
bz.24.12.03,bz.24.12,3,Bremswartung – Transporter,bremsen/bremswartung/bremswartung-transporter
bz.24.12.04,bz.24.12,3,Bremswartung – LKW,bremsen/bremswartung/bremswartung-lkw
bz.24.12.05,bz.24.12,3,Bremswartung – Motorrad,bremsen/bremswartung/bremswartung-motorrad
bz.24.12.06,bz.24.12,3,Bremswartung – Sport,bremsen/bremswartung/bremswartung-sport
bz.24.12.07,bz.24.12,3,Bremswartung – Rennsport,bremsen/bremswartung/bremswartung-rennsport
bz.24.12.08,bz.24.12,3,Bremswartung – Industrie,bremsen/bremswartung/bremswartung-industrie
bz.24.12.09,bz.24.12,3,Bremswartung – Landwirtschaft,bremsen/bremswartung/bremswartung-landwirtschaft
bz.24.12.10,bz.24.12,3,Bremswartung – Zubehör,bremsen/bremswartung/bremswartung-zubehoer
bz.25,,1,Batterien,batterien
bz.25.01,bz.25,2,Starterbatterien,batterien/starterbatterien
bz.25.01.01,bz.25.01,3,Starterbatterien – PKW,batterien/starterbatterien/starterbatterien-pkw
bz.25.01.02,bz.25.01,3,Starterbatterien – LKW,batterien/starterbatterien/starterbatterien-lkw
bz.25.01.03,bz.25.01,3,Starterbatterien – Motorrad,batterien/starterbatterien/starterbatterien-motorrad
bz.25.01.04,bz.25.01,3,Starterbatterien – Landwirtschaft,batterien/starterbatterien/starterbatterien-landwirtschaft
bz.25.01.05,bz.25.01,3,Starterbatterien – Industrie,batterien/starterbatterien/starterbatterien-industrie
bz.25.01.06,bz.25.01,3,Starterbatterien – Solar,batterien/starterbatterien/starterbatterien-solar
bz.25.01.07,bz.25.01,3,Starterbatterien – USV,batterien/starterbatterien/starterbatterien-usv
bz.25.01.08,bz.25.01,3,Starterbatterien – Telekom,batterien/starterbatterien/starterbatterien-telekom
bz.25.01.09,bz.25.01,3,Starterbatterien – Antrieb,batterien/starterbatterien/starterbatterien-antrieb
bz.25.01.10,bz.25.01,3,Starterbatterien – Zubehör,batterien/starterbatterien/starterbatterien-zubehoer
bz.25.02,bz.25,2,AGM,batterien/agm
bz.25.02.01,bz.25.02,3,AGM – PKW,batterien/agm/agm-pkw
bz.25.02.02,bz.25.02,3,AGM – LKW,batterien/agm/agm-lkw
bz.25.02.03,bz.25.02,3,AGM – Motorrad,batterien/agm/agm-motorrad
bz.25.02.04,bz.25.02,3,AGM – Landwirtschaft,batterien/agm/agm-landwirtschaft
bz.25.02.05,bz.25.02,3,AGM – Industrie,batterien/agm/agm-industrie
bz.25.02.06,bz.25.02,3,AGM – Solar,batterien/agm/agm-solar
bz.25.02.07,bz.25.02,3,AGM – USV,batterien/agm/agm-usv
bz.25.02.08,bz.25.02,3,AGM – Telekom,batterien/agm/agm-telekom
bz.25.02.09,bz.25.02,3,AGM – Antrieb,batterien/agm/agm-antrieb
bz.25.02.10,bz.25.02,3,AGM – Zubehör,batterien/agm/agm-zubehoer
bz.25.03,bz.25,2,EFB,batterien/efb
bz.25.03.01,bz.25.03,3,EFB – PKW,batterien/efb/efb-pkw
bz.25.03.02,bz.25.03,3,EFB – LKW,batterien/efb/efb-lkw
bz.25.03.03,bz.25.03,3,EFB – Motorrad,batterien/efb/efb-motorrad
bz.25.03.04,bz.25.03,3,EFB – Landwirtschaft,batterien/efb/efb-landwirtschaft
bz.25.03.05,bz.25.03,3,EFB – Industrie,batterien/efb/efb-industrie
bz.25.03.06,bz.25.03,3,EFB – Solar,batterien/efb/efb-solar
bz.25.03.07,bz.25.03,3,EFB – USV,batterien/efb/efb-usv
bz.25.03.08,bz.25.03,3,EFB – Telekom,batterien/efb/efb-telekom
bz.25.03.09,bz.25.03,3,EFB – Antrieb,batterien/efb/efb-antrieb
bz.25.03.10,bz.25.03,3,EFB – Zubehör,batterien/efb/efb-zubehoer
bz.25.04,bz.25,2,Gel,batterien/gel
bz.25.04.01,bz.25.04,3,Gel – PKW,batterien/gel/gel-pkw
bz.25.04.02,bz.25.04,3,Gel – LKW,batterien/gel/gel-lkw
bz.25.04.03,bz.25.04,3,Gel – Motorrad,batterien/gel/gel-motorrad
bz.25.04.04,bz.25.04,3,Gel – Landwirtschaft,batterien/gel/gel-landwirtschaft
bz.25.04.05,bz.25.04,3,Gel – Industrie,batterien/gel/gel-industrie
bz.25.04.06,bz.25.04,3,Gel – Solar,batterien/gel/gel-solar
bz.25.04.07,bz.25.04,3,Gel – USV,batterien/gel/gel-usv
bz.25.04.08,bz.25.04,3,Gel – Telekom,batterien/gel/gel-telekom
bz.25.04.09,bz.25.04,3,Gel – Antrieb,batterien/gel/gel-antrieb
bz.25.04.10,bz.25.04,3,Gel – Zubehör,batterien/gel/gel-zubehoer
bz.25.05,bz.25,2,LKW-Batterien,batterien/lkw-batterien
bz.25.05.01,bz.25.05,3,LKW-Batterien – PKW,batterien/lkw-batterien/lkw-batterien-pkw
bz.25.05.02,bz.25.05,3,LKW-Batterien – LKW,batterien/lkw-batterien/lkw-batterien-lkw
bz.25.05.03,bz.25.05,3,LKW-Batterien – Motorrad,batterien/lkw-batterien/lkw-batterien-motorrad
bz.25.05.04,bz.25.05,3,LKW-Batterien – Landwirtschaft,batterien/lkw-batterien/lkw-batterien-landwirtschaft
bz.25.05.05,bz.25.05,3,LKW-Batterien – Industrie,batterien/lkw-batterien/lkw-batterien-industrie
bz.25.05.06,bz.25.05,3,LKW-Batterien – Solar,batterien/lkw-batterien/lkw-batterien-solar
bz.25.05.07,bz.25.05,3,LKW-Batterien – USV,batterien/lkw-batterien/lkw-batterien-usv
bz.25.05.08,bz.25.05,3,LKW-Batterien – Telekom,batterien/lkw-batterien/lkw-batterien-telekom
bz.25.05.09,bz.25.05,3,LKW-Batterien – Antrieb,batterien/lkw-batterien/lkw-batterien-antrieb
bz.25.05.10,bz.25.05,3,LKW-Batterien – Zubehör,batterien/lkw-batterien/lkw-batterien-zubehoer
bz.25.06,bz.25,2,Motorradbatterien,batterien/motorradbatterien
bz.25.06.01,bz.25.06,3,Motorradbatterien – PKW,batterien/motorradbatterien/motorradbatterien-pkw
bz.25.06.02,bz.25.06,3,Motorradbatterien – LKW,batterien/motorradbatterien/motorradbatterien-lkw
bz.25.06.03,bz.25.06,3,Motorradbatterien – Motorrad,batterien/motorradbatterien/motorradbatterien-motorrad
bz.25.06.04,bz.25.06,3,Motorradbatterien – Landwirtschaft,batterien/motorradbatterien/motorradbatterien-landwirtschaft
bz.25.06.05,bz.25.06,3,Motorradbatterien – Industrie,batterien/motorradbatterien/motorradbatterien-industrie
bz.25.06.06,bz.25.06,3,Motorradbatterien – Solar,batterien/motorradbatterien/motorradbatterien-solar
bz.25.06.07,bz.25.06,3,Motorradbatterien – USV,batterien/motorradbatterien/motorradbatterien-usv
bz.25.06.08,bz.25.06,3,Motorradbatterien – Telekom,batterien/motorradbatterien/motorradbatterien-telekom
bz.25.06.09,bz.25.06,3,Motorradbatterien – Antrieb,batterien/motorradbatterien/motorradbatterien-antrieb
bz.25.06.10,bz.25.06,3,Motorradbatterien – Zubehör,batterien/motorradbatterien/motorradbatterien-zubehoer
bz.25.07,bz.25,2,Industriebatterien,batterien/industriebatterien
bz.25.07.01,bz.25.07,3,Industriebatterien – PKW,batterien/industriebatterien/industriebatterien-pkw
bz.25.07.02,bz.25.07,3,Industriebatterien – LKW,batterien/industriebatterien/industriebatterien-lkw
bz.25.07.03,bz.25.07,3,Industriebatterien – Motorrad,batterien/industriebatterien/industriebatterien-motorrad
bz.25.07.04,bz.25.07,3,Industriebatterien – Landwirtschaft,batterien/industriebatterien/industriebatterien-landwirtschaft
bz.25.07.05,bz.25.07,3,Industriebatterien – Industrie,batterien/industriebatterien/industriebatterien-industrie
bz.25.07.06,bz.25.07,3,Industriebatterien – Solar,batterien/industriebatterien/industriebatterien-solar
bz.25.07.07,bz.25.07,3,Industriebatterien – USV,batterien/industriebatterien/industriebatterien-usv
bz.25.07.08,bz.25.07,3,Industriebatterien – Telekom,batterien/industriebatterien/industriebatterien-telekom
bz.25.07.09,bz.25.07,3,Industriebatterien – Antrieb,batterien/industriebatterien/industriebatterien-antrieb
bz.25.07.10,bz.25.07,3,Industriebatterien – Zubehör,batterien/industriebatterien/industriebatterien-zubehoer
bz.25.08,bz.25,2,Solarbatterien,batterien/solarbatterien
bz.25.08.01,bz.25.08,3,Solarbatterien – PKW,batterien/solarbatterien/solarbatterien-pkw
bz.25.08.02,bz.25.08,3,Solarbatterien – LKW,batterien/solarbatterien/solarbatterien-lkw
bz.25.08.03,bz.25.08,3,Solarbatterien – Motorrad,batterien/solarbatterien/solarbatterien-motorrad
bz.25.08.04,bz.25.08,3,Solarbatterien – Landwirtschaft,batterien/solarbatterien/solarbatterien-landwirtschaft
bz.25.08.05,bz.25.08,3,Solarbatterien – Industrie,batterien/solarbatterien/solarbatterien-industrie
bz.25.08.06,bz.25.08,3,Solarbatterien – Solar,batterien/solarbatterien/solarbatterien-solar
bz.25.08.07,bz.25.08,3,Solarbatterien – USV,batterien/solarbatterien/solarbatterien-usv
bz.25.08.08,bz.25.08,3,Solarbatterien – Telekom,batterien/solarbatterien/solarbatterien-telekom
bz.25.08.09,bz.25.08,3,Solarbatterien – Antrieb,batterien/solarbatterien/solarbatterien-antrieb
bz.25.08.10,bz.25.08,3,Solarbatterien – Zubehör,batterien/solarbatterien/solarbatterien-zubehoer
bz.25.09,bz.25,2,USV-Batterien,batterien/usv-batterien
bz.25.09.01,bz.25.09,3,USV-Batterien – PKW,batterien/usv-batterien/usv-batterien-pkw
bz.25.09.02,bz.25.09,3,USV-Batterien – LKW,batterien/usv-batterien/usv-batterien-lkw
bz.25.09.03,bz.25.09,3,USV-Batterien – Motorrad,batterien/usv-batterien/usv-batterien-motorrad
bz.25.09.04,bz.25.09,3,USV-Batterien – Landwirtschaft,batterien/usv-batterien/usv-batterien-landwirtschaft
bz.25.09.05,bz.25.09,3,USV-Batterien – Industrie,batterien/usv-batterien/usv-batterien-industrie
bz.25.09.06,bz.25.09,3,USV-Batterien – Solar,batterien/usv-batterien/usv-batterien-solar
bz.25.09.07,bz.25.09,3,USV-Batterien – USV,batterien/usv-batterien/usv-batterien-usv
bz.25.09.08,bz.25.09,3,USV-Batterien – Telekom,batterien/usv-batterien/usv-batterien-telekom
bz.25.09.09,bz.25.09,3,USV-Batterien – Antrieb,batterien/usv-batterien/usv-batterien-antrieb
bz.25.09.10,bz.25.09,3,USV-Batterien – Zubehör,batterien/usv-batterien/usv-batterien-zubehoer
bz.25.10,bz.25,2,Batterieladegeräte,batterien/batterieladegeraete
bz.25.10.01,bz.25.10,3,Batterieladegeräte – PKW,batterien/batterieladegeraete/batterieladegeraete-pkw
bz.25.10.02,bz.25.10,3,Batterieladegeräte – LKW,batterien/batterieladegeraete/batterieladegeraete-lkw
bz.25.10.03,bz.25.10,3,Batterieladegeräte – Motorrad,batterien/batterieladegeraete/batterieladegeraete-motorrad
bz.25.10.04,bz.25.10,3,Batterieladegeräte – Landwirtschaft,batterien/batterieladegeraete/batterieladegeraete-landwirtschaft
bz.25.10.05,bz.25.10,3,Batterieladegeräte – Industrie,batterien/batterieladegeraete/batterieladegeraete-industrie
bz.25.10.06,bz.25.10,3,Batterieladegeräte – Solar,batterien/batterieladegeraete/batterieladegeraete-solar
bz.25.10.07,bz.25.10,3,Batterieladegeräte – USV,batterien/batterieladegeraete/batterieladegeraete-usv
bz.25.10.08,bz.25.10,3,Batterieladegeräte – Telekom,batterien/batterieladegeraete/batterieladegeraete-telekom
bz.25.10.09,bz.25.10,3,Batterieladegeräte – Antrieb,batterien/batterieladegeraete/batterieladegeraete-antrieb
bz.25.10.10,bz.25.10,3,Batterieladegeräte – Zubehör,batterien/batterieladegeraete/batterieladegeraete-zubehoer
bz.25.11,bz.25,2,Batterietester,batterien/batterietester
bz.25.11.01,bz.25.11,3,Batterietester – PKW,batterien/batterietester/batterietester-pkw
bz.25.11.02,bz.25.11,3,Batterietester – LKW,batterien/batterietester/batterietester-lkw
bz.25.11.03,bz.25.11,3,Batterietester – Motorrad,batterien/batterietester/batterietester-motorrad
bz.25.11.04,bz.25.11,3,Batterietester – Landwirtschaft,batterien/batterietester/batterietester-landwirtschaft
bz.25.11.05,bz.25.11,3,Batterietester – Industrie,batterien/batterietester/batterietester-industrie
bz.25.11.06,bz.25.11,3,Batterietester – Solar,batterien/batterietester/batterietester-solar
bz.25.11.07,bz.25.11,3,Batterietester – USV,batterien/batterietester/batterietester-usv
bz.25.11.08,bz.25.11,3,Batterietester – Telekom,batterien/batterietester/batterietester-telekom
bz.25.11.09,bz.25.11,3,Batterietester – Antrieb,batterien/batterietester/batterietester-antrieb
bz.25.11.10,bz.25.11,3,Batterietester – Zubehör,batterien/batterietester/batterietester-zubehoer
bz.25.12,bz.25,2,Batteriezubehör,batterien/batteriezubehoer
bz.25.12.01,bz.25.12,3,Batteriezubehör – PKW,batterien/batteriezubehoer/batteriezubehoer-pkw
bz.25.12.02,bz.25.12,3,Batteriezubehör – LKW,batterien/batteriezubehoer/batteriezubehoer-lkw
bz.25.12.03,bz.25.12,3,Batteriezubehör – Motorrad,batterien/batteriezubehoer/batteriezubehoer-motorrad
bz.25.12.04,bz.25.12,3,Batteriezubehör – Landwirtschaft,batterien/batteriezubehoer/batteriezubehoer-landwirtschaft
bz.25.12.05,bz.25.12,3,Batteriezubehör – Industrie,batterien/batteriezubehoer/batteriezubehoer-industrie
bz.25.12.06,bz.25.12,3,Batteriezubehör – Solar,batterien/batteriezubehoer/batteriezubehoer-solar
bz.25.12.07,bz.25.12,3,Batteriezubehör – USV,batterien/batteriezubehoer/batteriezubehoer-usv
bz.25.12.08,bz.25.12,3,Batteriezubehör – Telekom,batterien/batteriezubehoer/batteriezubehoer-telekom
bz.25.12.09,bz.25.12,3,Batteriezubehör – Antrieb,batterien/batteriezubehoer/batteriezubehoer-antrieb
bz.25.12.10,bz.25.12,3,Batteriezubehör – Zubehör,batterien/batteriezubehoer/batteriezubehoer-zubehoer
bz.26,,1,Auspuff & Anlage,auspuff-und-anlage
bz.26.01,bz.26,2,Abgaskrümmer,auspuff-und-anlage/abgaskruemmer
bz.26.01.01,bz.26.01,3,Abgaskrümmer – Benzin,auspuff-und-anlage/abgaskruemmer/abgaskruemmer-benzin
bz.26.01.02,bz.26.01,3,Abgaskrümmer – Diesel,auspuff-und-anlage/abgaskruemmer/abgaskruemmer-diesel
bz.26.01.03,bz.26.01,3,Abgaskrümmer – Hybrid,auspuff-und-anlage/abgaskruemmer/abgaskruemmer-hybrid
bz.26.01.04,bz.26.01,3,Abgaskrümmer – PKW,auspuff-und-anlage/abgaskruemmer/abgaskruemmer-pkw
bz.26.01.05,bz.26.01,3,Abgaskrümmer – LKW,auspuff-und-anlage/abgaskruemmer/abgaskruemmer-lkw
bz.26.01.06,bz.26.01,3,Abgaskrümmer – Motorrad,auspuff-und-anlage/abgaskruemmer/abgaskruemmer-motorrad
bz.26.01.07,bz.26.01,3,Abgaskrümmer – Sport,auspuff-und-anlage/abgaskruemmer/abgaskruemmer-sport
bz.26.01.08,bz.26.01,3,Abgaskrümmer – Industrie,auspuff-und-anlage/abgaskruemmer/abgaskruemmer-industrie
bz.26.01.09,bz.26.01,3,Abgaskrümmer – Landwirtschaft,auspuff-und-anlage/abgaskruemmer/abgaskruemmer-landwirtschaft
bz.26.01.10,bz.26.01,3,Abgaskrümmer – Zubehör,auspuff-und-anlage/abgaskruemmer/abgaskruemmer-zubehoer
bz.26.02,bz.26,2,Katalysatoren,auspuff-und-anlage/katalysatoren
bz.26.02.01,bz.26.02,3,Katalysatoren – Benzin,auspuff-und-anlage/katalysatoren/katalysatoren-benzin
bz.26.02.02,bz.26.02,3,Katalysatoren – Diesel,auspuff-und-anlage/katalysatoren/katalysatoren-diesel
bz.26.02.03,bz.26.02,3,Katalysatoren – Hybrid,auspuff-und-anlage/katalysatoren/katalysatoren-hybrid
bz.26.02.04,bz.26.02,3,Katalysatoren – PKW,auspuff-und-anlage/katalysatoren/katalysatoren-pkw
bz.26.02.05,bz.26.02,3,Katalysatoren – LKW,auspuff-und-anlage/katalysatoren/katalysatoren-lkw
bz.26.02.06,bz.26.02,3,Katalysatoren – Motorrad,auspuff-und-anlage/katalysatoren/katalysatoren-motorrad
bz.26.02.07,bz.26.02,3,Katalysatoren – Sport,auspuff-und-anlage/katalysatoren/katalysatoren-sport
bz.26.02.08,bz.26.02,3,Katalysatoren – Industrie,auspuff-und-anlage/katalysatoren/katalysatoren-industrie
bz.26.02.09,bz.26.02,3,Katalysatoren – Landwirtschaft,auspuff-und-anlage/katalysatoren/katalysatoren-landwirtschaft
bz.26.02.10,bz.26.02,3,Katalysatoren – Zubehör,auspuff-und-anlage/katalysatoren/katalysatoren-zubehoer
bz.26.03,bz.26,2,DPF,auspuff-und-anlage/dpf
bz.26.03.01,bz.26.03,3,DPF – Benzin,auspuff-und-anlage/dpf/dpf-benzin
bz.26.03.02,bz.26.03,3,DPF – Diesel,auspuff-und-anlage/dpf/dpf-diesel
bz.26.03.03,bz.26.03,3,DPF – Hybrid,auspuff-und-anlage/dpf/dpf-hybrid
bz.26.03.04,bz.26.03,3,DPF – PKW,auspuff-und-anlage/dpf/dpf-pkw
bz.26.03.05,bz.26.03,3,DPF – LKW,auspuff-und-anlage/dpf/dpf-lkw
bz.26.03.06,bz.26.03,3,DPF – Motorrad,auspuff-und-anlage/dpf/dpf-motorrad
bz.26.03.07,bz.26.03,3,DPF – Sport,auspuff-und-anlage/dpf/dpf-sport
bz.26.03.08,bz.26.03,3,DPF – Industrie,auspuff-und-anlage/dpf/dpf-industrie
bz.26.03.09,bz.26.03,3,DPF – Landwirtschaft,auspuff-und-anlage/dpf/dpf-landwirtschaft
bz.26.03.10,bz.26.03,3,DPF – Zubehör,auspuff-und-anlage/dpf/dpf-zubehoer
bz.26.04,bz.26,2,Schalldämpfer,auspuff-und-anlage/schalldaempfer
bz.26.04.01,bz.26.04,3,Schalldämpfer – Benzin,auspuff-und-anlage/schalldaempfer/schalldaempfer-benzin
bz.26.04.02,bz.26.04,3,Schalldämpfer – Diesel,auspuff-und-anlage/schalldaempfer/schalldaempfer-diesel
bz.26.04.03,bz.26.04,3,Schalldämpfer – Hybrid,auspuff-und-anlage/schalldaempfer/schalldaempfer-hybrid
bz.26.04.04,bz.26.04,3,Schalldämpfer – PKW,auspuff-und-anlage/schalldaempfer/schalldaempfer-pkw
bz.26.04.05,bz.26.04,3,Schalldämpfer – LKW,auspuff-und-anlage/schalldaempfer/schalldaempfer-lkw
bz.26.04.06,bz.26.04,3,Schalldämpfer – Motorrad,auspuff-und-anlage/schalldaempfer/schalldaempfer-motorrad
bz.26.04.07,bz.26.04,3,Schalldämpfer – Sport,auspuff-und-anlage/schalldaempfer/schalldaempfer-sport
bz.26.04.08,bz.26.04,3,Schalldämpfer – Industrie,auspuff-und-anlage/schalldaempfer/schalldaempfer-industrie
bz.26.04.09,bz.26.04,3,Schalldämpfer – Landwirtschaft,auspuff-und-anlage/schalldaempfer/schalldaempfer-landwirtschaft
bz.26.04.10,bz.26.04,3,Schalldämpfer – Zubehör,auspuff-und-anlage/schalldaempfer/schalldaempfer-zubehoer
bz.26.05,bz.26,2,Endrohre,auspuff-und-anlage/endrohre
bz.26.05.01,bz.26.05,3,Endrohre – Benzin,auspuff-und-anlage/endrohre/endrohre-benzin
bz.26.05.02,bz.26.05,3,Endrohre – Diesel,auspuff-und-anlage/endrohre/endrohre-diesel
bz.26.05.03,bz.26.05,3,Endrohre – Hybrid,auspuff-und-anlage/endrohre/endrohre-hybrid
bz.26.05.04,bz.26.05,3,Endrohre – PKW,auspuff-und-anlage/endrohre/endrohre-pkw
bz.26.05.05,bz.26.05,3,Endrohre – LKW,auspuff-und-anlage/endrohre/endrohre-lkw
bz.26.05.06,bz.26.05,3,Endrohre – Motorrad,auspuff-und-anlage/endrohre/endrohre-motorrad
bz.26.05.07,bz.26.05,3,Endrohre – Sport,auspuff-und-anlage/endrohre/endrohre-sport
bz.26.05.08,bz.26.05,3,Endrohre – Industrie,auspuff-und-anlage/endrohre/endrohre-industrie
bz.26.05.09,bz.26.05,3,Endrohre – Landwirtschaft,auspuff-und-anlage/endrohre/endrohre-landwirtschaft
bz.26.05.10,bz.26.05,3,Endrohre – Zubehör,auspuff-und-anlage/endrohre/endrohre-zubehoer
bz.26.06,bz.26,2,Flexrohre,auspuff-und-anlage/flexrohre
bz.26.06.01,bz.26.06,3,Flexrohre – Benzin,auspuff-und-anlage/flexrohre/flexrohre-benzin
bz.26.06.02,bz.26.06,3,Flexrohre – Diesel,auspuff-und-anlage/flexrohre/flexrohre-diesel
bz.26.06.03,bz.26.06,3,Flexrohre – Hybrid,auspuff-und-anlage/flexrohre/flexrohre-hybrid
bz.26.06.04,bz.26.06,3,Flexrohre – PKW,auspuff-und-anlage/flexrohre/flexrohre-pkw
bz.26.06.05,bz.26.06,3,Flexrohre – LKW,auspuff-und-anlage/flexrohre/flexrohre-lkw
bz.26.06.06,bz.26.06,3,Flexrohre – Motorrad,auspuff-und-anlage/flexrohre/flexrohre-motorrad
bz.26.06.07,bz.26.06,3,Flexrohre – Sport,auspuff-und-anlage/flexrohre/flexrohre-sport
bz.26.06.08,bz.26.06,3,Flexrohre – Industrie,auspuff-und-anlage/flexrohre/flexrohre-industrie
bz.26.06.09,bz.26.06,3,Flexrohre – Landwirtschaft,auspuff-und-anlage/flexrohre/flexrohre-landwirtschaft
bz.26.06.10,bz.26.06,3,Flexrohre – Zubehör,auspuff-und-anlage/flexrohre/flexrohre-zubehoer
bz.26.07,bz.26,2,AGR/EGR,auspuff-und-anlage/agr-egr
bz.26.07.01,bz.26.07,3,AGR/EGR – Benzin,auspuff-und-anlage/agr-egr/agr-egr-benzin
bz.26.07.02,bz.26.07,3,AGR/EGR – Diesel,auspuff-und-anlage/agr-egr/agr-egr-diesel
bz.26.07.03,bz.26.07,3,AGR/EGR – Hybrid,auspuff-und-anlage/agr-egr/agr-egr-hybrid
bz.26.07.04,bz.26.07,3,AGR/EGR – PKW,auspuff-und-anlage/agr-egr/agr-egr-pkw
bz.26.07.05,bz.26.07,3,AGR/EGR – LKW,auspuff-und-anlage/agr-egr/agr-egr-lkw
bz.26.07.06,bz.26.07,3,AGR/EGR – Motorrad,auspuff-und-anlage/agr-egr/agr-egr-motorrad
bz.26.07.07,bz.26.07,3,AGR/EGR – Sport,auspuff-und-anlage/agr-egr/agr-egr-sport
bz.26.07.08,bz.26.07,3,AGR/EGR – Industrie,auspuff-und-anlage/agr-egr/agr-egr-industrie
bz.26.07.09,bz.26.07,3,AGR/EGR – Landwirtschaft,auspuff-und-anlage/agr-egr/agr-egr-landwirtschaft
bz.26.07.10,bz.26.07,3,AGR/EGR – Zubehör,auspuff-und-anlage/agr-egr/agr-egr-zubehoer
bz.26.08,bz.26,2,Lambdasonden,auspuff-und-anlage/lambdasonden
bz.26.08.01,bz.26.08,3,Lambdasonden – Benzin,auspuff-und-anlage/lambdasonden/lambdasonden-benzin
bz.26.08.02,bz.26.08,3,Lambdasonden – Diesel,auspuff-und-anlage/lambdasonden/lambdasonden-diesel
bz.26.08.03,bz.26.08,3,Lambdasonden – Hybrid,auspuff-und-anlage/lambdasonden/lambdasonden-hybrid
bz.26.08.04,bz.26.08,3,Lambdasonden – PKW,auspuff-und-anlage/lambdasonden/lambdasonden-pkw
bz.26.08.05,bz.26.08,3,Lambdasonden – LKW,auspuff-und-anlage/lambdasonden/lambdasonden-lkw
bz.26.08.06,bz.26.08,3,Lambdasonden – Motorrad,auspuff-und-anlage/lambdasonden/lambdasonden-motorrad
bz.26.08.07,bz.26.08,3,Lambdasonden – Sport,auspuff-und-anlage/lambdasonden/lambdasonden-sport
bz.26.08.08,bz.26.08,3,Lambdasonden – Industrie,auspuff-und-anlage/lambdasonden/lambdasonden-industrie
bz.26.08.09,bz.26.08,3,Lambdasonden – Landwirtschaft,auspuff-und-anlage/lambdasonden/lambdasonden-landwirtschaft
bz.26.08.10,bz.26.08,3,Lambdasonden – Zubehör,auspuff-und-anlage/lambdasonden/lambdasonden-zubehoer
bz.26.09,bz.26,2,NOx-Sensoren,auspuff-und-anlage/nox-sensoren
bz.26.09.01,bz.26.09,3,NOx-Sensoren – Benzin,auspuff-und-anlage/nox-sensoren/nox-sensoren-benzin
bz.26.09.02,bz.26.09,3,NOx-Sensoren – Diesel,auspuff-und-anlage/nox-sensoren/nox-sensoren-diesel
bz.26.09.03,bz.26.09,3,NOx-Sensoren – Hybrid,auspuff-und-anlage/nox-sensoren/nox-sensoren-hybrid
bz.26.09.04,bz.26.09,3,NOx-Sensoren – PKW,auspuff-und-anlage/nox-sensoren/nox-sensoren-pkw
bz.26.09.05,bz.26.09,3,NOx-Sensoren – LKW,auspuff-und-anlage/nox-sensoren/nox-sensoren-lkw
bz.26.09.06,bz.26.09,3,NOx-Sensoren – Motorrad,auspuff-und-anlage/nox-sensoren/nox-sensoren-motorrad
bz.26.09.07,bz.26.09,3,NOx-Sensoren – Sport,auspuff-und-anlage/nox-sensoren/nox-sensoren-sport
bz.26.09.08,bz.26.09,3,NOx-Sensoren – Industrie,auspuff-und-anlage/nox-sensoren/nox-sensoren-industrie
bz.26.09.09,bz.26.09,3,NOx-Sensoren – Landwirtschaft,auspuff-und-anlage/nox-sensoren/nox-sensoren-landwirtschaft
bz.26.09.10,bz.26.09,3,NOx-Sensoren – Zubehör,auspuff-und-anlage/nox-sensoren/nox-sensoren-zubehoer
bz.26.10,bz.26,2,Abgastemperatur,auspuff-und-anlage/abgastemperatur
bz.26.10.01,bz.26.10,3,Abgastemperatur – Benzin,auspuff-und-anlage/abgastemperatur/abgastemperatur-benzin
bz.26.10.02,bz.26.10,3,Abgastemperatur – Diesel,auspuff-und-anlage/abgastemperatur/abgastemperatur-diesel
bz.26.10.03,bz.26.10,3,Abgastemperatur – Hybrid,auspuff-und-anlage/abgastemperatur/abgastemperatur-hybrid
bz.26.10.04,bz.26.10,3,Abgastemperatur – PKW,auspuff-und-anlage/abgastemperatur/abgastemperatur-pkw
bz.26.10.05,bz.26.10,3,Abgastemperatur – LKW,auspuff-und-anlage/abgastemperatur/abgastemperatur-lkw
bz.26.10.06,bz.26.10,3,Abgastemperatur – Motorrad,auspuff-und-anlage/abgastemperatur/abgastemperatur-motorrad
bz.26.10.07,bz.26.10,3,Abgastemperatur – Sport,auspuff-und-anlage/abgastemperatur/abgastemperatur-sport
bz.26.10.08,bz.26.10,3,Abgastemperatur – Industrie,auspuff-und-anlage/abgastemperatur/abgastemperatur-industrie
bz.26.10.09,bz.26.10,3,Abgastemperatur – Landwirtschaft,auspuff-und-anlage/abgastemperatur/abgastemperatur-landwirtschaft
bz.26.10.10,bz.26.10,3,Abgastemperatur – Zubehör,auspuff-und-anlage/abgastemperatur/abgastemperatur-zubehoer
bz.26.11,bz.26,2,Montagesätze,auspuff-und-anlage/montagesaetze
bz.26.11.01,bz.26.11,3,Montagesätze – Benzin,auspuff-und-anlage/montagesaetze/montagesaetze-benzin
bz.26.11.02,bz.26.11,3,Montagesätze – Diesel,auspuff-und-anlage/montagesaetze/montagesaetze-diesel
bz.26.11.03,bz.26.11,3,Montagesätze – Hybrid,auspuff-und-anlage/montagesaetze/montagesaetze-hybrid
bz.26.11.04,bz.26.11,3,Montagesätze – PKW,auspuff-und-anlage/montagesaetze/montagesaetze-pkw
bz.26.11.05,bz.26.11,3,Montagesätze – LKW,auspuff-und-anlage/montagesaetze/montagesaetze-lkw
bz.26.11.06,bz.26.11,3,Montagesätze – Motorrad,auspuff-und-anlage/montagesaetze/montagesaetze-motorrad
bz.26.11.07,bz.26.11,3,Montagesätze – Sport,auspuff-und-anlage/montagesaetze/montagesaetze-sport
bz.26.11.08,bz.26.11,3,Montagesätze – Industrie,auspuff-und-anlage/montagesaetze/montagesaetze-industrie
bz.26.11.09,bz.26.11,3,Montagesätze – Landwirtschaft,auspuff-und-anlage/montagesaetze/montagesaetze-landwirtschaft
bz.26.11.10,bz.26.11,3,Montagesätze – Zubehör,auspuff-und-anlage/montagesaetze/montagesaetze-zubehoer
bz.26.12,bz.26,2,Abgasreinigung,auspuff-und-anlage/abgasreinigung
bz.26.12.01,bz.26.12,3,Abgasreinigung – Benzin,auspuff-und-anlage/abgasreinigung/abgasreinigung-benzin
bz.26.12.02,bz.26.12,3,Abgasreinigung – Diesel,auspuff-und-anlage/abgasreinigung/abgasreinigung-diesel
bz.26.12.03,bz.26.12,3,Abgasreinigung – Hybrid,auspuff-und-anlage/abgasreinigung/abgasreinigung-hybrid
bz.26.12.04,bz.26.12,3,Abgasreinigung – PKW,auspuff-und-anlage/abgasreinigung/abgasreinigung-pkw
bz.26.12.05,bz.26.12,3,Abgasreinigung – LKW,auspuff-und-anlage/abgasreinigung/abgasreinigung-lkw
bz.26.12.06,bz.26.12,3,Abgasreinigung – Motorrad,auspuff-und-anlage/abgasreinigung/abgasreinigung-motorrad
bz.26.12.07,bz.26.12,3,Abgasreinigung – Sport,auspuff-und-anlage/abgasreinigung/abgasreinigung-sport
bz.26.12.08,bz.26.12,3,Abgasreinigung – Industrie,auspuff-und-anlage/abgasreinigung/abgasreinigung-industrie
bz.26.12.09,bz.26.12,3,Abgasreinigung – Landwirtschaft,auspuff-und-anlage/abgasreinigung/abgasreinigung-landwirtschaft
bz.26.12.10,bz.26.12,3,Abgasreinigung – Zubehör,auspuff-und-anlage/abgasreinigung/abgasreinigung-zubehoer
bz.27,,1,Motor & Kühlung,motor-und-kuehlung
bz.27.01,bz.27,2,Motorenteile,motor-und-kuehlung/motorenteile
bz.27.01.01,bz.27.01,3,Motorenteile – Benzin,motor-und-kuehlung/motorenteile/motorenteile-benzin
bz.27.01.02,bz.27.01,3,Motorenteile – Diesel,motor-und-kuehlung/motorenteile/motorenteile-diesel
bz.27.01.03,bz.27.01,3,Motorenteile – Hybrid,motor-und-kuehlung/motorenteile/motorenteile-hybrid
bz.27.01.04,bz.27.01,3,Motorenteile – PKW,motor-und-kuehlung/motorenteile/motorenteile-pkw
bz.27.01.05,bz.27.01,3,Motorenteile – LKW,motor-und-kuehlung/motorenteile/motorenteile-lkw
bz.27.01.06,bz.27.01,3,Motorenteile – Motorrad,motor-und-kuehlung/motorenteile/motorenteile-motorrad
bz.27.01.07,bz.27.01,3,Motorenteile – Landwirtschaft,motor-und-kuehlung/motorenteile/motorenteile-landwirtschaft
bz.27.01.08,bz.27.01,3,Motorenteile – Baumaschine,motor-und-kuehlung/motorenteile/motorenteile-baumaschine
bz.27.01.09,bz.27.01,3,Motorenteile – Industrie,motor-und-kuehlung/motorenteile/motorenteile-industrie
bz.27.01.10,bz.27.01,3,Motorenteile – Zubehör,motor-und-kuehlung/motorenteile/motorenteile-zubehoer
bz.27.02,bz.27,2,Zylinderkopf,motor-und-kuehlung/zylinderkopf
bz.27.02.01,bz.27.02,3,Zylinderkopf – Benzin,motor-und-kuehlung/zylinderkopf/zylinderkopf-benzin
bz.27.02.02,bz.27.02,3,Zylinderkopf – Diesel,motor-und-kuehlung/zylinderkopf/zylinderkopf-diesel
bz.27.02.03,bz.27.02,3,Zylinderkopf – Hybrid,motor-und-kuehlung/zylinderkopf/zylinderkopf-hybrid
bz.27.02.04,bz.27.02,3,Zylinderkopf – PKW,motor-und-kuehlung/zylinderkopf/zylinderkopf-pkw
bz.27.02.05,bz.27.02,3,Zylinderkopf – LKW,motor-und-kuehlung/zylinderkopf/zylinderkopf-lkw
bz.27.02.06,bz.27.02,3,Zylinderkopf – Motorrad,motor-und-kuehlung/zylinderkopf/zylinderkopf-motorrad
bz.27.02.07,bz.27.02,3,Zylinderkopf – Landwirtschaft,motor-und-kuehlung/zylinderkopf/zylinderkopf-landwirtschaft
bz.27.02.08,bz.27.02,3,Zylinderkopf – Baumaschine,motor-und-kuehlung/zylinderkopf/zylinderkopf-baumaschine
bz.27.02.09,bz.27.02,3,Zylinderkopf – Industrie,motor-und-kuehlung/zylinderkopf/zylinderkopf-industrie
bz.27.02.10,bz.27.02,3,Zylinderkopf – Zubehör,motor-und-kuehlung/zylinderkopf/zylinderkopf-zubehoer
bz.27.03,bz.27,2,Kolben & Pleuel,motor-und-kuehlung/kolben-und-pleuel
bz.27.03.01,bz.27.03,3,Kolben & Pleuel – Benzin,motor-und-kuehlung/kolben-und-pleuel/kolben-und-pleuel-benzin
bz.27.03.02,bz.27.03,3,Kolben & Pleuel – Diesel,motor-und-kuehlung/kolben-und-pleuel/kolben-und-pleuel-diesel
bz.27.03.03,bz.27.03,3,Kolben & Pleuel – Hybrid,motor-und-kuehlung/kolben-und-pleuel/kolben-und-pleuel-hybrid
bz.27.03.04,bz.27.03,3,Kolben & Pleuel – PKW,motor-und-kuehlung/kolben-und-pleuel/kolben-und-pleuel-pkw
bz.27.03.05,bz.27.03,3,Kolben & Pleuel – LKW,motor-und-kuehlung/kolben-und-pleuel/kolben-und-pleuel-lkw
bz.27.03.06,bz.27.03,3,Kolben & Pleuel – Motorrad,motor-und-kuehlung/kolben-und-pleuel/kolben-und-pleuel-motorrad
bz.27.03.07,bz.27.03,3,Kolben & Pleuel – Landwirtschaft,motor-und-kuehlung/kolben-und-pleuel/kolben-und-pleuel-landwirtschaft
bz.27.03.08,bz.27.03,3,Kolben & Pleuel – Baumaschine,motor-und-kuehlung/kolben-und-pleuel/kolben-und-pleuel-baumaschine
bz.27.03.09,bz.27.03,3,Kolben & Pleuel – Industrie,motor-und-kuehlung/kolben-und-pleuel/kolben-und-pleuel-industrie
bz.27.03.10,bz.27.03,3,Kolben & Pleuel – Zubehör,motor-und-kuehlung/kolben-und-pleuel/kolben-und-pleuel-zubehoer
bz.27.04,bz.27,2,Kurbeltrieb,motor-und-kuehlung/kurbeltrieb
bz.27.04.01,bz.27.04,3,Kurbeltrieb – Benzin,motor-und-kuehlung/kurbeltrieb/kurbeltrieb-benzin
bz.27.04.02,bz.27.04,3,Kurbeltrieb – Diesel,motor-und-kuehlung/kurbeltrieb/kurbeltrieb-diesel
bz.27.04.03,bz.27.04,3,Kurbeltrieb – Hybrid,motor-und-kuehlung/kurbeltrieb/kurbeltrieb-hybrid
bz.27.04.04,bz.27.04,3,Kurbeltrieb – PKW,motor-und-kuehlung/kurbeltrieb/kurbeltrieb-pkw
bz.27.04.05,bz.27.04,3,Kurbeltrieb – LKW,motor-und-kuehlung/kurbeltrieb/kurbeltrieb-lkw
bz.27.04.06,bz.27.04,3,Kurbeltrieb – Motorrad,motor-und-kuehlung/kurbeltrieb/kurbeltrieb-motorrad
bz.27.04.07,bz.27.04,3,Kurbeltrieb – Landwirtschaft,motor-und-kuehlung/kurbeltrieb/kurbeltrieb-landwirtschaft
bz.27.04.08,bz.27.04,3,Kurbeltrieb – Baumaschine,motor-und-kuehlung/kurbeltrieb/kurbeltrieb-baumaschine
bz.27.04.09,bz.27.04,3,Kurbeltrieb – Industrie,motor-und-kuehlung/kurbeltrieb/kurbeltrieb-industrie
bz.27.04.10,bz.27.04,3,Kurbeltrieb – Zubehör,motor-und-kuehlung/kurbeltrieb/kurbeltrieb-zubehoer
bz.27.05,bz.27,2,Ventiltrieb,motor-und-kuehlung/ventiltrieb
bz.27.05.01,bz.27.05,3,Ventiltrieb – Benzin,motor-und-kuehlung/ventiltrieb/ventiltrieb-benzin
bz.27.05.02,bz.27.05,3,Ventiltrieb – Diesel,motor-und-kuehlung/ventiltrieb/ventiltrieb-diesel
bz.27.05.03,bz.27.05,3,Ventiltrieb – Hybrid,motor-und-kuehlung/ventiltrieb/ventiltrieb-hybrid
bz.27.05.04,bz.27.05,3,Ventiltrieb – PKW,motor-und-kuehlung/ventiltrieb/ventiltrieb-pkw
bz.27.05.05,bz.27.05,3,Ventiltrieb – LKW,motor-und-kuehlung/ventiltrieb/ventiltrieb-lkw
bz.27.05.06,bz.27.05,3,Ventiltrieb – Motorrad,motor-und-kuehlung/ventiltrieb/ventiltrieb-motorrad
bz.27.05.07,bz.27.05,3,Ventiltrieb – Landwirtschaft,motor-und-kuehlung/ventiltrieb/ventiltrieb-landwirtschaft
bz.27.05.08,bz.27.05,3,Ventiltrieb – Baumaschine,motor-und-kuehlung/ventiltrieb/ventiltrieb-baumaschine
bz.27.05.09,bz.27.05,3,Ventiltrieb – Industrie,motor-und-kuehlung/ventiltrieb/ventiltrieb-industrie
bz.27.05.10,bz.27.05,3,Ventiltrieb – Zubehör,motor-und-kuehlung/ventiltrieb/ventiltrieb-zubehoer
bz.27.06,bz.27,2,Dichtungen,motor-und-kuehlung/dichtungen
bz.27.06.01,bz.27.06,3,Dichtungen – Benzin,motor-und-kuehlung/dichtungen/dichtungen-benzin
bz.27.06.02,bz.27.06,3,Dichtungen – Diesel,motor-und-kuehlung/dichtungen/dichtungen-diesel
bz.27.06.03,bz.27.06,3,Dichtungen – Hybrid,motor-und-kuehlung/dichtungen/dichtungen-hybrid
bz.27.06.04,bz.27.06,3,Dichtungen – PKW,motor-und-kuehlung/dichtungen/dichtungen-pkw
bz.27.06.05,bz.27.06,3,Dichtungen – LKW,motor-und-kuehlung/dichtungen/dichtungen-lkw
bz.27.06.06,bz.27.06,3,Dichtungen – Motorrad,motor-und-kuehlung/dichtungen/dichtungen-motorrad
bz.27.06.07,bz.27.06,3,Dichtungen – Landwirtschaft,motor-und-kuehlung/dichtungen/dichtungen-landwirtschaft
bz.27.06.08,bz.27.06,3,Dichtungen – Baumaschine,motor-und-kuehlung/dichtungen/dichtungen-baumaschine
bz.27.06.09,bz.27.06,3,Dichtungen – Industrie,motor-und-kuehlung/dichtungen/dichtungen-industrie
bz.27.06.10,bz.27.06,3,Dichtungen – Zubehör,motor-und-kuehlung/dichtungen/dichtungen-zubehoer
bz.27.07,bz.27,2,Kühlung,motor-und-kuehlung/kuehlung
bz.27.07.01,bz.27.07,3,Kühlung – Benzin,motor-und-kuehlung/kuehlung/kuehlung-benzin
bz.27.07.02,bz.27.07,3,Kühlung – Diesel,motor-und-kuehlung/kuehlung/kuehlung-diesel
bz.27.07.03,bz.27.07,3,Kühlung – Hybrid,motor-und-kuehlung/kuehlung/kuehlung-hybrid
bz.27.07.04,bz.27.07,3,Kühlung – PKW,motor-und-kuehlung/kuehlung/kuehlung-pkw
bz.27.07.05,bz.27.07,3,Kühlung – LKW,motor-und-kuehlung/kuehlung/kuehlung-lkw
bz.27.07.06,bz.27.07,3,Kühlung – Motorrad,motor-und-kuehlung/kuehlung/kuehlung-motorrad
bz.27.07.07,bz.27.07,3,Kühlung – Landwirtschaft,motor-und-kuehlung/kuehlung/kuehlung-landwirtschaft
bz.27.07.08,bz.27.07,3,Kühlung – Baumaschine,motor-und-kuehlung/kuehlung/kuehlung-baumaschine
bz.27.07.09,bz.27.07,3,Kühlung – Industrie,motor-und-kuehlung/kuehlung/kuehlung-industrie
bz.27.07.10,bz.27.07,3,Kühlung – Zubehör,motor-und-kuehlung/kuehlung/kuehlung-zubehoer
bz.27.08,bz.27,2,Thermostate,motor-und-kuehlung/thermostate
bz.27.08.01,bz.27.08,3,Thermostate – Benzin,motor-und-kuehlung/thermostate/thermostate-benzin
bz.27.08.02,bz.27.08,3,Thermostate – Diesel,motor-und-kuehlung/thermostate/thermostate-diesel
bz.27.08.03,bz.27.08,3,Thermostate – Hybrid,motor-und-kuehlung/thermostate/thermostate-hybrid
bz.27.08.04,bz.27.08,3,Thermostate – PKW,motor-und-kuehlung/thermostate/thermostate-pkw
bz.27.08.05,bz.27.08,3,Thermostate – LKW,motor-und-kuehlung/thermostate/thermostate-lkw
bz.27.08.06,bz.27.08,3,Thermostate – Motorrad,motor-und-kuehlung/thermostate/thermostate-motorrad
bz.27.08.07,bz.27.08,3,Thermostate – Landwirtschaft,motor-und-kuehlung/thermostate/thermostate-landwirtschaft
bz.27.08.08,bz.27.08,3,Thermostate – Baumaschine,motor-und-kuehlung/thermostate/thermostate-baumaschine
bz.27.08.09,bz.27.08,3,Thermostate – Industrie,motor-und-kuehlung/thermostate/thermostate-industrie
bz.27.08.10,bz.27.08,3,Thermostate – Zubehör,motor-und-kuehlung/thermostate/thermostate-zubehoer
bz.27.09,bz.27,2,Wasserpumpen,motor-und-kuehlung/wasserpumpen
bz.27.09.01,bz.27.09,3,Wasserpumpen – Benzin,motor-und-kuehlung/wasserpumpen/wasserpumpen-benzin
bz.27.09.02,bz.27.09,3,Wasserpumpen – Diesel,motor-und-kuehlung/wasserpumpen/wasserpumpen-diesel
bz.27.09.03,bz.27.09,3,Wasserpumpen – Hybrid,motor-und-kuehlung/wasserpumpen/wasserpumpen-hybrid
bz.27.09.04,bz.27.09,3,Wasserpumpen – PKW,motor-und-kuehlung/wasserpumpen/wasserpumpen-pkw
bz.27.09.05,bz.27.09,3,Wasserpumpen – LKW,motor-und-kuehlung/wasserpumpen/wasserpumpen-lkw
bz.27.09.06,bz.27.09,3,Wasserpumpen – Motorrad,motor-und-kuehlung/wasserpumpen/wasserpumpen-motorrad
bz.27.09.07,bz.27.09,3,Wasserpumpen – Landwirtschaft,motor-und-kuehlung/wasserpumpen/wasserpumpen-landwirtschaft
bz.27.09.08,bz.27.09,3,Wasserpumpen – Baumaschine,motor-und-kuehlung/wasserpumpen/wasserpumpen-baumaschine
bz.27.09.09,bz.27.09,3,Wasserpumpen – Industrie,motor-und-kuehlung/wasserpumpen/wasserpumpen-industrie
bz.27.09.10,bz.27.09,3,Wasserpumpen – Zubehör,motor-und-kuehlung/wasserpumpen/wasserpumpen-zubehoer
bz.27.10,bz.27,2,Turbolader,motor-und-kuehlung/turbolader
bz.27.10.01,bz.27.10,3,Turbolader – Benzin,motor-und-kuehlung/turbolader/turbolader-benzin
bz.27.10.02,bz.27.10,3,Turbolader – Diesel,motor-und-kuehlung/turbolader/turbolader-diesel
bz.27.10.03,bz.27.10,3,Turbolader – Hybrid,motor-und-kuehlung/turbolader/turbolader-hybrid
bz.27.10.04,bz.27.10,3,Turbolader – PKW,motor-und-kuehlung/turbolader/turbolader-pkw
bz.27.10.05,bz.27.10,3,Turbolader – LKW,motor-und-kuehlung/turbolader/turbolader-lkw
bz.27.10.06,bz.27.10,3,Turbolader – Motorrad,motor-und-kuehlung/turbolader/turbolader-motorrad
bz.27.10.07,bz.27.10,3,Turbolader – Landwirtschaft,motor-und-kuehlung/turbolader/turbolader-landwirtschaft
bz.27.10.08,bz.27.10,3,Turbolader – Baumaschine,motor-und-kuehlung/turbolader/turbolader-baumaschine
bz.27.10.09,bz.27.10,3,Turbolader – Industrie,motor-und-kuehlung/turbolader/turbolader-industrie
bz.27.10.10,bz.27.10,3,Turbolader – Zubehör,motor-und-kuehlung/turbolader/turbolader-zubehoer
bz.27.11,bz.27,2,Ladeluftsystem,motor-und-kuehlung/ladeluftsystem
bz.27.11.01,bz.27.11,3,Ladeluftsystem – Benzin,motor-und-kuehlung/ladeluftsystem/ladeluftsystem-benzin
bz.27.11.02,bz.27.11,3,Ladeluftsystem – Diesel,motor-und-kuehlung/ladeluftsystem/ladeluftsystem-diesel
bz.27.11.03,bz.27.11,3,Ladeluftsystem – Hybrid,motor-und-kuehlung/ladeluftsystem/ladeluftsystem-hybrid
bz.27.11.04,bz.27.11,3,Ladeluftsystem – PKW,motor-und-kuehlung/ladeluftsystem/ladeluftsystem-pkw
bz.27.11.05,bz.27.11,3,Ladeluftsystem – LKW,motor-und-kuehlung/ladeluftsystem/ladeluftsystem-lkw
bz.27.11.06,bz.27.11,3,Ladeluftsystem – Motorrad,motor-und-kuehlung/ladeluftsystem/ladeluftsystem-motorrad
bz.27.11.07,bz.27.11,3,Ladeluftsystem – Landwirtschaft,motor-und-kuehlung/ladeluftsystem/ladeluftsystem-landwirtschaft
bz.27.11.08,bz.27.11,3,Ladeluftsystem – Baumaschine,motor-und-kuehlung/ladeluftsystem/ladeluftsystem-baumaschine
bz.27.11.09,bz.27.11,3,Ladeluftsystem – Industrie,motor-und-kuehlung/ladeluftsystem/ladeluftsystem-industrie
bz.27.11.10,bz.27.11,3,Ladeluftsystem – Zubehör,motor-und-kuehlung/ladeluftsystem/ladeluftsystem-zubehoer
bz.27.12,bz.27,2,Motorsteuerung,motor-und-kuehlung/motorsteuerung
bz.27.12.01,bz.27.12,3,Motorsteuerung – Benzin,motor-und-kuehlung/motorsteuerung/motorsteuerung-benzin
bz.27.12.02,bz.27.12,3,Motorsteuerung – Diesel,motor-und-kuehlung/motorsteuerung/motorsteuerung-diesel
bz.27.12.03,bz.27.12,3,Motorsteuerung – Hybrid,motor-und-kuehlung/motorsteuerung/motorsteuerung-hybrid
bz.27.12.04,bz.27.12,3,Motorsteuerung – PKW,motor-und-kuehlung/motorsteuerung/motorsteuerung-pkw
bz.27.12.05,bz.27.12,3,Motorsteuerung – LKW,motor-und-kuehlung/motorsteuerung/motorsteuerung-lkw
bz.27.12.06,bz.27.12,3,Motorsteuerung – Motorrad,motor-und-kuehlung/motorsteuerung/motorsteuerung-motorrad
bz.27.12.07,bz.27.12,3,Motorsteuerung – Landwirtschaft,motor-und-kuehlung/motorsteuerung/motorsteuerung-landwirtschaft
bz.27.12.08,bz.27.12,3,Motorsteuerung – Baumaschine,motor-und-kuehlung/motorsteuerung/motorsteuerung-baumaschine
bz.27.12.09,bz.27.12,3,Motorsteuerung – Industrie,motor-und-kuehlung/motorsteuerung/motorsteuerung-industrie
bz.27.12.10,bz.27.12,3,Motorsteuerung – Zubehör,motor-und-kuehlung/motorsteuerung/motorsteuerung-zubehoer
bz.28,,1,Licht & Elektrik,licht-und-elektrik
bz.28.01,bz.28,2,Scheinwerfer,licht-und-elektrik/scheinwerfer
bz.28.01.01,bz.28.01,3,Scheinwerfer – PKW,licht-und-elektrik/scheinwerfer/scheinwerfer-pkw
bz.28.01.02,bz.28.01,3,Scheinwerfer – LKW,licht-und-elektrik/scheinwerfer/scheinwerfer-lkw
bz.28.01.03,bz.28.01,3,Scheinwerfer – Motorrad,licht-und-elektrik/scheinwerfer/scheinwerfer-motorrad
bz.28.01.04,bz.28.01,3,Scheinwerfer – Landwirtschaft,licht-und-elektrik/scheinwerfer/scheinwerfer-landwirtschaft
bz.28.01.05,bz.28.01,3,Scheinwerfer – Baumaschine,licht-und-elektrik/scheinwerfer/scheinwerfer-baumaschine
bz.28.01.06,bz.28.01,3,Scheinwerfer – Industrie,licht-und-elektrik/scheinwerfer/scheinwerfer-industrie
bz.28.01.07,bz.28.01,3,Scheinwerfer – LED,licht-und-elektrik/scheinwerfer/scheinwerfer-led
bz.28.01.08,bz.28.01,3,Scheinwerfer – Xenon,licht-und-elektrik/scheinwerfer/scheinwerfer-xenon
bz.28.01.09,bz.28.01,3,Scheinwerfer – Smart,licht-und-elektrik/scheinwerfer/scheinwerfer-smart
bz.28.01.10,bz.28.01,3,Scheinwerfer – Zubehör,licht-und-elektrik/scheinwerfer/scheinwerfer-zubehoer
bz.28.02,bz.28,2,Rückleuchten,licht-und-elektrik/rueckleuchten
bz.28.02.01,bz.28.02,3,Rückleuchten – PKW,licht-und-elektrik/rueckleuchten/rueckleuchten-pkw
bz.28.02.02,bz.28.02,3,Rückleuchten – LKW,licht-und-elektrik/rueckleuchten/rueckleuchten-lkw
bz.28.02.03,bz.28.02,3,Rückleuchten – Motorrad,licht-und-elektrik/rueckleuchten/rueckleuchten-motorrad
bz.28.02.04,bz.28.02,3,Rückleuchten – Landwirtschaft,licht-und-elektrik/rueckleuchten/rueckleuchten-landwirtschaft
bz.28.02.05,bz.28.02,3,Rückleuchten – Baumaschine,licht-und-elektrik/rueckleuchten/rueckleuchten-baumaschine
bz.28.02.06,bz.28.02,3,Rückleuchten – Industrie,licht-und-elektrik/rueckleuchten/rueckleuchten-industrie
bz.28.02.07,bz.28.02,3,Rückleuchten – LED,licht-und-elektrik/rueckleuchten/rueckleuchten-led
bz.28.02.08,bz.28.02,3,Rückleuchten – Xenon,licht-und-elektrik/rueckleuchten/rueckleuchten-xenon
bz.28.02.09,bz.28.02,3,Rückleuchten – Smart,licht-und-elektrik/rueckleuchten/rueckleuchten-smart
bz.28.02.10,bz.28.02,3,Rückleuchten – Zubehör,licht-und-elektrik/rueckleuchten/rueckleuchten-zubehoer
bz.28.03,bz.28,2,Blinker,licht-und-elektrik/blinker
bz.28.03.01,bz.28.03,3,Blinker – PKW,licht-und-elektrik/blinker/blinker-pkw
bz.28.03.02,bz.28.03,3,Blinker – LKW,licht-und-elektrik/blinker/blinker-lkw
bz.28.03.03,bz.28.03,3,Blinker – Motorrad,licht-und-elektrik/blinker/blinker-motorrad
bz.28.03.04,bz.28.03,3,Blinker – Landwirtschaft,licht-und-elektrik/blinker/blinker-landwirtschaft
bz.28.03.05,bz.28.03,3,Blinker – Baumaschine,licht-und-elektrik/blinker/blinker-baumaschine
bz.28.03.06,bz.28.03,3,Blinker – Industrie,licht-und-elektrik/blinker/blinker-industrie
bz.28.03.07,bz.28.03,3,Blinker – LED,licht-und-elektrik/blinker/blinker-led
bz.28.03.08,bz.28.03,3,Blinker – Xenon,licht-und-elektrik/blinker/blinker-xenon
bz.28.03.09,bz.28.03,3,Blinker – Smart,licht-und-elektrik/blinker/blinker-smart
bz.28.03.10,bz.28.03,3,Blinker – Zubehör,licht-und-elektrik/blinker/blinker-zubehoer
bz.28.04,bz.28,2,Nebelleuchten,licht-und-elektrik/nebelleuchten
bz.28.04.01,bz.28.04,3,Nebelleuchten – PKW,licht-und-elektrik/nebelleuchten/nebelleuchten-pkw
bz.28.04.02,bz.28.04,3,Nebelleuchten – LKW,licht-und-elektrik/nebelleuchten/nebelleuchten-lkw
bz.28.04.03,bz.28.04,3,Nebelleuchten – Motorrad,licht-und-elektrik/nebelleuchten/nebelleuchten-motorrad
bz.28.04.04,bz.28.04,3,Nebelleuchten – Landwirtschaft,licht-und-elektrik/nebelleuchten/nebelleuchten-landwirtschaft
bz.28.04.05,bz.28.04,3,Nebelleuchten – Baumaschine,licht-und-elektrik/nebelleuchten/nebelleuchten-baumaschine
bz.28.04.06,bz.28.04,3,Nebelleuchten – Industrie,licht-und-elektrik/nebelleuchten/nebelleuchten-industrie
bz.28.04.07,bz.28.04,3,Nebelleuchten – LED,licht-und-elektrik/nebelleuchten/nebelleuchten-led
bz.28.04.08,bz.28.04,3,Nebelleuchten – Xenon,licht-und-elektrik/nebelleuchten/nebelleuchten-xenon
bz.28.04.09,bz.28.04,3,Nebelleuchten – Smart,licht-und-elektrik/nebelleuchten/nebelleuchten-smart
bz.28.04.10,bz.28.04,3,Nebelleuchten – Zubehör,licht-und-elektrik/nebelleuchten/nebelleuchten-zubehoer
bz.28.05,bz.28,2,LED,licht-und-elektrik/led
bz.28.05.01,bz.28.05,3,LED – PKW,licht-und-elektrik/led/led-pkw
bz.28.05.02,bz.28.05,3,LED – LKW,licht-und-elektrik/led/led-lkw
bz.28.05.03,bz.28.05,3,LED – Motorrad,licht-und-elektrik/led/led-motorrad
bz.28.05.04,bz.28.05,3,LED – Landwirtschaft,licht-und-elektrik/led/led-landwirtschaft
bz.28.05.05,bz.28.05,3,LED – Baumaschine,licht-und-elektrik/led/led-baumaschine
bz.28.05.06,bz.28.05,3,LED – Industrie,licht-und-elektrik/led/led-industrie
bz.28.05.07,bz.28.05,3,LED – LED,licht-und-elektrik/led/led-led
bz.28.05.08,bz.28.05,3,LED – Xenon,licht-und-elektrik/led/led-xenon
bz.28.05.09,bz.28.05,3,LED – Smart,licht-und-elektrik/led/led-smart
bz.28.05.10,bz.28.05,3,LED – Zubehör,licht-und-elektrik/led/led-zubehoer
bz.28.06,bz.28,2,Xenon,licht-und-elektrik/xenon
bz.28.06.01,bz.28.06,3,Xenon – PKW,licht-und-elektrik/xenon/xenon-pkw
bz.28.06.02,bz.28.06,3,Xenon – LKW,licht-und-elektrik/xenon/xenon-lkw
bz.28.06.03,bz.28.06,3,Xenon – Motorrad,licht-und-elektrik/xenon/xenon-motorrad
bz.28.06.04,bz.28.06,3,Xenon – Landwirtschaft,licht-und-elektrik/xenon/xenon-landwirtschaft
bz.28.06.05,bz.28.06,3,Xenon – Baumaschine,licht-und-elektrik/xenon/xenon-baumaschine
bz.28.06.06,bz.28.06,3,Xenon – Industrie,licht-und-elektrik/xenon/xenon-industrie
bz.28.06.07,bz.28.06,3,Xenon – LED,licht-und-elektrik/xenon/xenon-led
bz.28.06.08,bz.28.06,3,Xenon – Xenon,licht-und-elektrik/xenon/xenon-xenon
bz.28.06.09,bz.28.06,3,Xenon – Smart,licht-und-elektrik/xenon/xenon-smart
bz.28.06.10,bz.28.06,3,Xenon – Zubehör,licht-und-elektrik/xenon/xenon-zubehoer
bz.28.07,bz.28,2,Leuchtmittel,licht-und-elektrik/leuchtmittel
bz.28.07.01,bz.28.07,3,Leuchtmittel – PKW,licht-und-elektrik/leuchtmittel/leuchtmittel-pkw
bz.28.07.02,bz.28.07,3,Leuchtmittel – LKW,licht-und-elektrik/leuchtmittel/leuchtmittel-lkw
bz.28.07.03,bz.28.07,3,Leuchtmittel – Motorrad,licht-und-elektrik/leuchtmittel/leuchtmittel-motorrad
bz.28.07.04,bz.28.07,3,Leuchtmittel – Landwirtschaft,licht-und-elektrik/leuchtmittel/leuchtmittel-landwirtschaft
bz.28.07.05,bz.28.07,3,Leuchtmittel – Baumaschine,licht-und-elektrik/leuchtmittel/leuchtmittel-baumaschine
bz.28.07.06,bz.28.07,3,Leuchtmittel – Industrie,licht-und-elektrik/leuchtmittel/leuchtmittel-industrie
bz.28.07.07,bz.28.07,3,Leuchtmittel – LED,licht-und-elektrik/leuchtmittel/leuchtmittel-led
bz.28.07.08,bz.28.07,3,Leuchtmittel – Xenon,licht-und-elektrik/leuchtmittel/leuchtmittel-xenon
bz.28.07.09,bz.28.07,3,Leuchtmittel – Smart,licht-und-elektrik/leuchtmittel/leuchtmittel-smart
bz.28.07.10,bz.28.07,3,Leuchtmittel – Zubehör,licht-und-elektrik/leuchtmittel/leuchtmittel-zubehoer
bz.28.08,bz.28,2,Kabel & Steckverbinder,licht-und-elektrik/kabel-und-steckverbinder
bz.28.08.01,bz.28.08,3,Kabel & Steckverbinder – PKW,licht-und-elektrik/kabel-und-steckverbinder/kabel-und-steckverbinder-pkw
bz.28.08.02,bz.28.08,3,Kabel & Steckverbinder – LKW,licht-und-elektrik/kabel-und-steckverbinder/kabel-und-steckverbinder-lkw
bz.28.08.03,bz.28.08,3,Kabel & Steckverbinder – Motorrad,licht-und-elektrik/kabel-und-steckverbinder/kabel-und-steckverbinder-motorrad
bz.28.08.04,bz.28.08,3,Kabel & Steckverbinder – Landwirtschaft,licht-und-elektrik/kabel-und-steckverbinder/kabel-und-steckverbinder-landwirtschaft
bz.28.08.05,bz.28.08,3,Kabel & Steckverbinder – Baumaschine,licht-und-elektrik/kabel-und-steckverbinder/kabel-und-steckverbinder-baumaschine
bz.28.08.06,bz.28.08,3,Kabel & Steckverbinder – Industrie,licht-und-elektrik/kabel-und-steckverbinder/kabel-und-steckverbinder-industrie
bz.28.08.07,bz.28.08,3,Kabel & Steckverbinder – LED,licht-und-elektrik/kabel-und-steckverbinder/kabel-und-steckverbinder-led
bz.28.08.08,bz.28.08,3,Kabel & Steckverbinder – Xenon,licht-und-elektrik/kabel-und-steckverbinder/kabel-und-steckverbinder-xenon
bz.28.08.09,bz.28.08,3,Kabel & Steckverbinder – Smart,licht-und-elektrik/kabel-und-steckverbinder/kabel-und-steckverbinder-smart
bz.28.08.10,bz.28.08,3,Kabel & Steckverbinder – Zubehör,licht-und-elektrik/kabel-und-steckverbinder/kabel-und-steckverbinder-zubehoer
bz.28.09,bz.28,2,Relais & Sicherungen,licht-und-elektrik/relais-und-sicherungen
bz.28.09.01,bz.28.09,3,Relais & Sicherungen – PKW,licht-und-elektrik/relais-und-sicherungen/relais-und-sicherungen-pkw
bz.28.09.02,bz.28.09,3,Relais & Sicherungen – LKW,licht-und-elektrik/relais-und-sicherungen/relais-und-sicherungen-lkw
bz.28.09.03,bz.28.09,3,Relais & Sicherungen – Motorrad,licht-und-elektrik/relais-und-sicherungen/relais-und-sicherungen-motorrad
bz.28.09.04,bz.28.09,3,Relais & Sicherungen – Landwirtschaft,licht-und-elektrik/relais-und-sicherungen/relais-und-sicherungen-landwirtschaft
bz.28.09.05,bz.28.09,3,Relais & Sicherungen – Baumaschine,licht-und-elektrik/relais-und-sicherungen/relais-und-sicherungen-baumaschine
bz.28.09.06,bz.28.09,3,Relais & Sicherungen – Industrie,licht-und-elektrik/relais-und-sicherungen/relais-und-sicherungen-industrie
bz.28.09.07,bz.28.09,3,Relais & Sicherungen – LED,licht-und-elektrik/relais-und-sicherungen/relais-und-sicherungen-led
bz.28.09.08,bz.28.09,3,Relais & Sicherungen – Xenon,licht-und-elektrik/relais-und-sicherungen/relais-und-sicherungen-xenon
bz.28.09.09,bz.28.09,3,Relais & Sicherungen – Smart,licht-und-elektrik/relais-und-sicherungen/relais-und-sicherungen-smart
bz.28.09.10,bz.28.09,3,Relais & Sicherungen – Zubehör,licht-und-elektrik/relais-und-sicherungen/relais-und-sicherungen-zubehoer
bz.28.10,bz.28,2,Sensoren,licht-und-elektrik/sensoren
bz.28.10.01,bz.28.10,3,Sensoren – PKW,licht-und-elektrik/sensoren/sensoren-pkw
bz.28.10.02,bz.28.10,3,Sensoren – LKW,licht-und-elektrik/sensoren/sensoren-lkw
bz.28.10.03,bz.28.10,3,Sensoren – Motorrad,licht-und-elektrik/sensoren/sensoren-motorrad
bz.28.10.04,bz.28.10,3,Sensoren – Landwirtschaft,licht-und-elektrik/sensoren/sensoren-landwirtschaft
bz.28.10.05,bz.28.10,3,Sensoren – Baumaschine,licht-und-elektrik/sensoren/sensoren-baumaschine
bz.28.10.06,bz.28.10,3,Sensoren – Industrie,licht-und-elektrik/sensoren/sensoren-industrie
bz.28.10.07,bz.28.10,3,Sensoren – LED,licht-und-elektrik/sensoren/sensoren-led
bz.28.10.08,bz.28.10,3,Sensoren – Xenon,licht-und-elektrik/sensoren/sensoren-xenon
bz.28.10.09,bz.28.10,3,Sensoren – Smart,licht-und-elektrik/sensoren/sensoren-smart
bz.28.10.10,bz.28.10,3,Sensoren – Zubehör,licht-und-elektrik/sensoren/sensoren-zubehoer
bz.28.11,bz.28,2,Steuergeräte,licht-und-elektrik/steuergeraete
bz.28.11.01,bz.28.11,3,Steuergeräte – PKW,licht-und-elektrik/steuergeraete/steuergeraete-pkw
bz.28.11.02,bz.28.11,3,Steuergeräte – LKW,licht-und-elektrik/steuergeraete/steuergeraete-lkw
bz.28.11.03,bz.28.11,3,Steuergeräte – Motorrad,licht-und-elektrik/steuergeraete/steuergeraete-motorrad
bz.28.11.04,bz.28.11,3,Steuergeräte – Landwirtschaft,licht-und-elektrik/steuergeraete/steuergeraete-landwirtschaft
bz.28.11.05,bz.28.11,3,Steuergeräte – Baumaschine,licht-und-elektrik/steuergeraete/steuergeraete-baumaschine
bz.28.11.06,bz.28.11,3,Steuergeräte – Industrie,licht-und-elektrik/steuergeraete/steuergeraete-industrie
bz.28.11.07,bz.28.11,3,Steuergeräte – LED,licht-und-elektrik/steuergeraete/steuergeraete-led
bz.28.11.08,bz.28.11,3,Steuergeräte – Xenon,licht-und-elektrik/steuergeraete/steuergeraete-xenon
bz.28.11.09,bz.28.11,3,Steuergeräte – Smart,licht-und-elektrik/steuergeraete/steuergeraete-smart
bz.28.11.10,bz.28.11,3,Steuergeräte – Zubehör,licht-und-elektrik/steuergeraete/steuergeraete-zubehoer
bz.28.12,bz.28,2,Innenbeleuchtung,licht-und-elektrik/innenbeleuchtung
bz.28.12.01,bz.28.12,3,Innenbeleuchtung – PKW,licht-und-elektrik/innenbeleuchtung/innenbeleuchtung-pkw
bz.28.12.02,bz.28.12,3,Innenbeleuchtung – LKW,licht-und-elektrik/innenbeleuchtung/innenbeleuchtung-lkw
bz.28.12.03,bz.28.12,3,Innenbeleuchtung – Motorrad,licht-und-elektrik/innenbeleuchtung/innenbeleuchtung-motorrad
bz.28.12.04,bz.28.12,3,Innenbeleuchtung – Landwirtschaft,licht-und-elektrik/innenbeleuchtung/innenbeleuchtung-landwirtschaft
bz.28.12.05,bz.28.12,3,Innenbeleuchtung – Baumaschine,licht-und-elektrik/innenbeleuchtung/innenbeleuchtung-baumaschine
bz.28.12.06,bz.28.12,3,Innenbeleuchtung – Industrie,licht-und-elektrik/innenbeleuchtung/innenbeleuchtung-industrie
bz.28.12.07,bz.28.12,3,Innenbeleuchtung – LED,licht-und-elektrik/innenbeleuchtung/innenbeleuchtung-led
bz.28.12.08,bz.28.12,3,Innenbeleuchtung – Xenon,licht-und-elektrik/innenbeleuchtung/innenbeleuchtung-xenon
bz.28.12.09,bz.28.12,3,Innenbeleuchtung – Smart,licht-und-elektrik/innenbeleuchtung/innenbeleuchtung-smart
bz.28.12.10,bz.28.12,3,Innenbeleuchtung – Zubehör,licht-und-elektrik/innenbeleuchtung/innenbeleuchtung-zubehoer
bz.29,,1,Autopflege,autopflege
bz.29.01,bz.29,2,Außenwäsche,autopflege/aussenwaesche
bz.29.01.01,bz.29.01,3,Außenwäsche – PKW,autopflege/aussenwaesche/aussenwaesche-pkw
bz.29.01.02,bz.29.01,3,Außenwäsche – SUV,autopflege/aussenwaesche/aussenwaesche-suv
bz.29.01.03,bz.29.01,3,Außenwäsche – Transporter,autopflege/aussenwaesche/aussenwaesche-transporter
bz.29.01.04,bz.29.01,3,Außenwäsche – LKW,autopflege/aussenwaesche/aussenwaesche-lkw
bz.29.01.05,bz.29.01,3,Außenwäsche – Profi,autopflege/aussenwaesche/aussenwaesche-profi
bz.29.01.06,bz.29.01,3,Außenwäsche – Gewerbe,autopflege/aussenwaesche/aussenwaesche-gewerbe
bz.29.01.07,bz.29.01,3,Außenwäsche – Detailing,autopflege/aussenwaesche/aussenwaesche-detailing
bz.29.01.08,bz.29.01,3,Außenwäsche – Winter,autopflege/aussenwaesche/aussenwaesche-winter
bz.29.01.09,bz.29.01,3,Außenwäsche – Sommer,autopflege/aussenwaesche/aussenwaesche-sommer
bz.29.01.10,bz.29.01,3,Außenwäsche – Zubehör,autopflege/aussenwaesche/aussenwaesche-zubehoer
bz.29.02,bz.29,2,Innenraumreinigung,autopflege/innenraumreinigung
bz.29.02.01,bz.29.02,3,Innenraumreinigung – PKW,autopflege/innenraumreinigung/innenraumreinigung-pkw
bz.29.02.02,bz.29.02,3,Innenraumreinigung – SUV,autopflege/innenraumreinigung/innenraumreinigung-suv
bz.29.02.03,bz.29.02,3,Innenraumreinigung – Transporter,autopflege/innenraumreinigung/innenraumreinigung-transporter
bz.29.02.04,bz.29.02,3,Innenraumreinigung – LKW,autopflege/innenraumreinigung/innenraumreinigung-lkw
bz.29.02.05,bz.29.02,3,Innenraumreinigung – Profi,autopflege/innenraumreinigung/innenraumreinigung-profi
bz.29.02.06,bz.29.02,3,Innenraumreinigung – Gewerbe,autopflege/innenraumreinigung/innenraumreinigung-gewerbe
bz.29.02.07,bz.29.02,3,Innenraumreinigung – Detailing,autopflege/innenraumreinigung/innenraumreinigung-detailing
bz.29.02.08,bz.29.02,3,Innenraumreinigung – Winter,autopflege/innenraumreinigung/innenraumreinigung-winter
bz.29.02.09,bz.29.02,3,Innenraumreinigung – Sommer,autopflege/innenraumreinigung/innenraumreinigung-sommer
bz.29.02.10,bz.29.02,3,Innenraumreinigung – Zubehör,autopflege/innenraumreinigung/innenraumreinigung-zubehoer
bz.29.03,bz.29,2,Glas,autopflege/glas
bz.29.03.01,bz.29.03,3,Glas – PKW,autopflege/glas/glas-pkw
bz.29.03.02,bz.29.03,3,Glas – SUV,autopflege/glas/glas-suv
bz.29.03.03,bz.29.03,3,Glas – Transporter,autopflege/glas/glas-transporter
bz.29.03.04,bz.29.03,3,Glas – LKW,autopflege/glas/glas-lkw
bz.29.03.05,bz.29.03,3,Glas – Profi,autopflege/glas/glas-profi
bz.29.03.06,bz.29.03,3,Glas – Gewerbe,autopflege/glas/glas-gewerbe
bz.29.03.07,bz.29.03,3,Glas – Detailing,autopflege/glas/glas-detailing
bz.29.03.08,bz.29.03,3,Glas – Winter,autopflege/glas/glas-winter
bz.29.03.09,bz.29.03,3,Glas – Sommer,autopflege/glas/glas-sommer
bz.29.03.10,bz.29.03,3,Glas – Zubehör,autopflege/glas/glas-zubehoer
bz.29.04,bz.29,2,Felgen & Reifen,autopflege/felgen-und-reifen
bz.29.04.01,bz.29.04,3,Felgen & Reifen – PKW,autopflege/felgen-und-reifen/felgen-und-reifen-pkw
bz.29.04.02,bz.29.04,3,Felgen & Reifen – SUV,autopflege/felgen-und-reifen/felgen-und-reifen-suv
bz.29.04.03,bz.29.04,3,Felgen & Reifen – Transporter,autopflege/felgen-und-reifen/felgen-und-reifen-transporter
bz.29.04.04,bz.29.04,3,Felgen & Reifen – LKW,autopflege/felgen-und-reifen/felgen-und-reifen-lkw
bz.29.04.05,bz.29.04,3,Felgen & Reifen – Profi,autopflege/felgen-und-reifen/felgen-und-reifen-profi
bz.29.04.06,bz.29.04,3,Felgen & Reifen – Gewerbe,autopflege/felgen-und-reifen/felgen-und-reifen-gewerbe
bz.29.04.07,bz.29.04,3,Felgen & Reifen – Detailing,autopflege/felgen-und-reifen/felgen-und-reifen-detailing
bz.29.04.08,bz.29.04,3,Felgen & Reifen – Winter,autopflege/felgen-und-reifen/felgen-und-reifen-winter
bz.29.04.09,bz.29.04,3,Felgen & Reifen – Sommer,autopflege/felgen-und-reifen/felgen-und-reifen-sommer
bz.29.04.10,bz.29.04,3,Felgen & Reifen – Zubehör,autopflege/felgen-und-reifen/felgen-und-reifen-zubehoer
bz.29.05,bz.29,2,Politur,autopflege/politur
bz.29.05.01,bz.29.05,3,Politur – PKW,autopflege/politur/politur-pkw
bz.29.05.02,bz.29.05,3,Politur – SUV,autopflege/politur/politur-suv
bz.29.05.03,bz.29.05,3,Politur – Transporter,autopflege/politur/politur-transporter
bz.29.05.04,bz.29.05,3,Politur – LKW,autopflege/politur/politur-lkw
bz.29.05.05,bz.29.05,3,Politur – Profi,autopflege/politur/politur-profi
bz.29.05.06,bz.29.05,3,Politur – Gewerbe,autopflege/politur/politur-gewerbe
bz.29.05.07,bz.29.05,3,Politur – Detailing,autopflege/politur/politur-detailing
bz.29.05.08,bz.29.05,3,Politur – Winter,autopflege/politur/politur-winter
bz.29.05.09,bz.29.05,3,Politur – Sommer,autopflege/politur/politur-sommer
bz.29.05.10,bz.29.05,3,Politur – Zubehör,autopflege/politur/politur-zubehoer
bz.29.06,bz.29,2,Lackversiegelung,autopflege/lackversiegelung
bz.29.06.01,bz.29.06,3,Lackversiegelung – PKW,autopflege/lackversiegelung/lackversiegelung-pkw
bz.29.06.02,bz.29.06,3,Lackversiegelung – SUV,autopflege/lackversiegelung/lackversiegelung-suv
bz.29.06.03,bz.29.06,3,Lackversiegelung – Transporter,autopflege/lackversiegelung/lackversiegelung-transporter
bz.29.06.04,bz.29.06,3,Lackversiegelung – LKW,autopflege/lackversiegelung/lackversiegelung-lkw
bz.29.06.05,bz.29.06,3,Lackversiegelung – Profi,autopflege/lackversiegelung/lackversiegelung-profi
bz.29.06.06,bz.29.06,3,Lackversiegelung – Gewerbe,autopflege/lackversiegelung/lackversiegelung-gewerbe
bz.29.06.07,bz.29.06,3,Lackversiegelung – Detailing,autopflege/lackversiegelung/lackversiegelung-detailing
bz.29.06.08,bz.29.06,3,Lackversiegelung – Winter,autopflege/lackversiegelung/lackversiegelung-winter
bz.29.06.09,bz.29.06,3,Lackversiegelung – Sommer,autopflege/lackversiegelung/lackversiegelung-sommer
bz.29.06.10,bz.29.06,3,Lackversiegelung – Zubehör,autopflege/lackversiegelung/lackversiegelung-zubehoer
bz.29.07,bz.29,2,Wachs,autopflege/wachs
bz.29.07.01,bz.29.07,3,Wachs – PKW,autopflege/wachs/wachs-pkw
bz.29.07.02,bz.29.07,3,Wachs – SUV,autopflege/wachs/wachs-suv
bz.29.07.03,bz.29.07,3,Wachs – Transporter,autopflege/wachs/wachs-transporter
bz.29.07.04,bz.29.07,3,Wachs – LKW,autopflege/wachs/wachs-lkw
bz.29.07.05,bz.29.07,3,Wachs – Profi,autopflege/wachs/wachs-profi
bz.29.07.06,bz.29.07,3,Wachs – Gewerbe,autopflege/wachs/wachs-gewerbe
bz.29.07.07,bz.29.07,3,Wachs – Detailing,autopflege/wachs/wachs-detailing
bz.29.07.08,bz.29.07,3,Wachs – Winter,autopflege/wachs/wachs-winter
bz.29.07.09,bz.29.07,3,Wachs – Sommer,autopflege/wachs/wachs-sommer
bz.29.07.10,bz.29.07,3,Wachs – Zubehör,autopflege/wachs/wachs-zubehoer
bz.29.08,bz.29,2,Keramik,autopflege/keramik
bz.29.08.01,bz.29.08,3,Keramik – PKW,autopflege/keramik/keramik-pkw
bz.29.08.02,bz.29.08,3,Keramik – SUV,autopflege/keramik/keramik-suv
bz.29.08.03,bz.29.08,3,Keramik – Transporter,autopflege/keramik/keramik-transporter
bz.29.08.04,bz.29.08,3,Keramik – LKW,autopflege/keramik/keramik-lkw
bz.29.08.05,bz.29.08,3,Keramik – Profi,autopflege/keramik/keramik-profi
bz.29.08.06,bz.29.08,3,Keramik – Gewerbe,autopflege/keramik/keramik-gewerbe
bz.29.08.07,bz.29.08,3,Keramik – Detailing,autopflege/keramik/keramik-detailing
bz.29.08.08,bz.29.08,3,Keramik – Winter,autopflege/keramik/keramik-winter
bz.29.08.09,bz.29.08,3,Keramik – Sommer,autopflege/keramik/keramik-sommer
bz.29.08.10,bz.29.08,3,Keramik – Zubehör,autopflege/keramik/keramik-zubehoer
bz.29.09,bz.29,2,Lederpflege,autopflege/lederpflege
bz.29.09.01,bz.29.09,3,Lederpflege – PKW,autopflege/lederpflege/lederpflege-pkw
bz.29.09.02,bz.29.09,3,Lederpflege – SUV,autopflege/lederpflege/lederpflege-suv
bz.29.09.03,bz.29.09,3,Lederpflege – Transporter,autopflege/lederpflege/lederpflege-transporter
bz.29.09.04,bz.29.09,3,Lederpflege – LKW,autopflege/lederpflege/lederpflege-lkw
bz.29.09.05,bz.29.09,3,Lederpflege – Profi,autopflege/lederpflege/lederpflege-profi
bz.29.09.06,bz.29.09,3,Lederpflege – Gewerbe,autopflege/lederpflege/lederpflege-gewerbe
bz.29.09.07,bz.29.09,3,Lederpflege – Detailing,autopflege/lederpflege/lederpflege-detailing
bz.29.09.08,bz.29.09,3,Lederpflege – Winter,autopflege/lederpflege/lederpflege-winter
bz.29.09.09,bz.29.09,3,Lederpflege – Sommer,autopflege/lederpflege/lederpflege-sommer
bz.29.09.10,bz.29.09,3,Lederpflege – Zubehör,autopflege/lederpflege/lederpflege-zubehoer
bz.29.10,bz.29,2,Kunststoffpflege,autopflege/kunststoffpflege
bz.29.10.01,bz.29.10,3,Kunststoffpflege – PKW,autopflege/kunststoffpflege/kunststoffpflege-pkw
bz.29.10.02,bz.29.10,3,Kunststoffpflege – SUV,autopflege/kunststoffpflege/kunststoffpflege-suv
bz.29.10.03,bz.29.10,3,Kunststoffpflege – Transporter,autopflege/kunststoffpflege/kunststoffpflege-transporter
bz.29.10.04,bz.29.10,3,Kunststoffpflege – LKW,autopflege/kunststoffpflege/kunststoffpflege-lkw
bz.29.10.05,bz.29.10,3,Kunststoffpflege – Profi,autopflege/kunststoffpflege/kunststoffpflege-profi
bz.29.10.06,bz.29.10,3,Kunststoffpflege – Gewerbe,autopflege/kunststoffpflege/kunststoffpflege-gewerbe
bz.29.10.07,bz.29.10,3,Kunststoffpflege – Detailing,autopflege/kunststoffpflege/kunststoffpflege-detailing
bz.29.10.08,bz.29.10,3,Kunststoffpflege – Winter,autopflege/kunststoffpflege/kunststoffpflege-winter
bz.29.10.09,bz.29.10,3,Kunststoffpflege – Sommer,autopflege/kunststoffpflege/kunststoffpflege-sommer
bz.29.10.10,bz.29.10,3,Kunststoffpflege – Zubehör,autopflege/kunststoffpflege/kunststoffpflege-zubehoer
bz.29.11,bz.29,2,Mikrofaser & Bürsten,autopflege/mikrofaser-und-buersten
bz.29.11.01,bz.29.11,3,Mikrofaser & Bürsten – PKW,autopflege/mikrofaser-und-buersten/mikrofaser-und-buersten-pkw
bz.29.11.02,bz.29.11,3,Mikrofaser & Bürsten – SUV,autopflege/mikrofaser-und-buersten/mikrofaser-und-buersten-suv
bz.29.11.03,bz.29.11,3,Mikrofaser & Bürsten – Transporter,autopflege/mikrofaser-und-buersten/mikrofaser-und-buersten-transporter
bz.29.11.04,bz.29.11,3,Mikrofaser & Bürsten – LKW,autopflege/mikrofaser-und-buersten/mikrofaser-und-buersten-lkw
bz.29.11.05,bz.29.11,3,Mikrofaser & Bürsten – Profi,autopflege/mikrofaser-und-buersten/mikrofaser-und-buersten-profi
bz.29.11.06,bz.29.11,3,Mikrofaser & Bürsten – Gewerbe,autopflege/mikrofaser-und-buersten/mikrofaser-und-buersten-gewerbe
bz.29.11.07,bz.29.11,3,Mikrofaser & Bürsten – Detailing,autopflege/mikrofaser-und-buersten/mikrofaser-und-buersten-detailing
bz.29.11.08,bz.29.11,3,Mikrofaser & Bürsten – Winter,autopflege/mikrofaser-und-buersten/mikrofaser-und-buersten-winter
bz.29.11.09,bz.29.11,3,Mikrofaser & Bürsten – Sommer,autopflege/mikrofaser-und-buersten/mikrofaser-und-buersten-sommer
bz.29.11.10,bz.29.11,3,Mikrofaser & Bürsten – Zubehör,autopflege/mikrofaser-und-buersten/mikrofaser-und-buersten-zubehoer
bz.29.12,bz.29,2,Poliermaschinen,autopflege/poliermaschinen
bz.29.12.01,bz.29.12,3,Poliermaschinen – PKW,autopflege/poliermaschinen/poliermaschinen-pkw
bz.29.12.02,bz.29.12,3,Poliermaschinen – SUV,autopflege/poliermaschinen/poliermaschinen-suv
bz.29.12.03,bz.29.12,3,Poliermaschinen – Transporter,autopflege/poliermaschinen/poliermaschinen-transporter
bz.29.12.04,bz.29.12,3,Poliermaschinen – LKW,autopflege/poliermaschinen/poliermaschinen-lkw
bz.29.12.05,bz.29.12,3,Poliermaschinen – Profi,autopflege/poliermaschinen/poliermaschinen-profi
bz.29.12.06,bz.29.12,3,Poliermaschinen – Gewerbe,autopflege/poliermaschinen/poliermaschinen-gewerbe
bz.29.12.07,bz.29.12,3,Poliermaschinen – Detailing,autopflege/poliermaschinen/poliermaschinen-detailing
bz.29.12.08,bz.29.12,3,Poliermaschinen – Winter,autopflege/poliermaschinen/poliermaschinen-winter
bz.29.12.09,bz.29.12,3,Poliermaschinen – Sommer,autopflege/poliermaschinen/poliermaschinen-sommer
bz.29.12.10,bz.29.12,3,Poliermaschinen – Zubehör,autopflege/poliermaschinen/poliermaschinen-zubehoer
bz.30,,1,Navi & Zubehör,navi-und-zubehoer
bz.30.01,bz.30,2,Navigation,navi-und-zubehoer/navigation
bz.30.01.01,bz.30.01,3,Navigation – PKW,navi-und-zubehoer/navigation/navigation-pkw
bz.30.01.02,bz.30.01,3,Navigation – LKW,navi-und-zubehoer/navigation/navigation-lkw
bz.30.01.03,bz.30.01,3,Navigation – Motorrad,navi-und-zubehoer/navigation/navigation-motorrad
bz.30.01.04,bz.30.01,3,Navigation – Wohnmobil,navi-und-zubehoer/navigation/navigation-wohnmobil
bz.30.01.05,bz.30.01,3,Navigation – Flotte,navi-und-zubehoer/navigation/navigation-flotte
bz.30.01.06,bz.30.01,3,Navigation – Profi,navi-und-zubehoer/navigation/navigation-profi
bz.30.01.07,bz.30.01,3,Navigation – Consumer,navi-und-zubehoer/navigation/navigation-consumer
bz.30.01.08,bz.30.01,3,Navigation – Smart,navi-und-zubehoer/navigation/navigation-smart
bz.30.01.09,bz.30.01,3,Navigation – GPS,navi-und-zubehoer/navigation/navigation-gps
bz.30.01.10,bz.30.01,3,Navigation – Zubehör,navi-und-zubehoer/navigation/navigation-zubehoer
bz.30.02,bz.30,2,Dashcams,navi-und-zubehoer/dashcams
bz.30.02.01,bz.30.02,3,Dashcams – PKW,navi-und-zubehoer/dashcams/dashcams-pkw
bz.30.02.02,bz.30.02,3,Dashcams – LKW,navi-und-zubehoer/dashcams/dashcams-lkw
bz.30.02.03,bz.30.02,3,Dashcams – Motorrad,navi-und-zubehoer/dashcams/dashcams-motorrad
bz.30.02.04,bz.30.02,3,Dashcams – Wohnmobil,navi-und-zubehoer/dashcams/dashcams-wohnmobil
bz.30.02.05,bz.30.02,3,Dashcams – Flotte,navi-und-zubehoer/dashcams/dashcams-flotte
bz.30.02.06,bz.30.02,3,Dashcams – Profi,navi-und-zubehoer/dashcams/dashcams-profi
bz.30.02.07,bz.30.02,3,Dashcams – Consumer,navi-und-zubehoer/dashcams/dashcams-consumer
bz.30.02.08,bz.30.02,3,Dashcams – Smart,navi-und-zubehoer/dashcams/dashcams-smart
bz.30.02.09,bz.30.02,3,Dashcams – GPS,navi-und-zubehoer/dashcams/dashcams-gps
bz.30.02.10,bz.30.02,3,Dashcams – Zubehör,navi-und-zubehoer/dashcams/dashcams-zubehoer
bz.30.03,bz.30,2,CarPlay & Android Auto,navi-und-zubehoer/carplay-und-android-auto
bz.30.03.01,bz.30.03,3,CarPlay & Android Auto – PKW,navi-und-zubehoer/carplay-und-android-auto/carplay-und-android-auto-pkw
bz.30.03.02,bz.30.03,3,CarPlay & Android Auto – LKW,navi-und-zubehoer/carplay-und-android-auto/carplay-und-android-auto-lkw
bz.30.03.03,bz.30.03,3,CarPlay & Android Auto – Motorrad,navi-und-zubehoer/carplay-und-android-auto/carplay-und-android-auto-motorrad
bz.30.03.04,bz.30.03,3,CarPlay & Android Auto – Wohnmobil,navi-und-zubehoer/carplay-und-android-auto/carplay-und-android-auto-wohnmobil
bz.30.03.05,bz.30.03,3,CarPlay & Android Auto – Flotte,navi-und-zubehoer/carplay-und-android-auto/carplay-und-android-auto-flotte
bz.30.03.06,bz.30.03,3,CarPlay & Android Auto – Profi,navi-und-zubehoer/carplay-und-android-auto/carplay-und-android-auto-profi
bz.30.03.07,bz.30.03,3,CarPlay & Android Auto – Consumer,navi-und-zubehoer/carplay-und-android-auto/carplay-und-android-auto-consumer
bz.30.03.08,bz.30.03,3,CarPlay & Android Auto – Smart,navi-und-zubehoer/carplay-und-android-auto/carplay-und-android-auto-smart
bz.30.03.09,bz.30.03,3,CarPlay & Android Auto – GPS,navi-und-zubehoer/carplay-und-android-auto/carplay-und-android-auto-gps
bz.30.03.10,bz.30.03,3,CarPlay & Android Auto – Zubehör,navi-und-zubehoer/carplay-und-android-auto/carplay-und-android-auto-zubehoer
bz.30.04,bz.30,2,Autoradios,navi-und-zubehoer/autoradios
bz.30.04.01,bz.30.04,3,Autoradios – PKW,navi-und-zubehoer/autoradios/autoradios-pkw
bz.30.04.02,bz.30.04,3,Autoradios – LKW,navi-und-zubehoer/autoradios/autoradios-lkw
bz.30.04.03,bz.30.04,3,Autoradios – Motorrad,navi-und-zubehoer/autoradios/autoradios-motorrad
bz.30.04.04,bz.30.04,3,Autoradios – Wohnmobil,navi-und-zubehoer/autoradios/autoradios-wohnmobil
bz.30.04.05,bz.30.04,3,Autoradios – Flotte,navi-und-zubehoer/autoradios/autoradios-flotte
bz.30.04.06,bz.30.04,3,Autoradios – Profi,navi-und-zubehoer/autoradios/autoradios-profi
bz.30.04.07,bz.30.04,3,Autoradios – Consumer,navi-und-zubehoer/autoradios/autoradios-consumer
bz.30.04.08,bz.30.04,3,Autoradios – Smart,navi-und-zubehoer/autoradios/autoradios-smart
bz.30.04.09,bz.30.04,3,Autoradios – GPS,navi-und-zubehoer/autoradios/autoradios-gps
bz.30.04.10,bz.30.04,3,Autoradios – Zubehör,navi-und-zubehoer/autoradios/autoradios-zubehoer
bz.30.05,bz.30,2,Monitore,navi-und-zubehoer/monitore
bz.30.05.01,bz.30.05,3,Monitore – PKW,navi-und-zubehoer/monitore/monitore-pkw
bz.30.05.02,bz.30.05,3,Monitore – LKW,navi-und-zubehoer/monitore/monitore-lkw
bz.30.05.03,bz.30.05,3,Monitore – Motorrad,navi-und-zubehoer/monitore/monitore-motorrad
bz.30.05.04,bz.30.05,3,Monitore – Wohnmobil,navi-und-zubehoer/monitore/monitore-wohnmobil
bz.30.05.05,bz.30.05,3,Monitore – Flotte,navi-und-zubehoer/monitore/monitore-flotte
bz.30.05.06,bz.30.05,3,Monitore – Profi,navi-und-zubehoer/monitore/monitore-profi
bz.30.05.07,bz.30.05,3,Monitore – Consumer,navi-und-zubehoer/monitore/monitore-consumer
bz.30.05.08,bz.30.05,3,Monitore – Smart,navi-und-zubehoer/monitore/monitore-smart
bz.30.05.09,bz.30.05,3,Monitore – GPS,navi-und-zubehoer/monitore/monitore-gps
bz.30.05.10,bz.30.05,3,Monitore – Zubehör,navi-und-zubehoer/monitore/monitore-zubehoer
bz.30.06,bz.30,2,Rückfahrkameras,navi-und-zubehoer/rueckfahrkameras
bz.30.06.01,bz.30.06,3,Rückfahrkameras – PKW,navi-und-zubehoer/rueckfahrkameras/rueckfahrkameras-pkw
bz.30.06.02,bz.30.06,3,Rückfahrkameras – LKW,navi-und-zubehoer/rueckfahrkameras/rueckfahrkameras-lkw
bz.30.06.03,bz.30.06,3,Rückfahrkameras – Motorrad,navi-und-zubehoer/rueckfahrkameras/rueckfahrkameras-motorrad
bz.30.06.04,bz.30.06,3,Rückfahrkameras – Wohnmobil,navi-und-zubehoer/rueckfahrkameras/rueckfahrkameras-wohnmobil
bz.30.06.05,bz.30.06,3,Rückfahrkameras – Flotte,navi-und-zubehoer/rueckfahrkameras/rueckfahrkameras-flotte
bz.30.06.06,bz.30.06,3,Rückfahrkameras – Profi,navi-und-zubehoer/rueckfahrkameras/rueckfahrkameras-profi
bz.30.06.07,bz.30.06,3,Rückfahrkameras – Consumer,navi-und-zubehoer/rueckfahrkameras/rueckfahrkameras-consumer
bz.30.06.08,bz.30.06,3,Rückfahrkameras – Smart,navi-und-zubehoer/rueckfahrkameras/rueckfahrkameras-smart
bz.30.06.09,bz.30.06,3,Rückfahrkameras – GPS,navi-und-zubehoer/rueckfahrkameras/rueckfahrkameras-gps
bz.30.06.10,bz.30.06,3,Rückfahrkameras – Zubehör,navi-und-zubehoer/rueckfahrkameras/rueckfahrkameras-zubehoer
bz.30.07,bz.30,2,Parksensoren,navi-und-zubehoer/parksensoren
bz.30.07.01,bz.30.07,3,Parksensoren – PKW,navi-und-zubehoer/parksensoren/parksensoren-pkw
bz.30.07.02,bz.30.07,3,Parksensoren – LKW,navi-und-zubehoer/parksensoren/parksensoren-lkw
bz.30.07.03,bz.30.07,3,Parksensoren – Motorrad,navi-und-zubehoer/parksensoren/parksensoren-motorrad
bz.30.07.04,bz.30.07,3,Parksensoren – Wohnmobil,navi-und-zubehoer/parksensoren/parksensoren-wohnmobil
bz.30.07.05,bz.30.07,3,Parksensoren – Flotte,navi-und-zubehoer/parksensoren/parksensoren-flotte
bz.30.07.06,bz.30.07,3,Parksensoren – Profi,navi-und-zubehoer/parksensoren/parksensoren-profi
bz.30.07.07,bz.30.07,3,Parksensoren – Consumer,navi-und-zubehoer/parksensoren/parksensoren-consumer
bz.30.07.08,bz.30.07,3,Parksensoren – Smart,navi-und-zubehoer/parksensoren/parksensoren-smart
bz.30.07.09,bz.30.07,3,Parksensoren – GPS,navi-und-zubehoer/parksensoren/parksensoren-gps
bz.30.07.10,bz.30.07,3,Parksensoren – Zubehör,navi-und-zubehoer/parksensoren/parksensoren-zubehoer
bz.30.08,bz.30,2,OBD & Diagnose,navi-und-zubehoer/obd-und-diagnose
bz.30.08.01,bz.30.08,3,OBD & Diagnose – PKW,navi-und-zubehoer/obd-und-diagnose/obd-und-diagnose-pkw
bz.30.08.02,bz.30.08,3,OBD & Diagnose – LKW,navi-und-zubehoer/obd-und-diagnose/obd-und-diagnose-lkw
bz.30.08.03,bz.30.08,3,OBD & Diagnose – Motorrad,navi-und-zubehoer/obd-und-diagnose/obd-und-diagnose-motorrad
bz.30.08.04,bz.30.08,3,OBD & Diagnose – Wohnmobil,navi-und-zubehoer/obd-und-diagnose/obd-und-diagnose-wohnmobil
bz.30.08.05,bz.30.08,3,OBD & Diagnose – Flotte,navi-und-zubehoer/obd-und-diagnose/obd-und-diagnose-flotte
bz.30.08.06,bz.30.08,3,OBD & Diagnose – Profi,navi-und-zubehoer/obd-und-diagnose/obd-und-diagnose-profi
bz.30.08.07,bz.30.08,3,OBD & Diagnose – Consumer,navi-und-zubehoer/obd-und-diagnose/obd-und-diagnose-consumer
bz.30.08.08,bz.30.08,3,OBD & Diagnose – Smart,navi-und-zubehoer/obd-und-diagnose/obd-und-diagnose-smart
bz.30.08.09,bz.30.08,3,OBD & Diagnose – GPS,navi-und-zubehoer/obd-und-diagnose/obd-und-diagnose-gps
bz.30.08.10,bz.30.08,3,OBD & Diagnose – Zubehör,navi-und-zubehoer/obd-und-diagnose/obd-und-diagnose-zubehoer
bz.30.09,bz.30,2,GPS-Tracker,navi-und-zubehoer/gps-tracker
bz.30.09.01,bz.30.09,3,GPS-Tracker – PKW,navi-und-zubehoer/gps-tracker/gps-tracker-pkw
bz.30.09.02,bz.30.09,3,GPS-Tracker – LKW,navi-und-zubehoer/gps-tracker/gps-tracker-lkw
bz.30.09.03,bz.30.09,3,GPS-Tracker – Motorrad,navi-und-zubehoer/gps-tracker/gps-tracker-motorrad
bz.30.09.04,bz.30.09,3,GPS-Tracker – Wohnmobil,navi-und-zubehoer/gps-tracker/gps-tracker-wohnmobil
bz.30.09.05,bz.30.09,3,GPS-Tracker – Flotte,navi-und-zubehoer/gps-tracker/gps-tracker-flotte
bz.30.09.06,bz.30.09,3,GPS-Tracker – Profi,navi-und-zubehoer/gps-tracker/gps-tracker-profi
bz.30.09.07,bz.30.09,3,GPS-Tracker – Consumer,navi-und-zubehoer/gps-tracker/gps-tracker-consumer
bz.30.09.08,bz.30.09,3,GPS-Tracker – Smart,navi-und-zubehoer/gps-tracker/gps-tracker-smart
bz.30.09.09,bz.30.09,3,GPS-Tracker – GPS,navi-und-zubehoer/gps-tracker/gps-tracker-gps
bz.30.09.10,bz.30.09,3,GPS-Tracker – Zubehör,navi-und-zubehoer/gps-tracker/gps-tracker-zubehoer
bz.30.10,bz.30,2,Antennen,navi-und-zubehoer/antennen
bz.30.10.01,bz.30.10,3,Antennen – PKW,navi-und-zubehoer/antennen/antennen-pkw
bz.30.10.02,bz.30.10,3,Antennen – LKW,navi-und-zubehoer/antennen/antennen-lkw
bz.30.10.03,bz.30.10,3,Antennen – Motorrad,navi-und-zubehoer/antennen/antennen-motorrad
bz.30.10.04,bz.30.10,3,Antennen – Wohnmobil,navi-und-zubehoer/antennen/antennen-wohnmobil
bz.30.10.05,bz.30.10,3,Antennen – Flotte,navi-und-zubehoer/antennen/antennen-flotte
bz.30.10.06,bz.30.10,3,Antennen – Profi,navi-und-zubehoer/antennen/antennen-profi
bz.30.10.07,bz.30.10,3,Antennen – Consumer,navi-und-zubehoer/antennen/antennen-consumer
bz.30.10.08,bz.30.10,3,Antennen – Smart,navi-und-zubehoer/antennen/antennen-smart
bz.30.10.09,bz.30.10,3,Antennen – GPS,navi-und-zubehoer/antennen/antennen-gps
bz.30.10.10,bz.30.10,3,Antennen – Zubehör,navi-und-zubehoer/antennen/antennen-zubehoer
bz.30.11,bz.30,2,Halterungen,navi-und-zubehoer/halterungen
bz.30.11.01,bz.30.11,3,Halterungen – PKW,navi-und-zubehoer/halterungen/halterungen-pkw
bz.30.11.02,bz.30.11,3,Halterungen – LKW,navi-und-zubehoer/halterungen/halterungen-lkw
bz.30.11.03,bz.30.11,3,Halterungen – Motorrad,navi-und-zubehoer/halterungen/halterungen-motorrad
bz.30.11.04,bz.30.11,3,Halterungen – Wohnmobil,navi-und-zubehoer/halterungen/halterungen-wohnmobil
bz.30.11.05,bz.30.11,3,Halterungen – Flotte,navi-und-zubehoer/halterungen/halterungen-flotte
bz.30.11.06,bz.30.11,3,Halterungen – Profi,navi-und-zubehoer/halterungen/halterungen-profi
bz.30.11.07,bz.30.11,3,Halterungen – Consumer,navi-und-zubehoer/halterungen/halterungen-consumer
bz.30.11.08,bz.30.11,3,Halterungen – Smart,navi-und-zubehoer/halterungen/halterungen-smart
bz.30.11.09,bz.30.11,3,Halterungen – GPS,navi-und-zubehoer/halterungen/halterungen-gps
bz.30.11.10,bz.30.11,3,Halterungen – Zubehör,navi-und-zubehoer/halterungen/halterungen-zubehoer
bz.30.12,bz.30,2,Multimedia,navi-und-zubehoer/multimedia
bz.30.12.01,bz.30.12,3,Multimedia – PKW,navi-und-zubehoer/multimedia/multimedia-pkw
bz.30.12.02,bz.30.12,3,Multimedia – LKW,navi-und-zubehoer/multimedia/multimedia-lkw
bz.30.12.03,bz.30.12,3,Multimedia – Motorrad,navi-und-zubehoer/multimedia/multimedia-motorrad
bz.30.12.04,bz.30.12,3,Multimedia – Wohnmobil,navi-und-zubehoer/multimedia/multimedia-wohnmobil
bz.30.12.05,bz.30.12,3,Multimedia – Flotte,navi-und-zubehoer/multimedia/multimedia-flotte
bz.30.12.06,bz.30.12,3,Multimedia – Profi,navi-und-zubehoer/multimedia/multimedia-profi
bz.30.12.07,bz.30.12,3,Multimedia – Consumer,navi-und-zubehoer/multimedia/multimedia-consumer
bz.30.12.08,bz.30.12,3,Multimedia – Smart,navi-und-zubehoer/multimedia/multimedia-smart
bz.30.12.09,bz.30.12,3,Multimedia – GPS,navi-und-zubehoer/multimedia/multimedia-gps
bz.30.12.10,bz.30.12,3,Multimedia – Zubehör,navi-und-zubehoer/multimedia/multimedia-zubehoer
bz.31,,1,Lebensmittel & Getränke,lebensmittel-und-getraenke
bz.31.01,bz.31,2,Grundnahrungsmittel,lebensmittel-und-getraenke/grundnahrungsmittel
bz.31.01.01,bz.31.01,3,Grundnahrungsmittel – Retail,lebensmittel-und-getraenke/grundnahrungsmittel/grundnahrungsmittel-retail
bz.31.01.02,bz.31.01,3,Grundnahrungsmittel – Gastro,lebensmittel-und-getraenke/grundnahrungsmittel/grundnahrungsmittel-gastro
bz.31.01.03,bz.31.01,3,Grundnahrungsmittel – Großhandel,lebensmittel-und-getraenke/grundnahrungsmittel/grundnahrungsmittel-grosshandel
bz.31.01.04,bz.31.01,3,Grundnahrungsmittel – Bio,lebensmittel-und-getraenke/grundnahrungsmittel/grundnahrungsmittel-bio
bz.31.01.05,bz.31.01,3,Grundnahrungsmittel – Vegan,lebensmittel-und-getraenke/grundnahrungsmittel/grundnahrungsmittel-vegan
bz.31.01.06,bz.31.01,3,Grundnahrungsmittel – Vegetarisch,lebensmittel-und-getraenke/grundnahrungsmittel/grundnahrungsmittel-vegetarisch
bz.31.01.07,bz.31.01,3,Grundnahrungsmittel – International,lebensmittel-und-getraenke/grundnahrungsmittel/grundnahrungsmittel-international
bz.31.01.08,bz.31.01,3,Grundnahrungsmittel – Premium,lebensmittel-und-getraenke/grundnahrungsmittel/grundnahrungsmittel-premium
bz.31.01.09,bz.31.01,3,Grundnahrungsmittel – Saison,lebensmittel-und-getraenke/grundnahrungsmittel/grundnahrungsmittel-saison
bz.31.01.10,bz.31.01,3,Grundnahrungsmittel – Großgebinde,lebensmittel-und-getraenke/grundnahrungsmittel/grundnahrungsmittel-grossgebinde
bz.31.02,bz.31,2,Konserven,lebensmittel-und-getraenke/konserven
bz.31.02.01,bz.31.02,3,Konserven – Retail,lebensmittel-und-getraenke/konserven/konserven-retail
bz.31.02.02,bz.31.02,3,Konserven – Gastro,lebensmittel-und-getraenke/konserven/konserven-gastro
bz.31.02.03,bz.31.02,3,Konserven – Großhandel,lebensmittel-und-getraenke/konserven/konserven-grosshandel
bz.31.02.04,bz.31.02,3,Konserven – Bio,lebensmittel-und-getraenke/konserven/konserven-bio
bz.31.02.05,bz.31.02,3,Konserven – Vegan,lebensmittel-und-getraenke/konserven/konserven-vegan
bz.31.02.06,bz.31.02,3,Konserven – Vegetarisch,lebensmittel-und-getraenke/konserven/konserven-vegetarisch
bz.31.02.07,bz.31.02,3,Konserven – International,lebensmittel-und-getraenke/konserven/konserven-international
bz.31.02.08,bz.31.02,3,Konserven – Premium,lebensmittel-und-getraenke/konserven/konserven-premium
bz.31.02.09,bz.31.02,3,Konserven – Saison,lebensmittel-und-getraenke/konserven/konserven-saison
bz.31.02.10,bz.31.02,3,Konserven – Großgebinde,lebensmittel-und-getraenke/konserven/konserven-grossgebinde
bz.31.03,bz.31,2,Süßwaren,lebensmittel-und-getraenke/suesswaren
bz.31.03.01,bz.31.03,3,Süßwaren – Retail,lebensmittel-und-getraenke/suesswaren/suesswaren-retail
bz.31.03.02,bz.31.03,3,Süßwaren – Gastro,lebensmittel-und-getraenke/suesswaren/suesswaren-gastro
bz.31.03.03,bz.31.03,3,Süßwaren – Großhandel,lebensmittel-und-getraenke/suesswaren/suesswaren-grosshandel
bz.31.03.04,bz.31.03,3,Süßwaren – Bio,lebensmittel-und-getraenke/suesswaren/suesswaren-bio
bz.31.03.05,bz.31.03,3,Süßwaren – Vegan,lebensmittel-und-getraenke/suesswaren/suesswaren-vegan
bz.31.03.06,bz.31.03,3,Süßwaren – Vegetarisch,lebensmittel-und-getraenke/suesswaren/suesswaren-vegetarisch
bz.31.03.07,bz.31.03,3,Süßwaren – International,lebensmittel-und-getraenke/suesswaren/suesswaren-international
bz.31.03.08,bz.31.03,3,Süßwaren – Premium,lebensmittel-und-getraenke/suesswaren/suesswaren-premium
bz.31.03.09,bz.31.03,3,Süßwaren – Saison,lebensmittel-und-getraenke/suesswaren/suesswaren-saison
bz.31.03.10,bz.31.03,3,Süßwaren – Großgebinde,lebensmittel-und-getraenke/suesswaren/suesswaren-grossgebinde
bz.31.04,bz.31,2,Snacks,lebensmittel-und-getraenke/snacks
bz.31.04.01,bz.31.04,3,Snacks – Retail,lebensmittel-und-getraenke/snacks/snacks-retail
bz.31.04.02,bz.31.04,3,Snacks – Gastro,lebensmittel-und-getraenke/snacks/snacks-gastro
bz.31.04.03,bz.31.04,3,Snacks – Großhandel,lebensmittel-und-getraenke/snacks/snacks-grosshandel
bz.31.04.04,bz.31.04,3,Snacks – Bio,lebensmittel-und-getraenke/snacks/snacks-bio
bz.31.04.05,bz.31.04,3,Snacks – Vegan,lebensmittel-und-getraenke/snacks/snacks-vegan
bz.31.04.06,bz.31.04,3,Snacks – Vegetarisch,lebensmittel-und-getraenke/snacks/snacks-vegetarisch
bz.31.04.07,bz.31.04,3,Snacks – International,lebensmittel-und-getraenke/snacks/snacks-international
bz.31.04.08,bz.31.04,3,Snacks – Premium,lebensmittel-und-getraenke/snacks/snacks-premium
bz.31.04.09,bz.31.04,3,Snacks – Saison,lebensmittel-und-getraenke/snacks/snacks-saison
bz.31.04.10,bz.31.04,3,Snacks – Großgebinde,lebensmittel-und-getraenke/snacks/snacks-grossgebinde
bz.31.05,bz.31,2,Saucen,lebensmittel-und-getraenke/saucen
bz.31.05.01,bz.31.05,3,Saucen – Retail,lebensmittel-und-getraenke/saucen/saucen-retail
bz.31.05.02,bz.31.05,3,Saucen – Gastro,lebensmittel-und-getraenke/saucen/saucen-gastro
bz.31.05.03,bz.31.05,3,Saucen – Großhandel,lebensmittel-und-getraenke/saucen/saucen-grosshandel
bz.31.05.04,bz.31.05,3,Saucen – Bio,lebensmittel-und-getraenke/saucen/saucen-bio
bz.31.05.05,bz.31.05,3,Saucen – Vegan,lebensmittel-und-getraenke/saucen/saucen-vegan
bz.31.05.06,bz.31.05,3,Saucen – Vegetarisch,lebensmittel-und-getraenke/saucen/saucen-vegetarisch
bz.31.05.07,bz.31.05,3,Saucen – International,lebensmittel-und-getraenke/saucen/saucen-international
bz.31.05.08,bz.31.05,3,Saucen – Premium,lebensmittel-und-getraenke/saucen/saucen-premium
bz.31.05.09,bz.31.05,3,Saucen – Saison,lebensmittel-und-getraenke/saucen/saucen-saison
bz.31.05.10,bz.31.05,3,Saucen – Großgebinde,lebensmittel-und-getraenke/saucen/saucen-grossgebinde
bz.31.06,bz.31,2,Gewürze,lebensmittel-und-getraenke/gewuerze
bz.31.06.01,bz.31.06,3,Gewürze – Retail,lebensmittel-und-getraenke/gewuerze/gewuerze-retail
bz.31.06.02,bz.31.06,3,Gewürze – Gastro,lebensmittel-und-getraenke/gewuerze/gewuerze-gastro
bz.31.06.03,bz.31.06,3,Gewürze – Großhandel,lebensmittel-und-getraenke/gewuerze/gewuerze-grosshandel
bz.31.06.04,bz.31.06,3,Gewürze – Bio,lebensmittel-und-getraenke/gewuerze/gewuerze-bio
bz.31.06.05,bz.31.06,3,Gewürze – Vegan,lebensmittel-und-getraenke/gewuerze/gewuerze-vegan
bz.31.06.06,bz.31.06,3,Gewürze – Vegetarisch,lebensmittel-und-getraenke/gewuerze/gewuerze-vegetarisch
bz.31.06.07,bz.31.06,3,Gewürze – International,lebensmittel-und-getraenke/gewuerze/gewuerze-international
bz.31.06.08,bz.31.06,3,Gewürze – Premium,lebensmittel-und-getraenke/gewuerze/gewuerze-premium
bz.31.06.09,bz.31.06,3,Gewürze – Saison,lebensmittel-und-getraenke/gewuerze/gewuerze-saison
bz.31.06.10,bz.31.06,3,Gewürze – Großgebinde,lebensmittel-und-getraenke/gewuerze/gewuerze-grossgebinde
bz.31.07,bz.31,2,Backen,lebensmittel-und-getraenke/backen
bz.31.07.01,bz.31.07,3,Backen – Retail,lebensmittel-und-getraenke/backen/backen-retail
bz.31.07.02,bz.31.07,3,Backen – Gastro,lebensmittel-und-getraenke/backen/backen-gastro
bz.31.07.03,bz.31.07,3,Backen – Großhandel,lebensmittel-und-getraenke/backen/backen-grosshandel
bz.31.07.04,bz.31.07,3,Backen – Bio,lebensmittel-und-getraenke/backen/backen-bio
bz.31.07.05,bz.31.07,3,Backen – Vegan,lebensmittel-und-getraenke/backen/backen-vegan
bz.31.07.06,bz.31.07,3,Backen – Vegetarisch,lebensmittel-und-getraenke/backen/backen-vegetarisch
bz.31.07.07,bz.31.07,3,Backen – International,lebensmittel-und-getraenke/backen/backen-international
bz.31.07.08,bz.31.07,3,Backen – Premium,lebensmittel-und-getraenke/backen/backen-premium
bz.31.07.09,bz.31.07,3,Backen – Saison,lebensmittel-und-getraenke/backen/backen-saison
bz.31.07.10,bz.31.07,3,Backen – Großgebinde,lebensmittel-und-getraenke/backen/backen-grossgebinde
bz.31.08,bz.31,2,Frühstück,lebensmittel-und-getraenke/fruehstueck
bz.31.08.01,bz.31.08,3,Frühstück – Retail,lebensmittel-und-getraenke/fruehstueck/fruehstueck-retail
bz.31.08.02,bz.31.08,3,Frühstück – Gastro,lebensmittel-und-getraenke/fruehstueck/fruehstueck-gastro
bz.31.08.03,bz.31.08,3,Frühstück – Großhandel,lebensmittel-und-getraenke/fruehstueck/fruehstueck-grosshandel
bz.31.08.04,bz.31.08,3,Frühstück – Bio,lebensmittel-und-getraenke/fruehstueck/fruehstueck-bio
bz.31.08.05,bz.31.08,3,Frühstück – Vegan,lebensmittel-und-getraenke/fruehstueck/fruehstueck-vegan
bz.31.08.06,bz.31.08,3,Frühstück – Vegetarisch,lebensmittel-und-getraenke/fruehstueck/fruehstueck-vegetarisch
bz.31.08.07,bz.31.08,3,Frühstück – International,lebensmittel-und-getraenke/fruehstueck/fruehstueck-international
bz.31.08.08,bz.31.08,3,Frühstück – Premium,lebensmittel-und-getraenke/fruehstueck/fruehstueck-premium
bz.31.08.09,bz.31.08,3,Frühstück – Saison,lebensmittel-und-getraenke/fruehstueck/fruehstueck-saison
bz.31.08.10,bz.31.08,3,Frühstück – Großgebinde,lebensmittel-und-getraenke/fruehstueck/fruehstueck-grossgebinde
bz.31.09,bz.31,2,Getränke,lebensmittel-und-getraenke/getraenke
bz.31.09.01,bz.31.09,3,Getränke – Retail,lebensmittel-und-getraenke/getraenke/getraenke-retail
bz.31.09.02,bz.31.09,3,Getränke – Gastro,lebensmittel-und-getraenke/getraenke/getraenke-gastro
bz.31.09.03,bz.31.09,3,Getränke – Großhandel,lebensmittel-und-getraenke/getraenke/getraenke-grosshandel
bz.31.09.04,bz.31.09,3,Getränke – Bio,lebensmittel-und-getraenke/getraenke/getraenke-bio
bz.31.09.05,bz.31.09,3,Getränke – Vegan,lebensmittel-und-getraenke/getraenke/getraenke-vegan
bz.31.09.06,bz.31.09,3,Getränke – Vegetarisch,lebensmittel-und-getraenke/getraenke/getraenke-vegetarisch
bz.31.09.07,bz.31.09,3,Getränke – International,lebensmittel-und-getraenke/getraenke/getraenke-international
bz.31.09.08,bz.31.09,3,Getränke – Premium,lebensmittel-und-getraenke/getraenke/getraenke-premium
bz.31.09.09,bz.31.09,3,Getränke – Saison,lebensmittel-und-getraenke/getraenke/getraenke-saison
bz.31.09.10,bz.31.09,3,Getränke – Großgebinde,lebensmittel-und-getraenke/getraenke/getraenke-grossgebinde
bz.31.10,bz.31,2,Wasser,lebensmittel-und-getraenke/wasser
bz.31.10.01,bz.31.10,3,Wasser – Retail,lebensmittel-und-getraenke/wasser/wasser-retail
bz.31.10.02,bz.31.10,3,Wasser – Gastro,lebensmittel-und-getraenke/wasser/wasser-gastro
bz.31.10.03,bz.31.10,3,Wasser – Großhandel,lebensmittel-und-getraenke/wasser/wasser-grosshandel
bz.31.10.04,bz.31.10,3,Wasser – Bio,lebensmittel-und-getraenke/wasser/wasser-bio
bz.31.10.05,bz.31.10,3,Wasser – Vegan,lebensmittel-und-getraenke/wasser/wasser-vegan
bz.31.10.06,bz.31.10,3,Wasser – Vegetarisch,lebensmittel-und-getraenke/wasser/wasser-vegetarisch
bz.31.10.07,bz.31.10,3,Wasser – International,lebensmittel-und-getraenke/wasser/wasser-international
bz.31.10.08,bz.31.10,3,Wasser – Premium,lebensmittel-und-getraenke/wasser/wasser-premium
bz.31.10.09,bz.31.10,3,Wasser – Saison,lebensmittel-und-getraenke/wasser/wasser-saison
bz.31.10.10,bz.31.10,3,Wasser – Großgebinde,lebensmittel-und-getraenke/wasser/wasser-grossgebinde
bz.31.11,bz.31,2,Softdrinks,lebensmittel-und-getraenke/softdrinks
bz.31.11.01,bz.31.11,3,Softdrinks – Retail,lebensmittel-und-getraenke/softdrinks/softdrinks-retail
bz.31.11.02,bz.31.11,3,Softdrinks – Gastro,lebensmittel-und-getraenke/softdrinks/softdrinks-gastro
bz.31.11.03,bz.31.11,3,Softdrinks – Großhandel,lebensmittel-und-getraenke/softdrinks/softdrinks-grosshandel
bz.31.11.04,bz.31.11,3,Softdrinks – Bio,lebensmittel-und-getraenke/softdrinks/softdrinks-bio
bz.31.11.05,bz.31.11,3,Softdrinks – Vegan,lebensmittel-und-getraenke/softdrinks/softdrinks-vegan
bz.31.11.06,bz.31.11,3,Softdrinks – Vegetarisch,lebensmittel-und-getraenke/softdrinks/softdrinks-vegetarisch
bz.31.11.07,bz.31.11,3,Softdrinks – International,lebensmittel-und-getraenke/softdrinks/softdrinks-international
bz.31.11.08,bz.31.11,3,Softdrinks – Premium,lebensmittel-und-getraenke/softdrinks/softdrinks-premium
bz.31.11.09,bz.31.11,3,Softdrinks – Saison,lebensmittel-und-getraenke/softdrinks/softdrinks-saison
bz.31.11.10,bz.31.11,3,Softdrinks – Großgebinde,lebensmittel-und-getraenke/softdrinks/softdrinks-grossgebinde
bz.31.12,bz.31,2,Gastro- & Großgebinde,lebensmittel-und-getraenke/gastro-und-grossgebinde
bz.31.12.01,bz.31.12,3,Gastro- & Großgebinde – Retail,lebensmittel-und-getraenke/gastro-und-grossgebinde/gastro-und-grossgebinde-retail
bz.31.12.02,bz.31.12,3,Gastro- & Großgebinde – Gastro,lebensmittel-und-getraenke/gastro-und-grossgebinde/gastro-und-grossgebinde-gastro
bz.31.12.03,bz.31.12,3,Gastro- & Großgebinde – Großhandel,lebensmittel-und-getraenke/gastro-und-grossgebinde/gastro-und-grossgebinde-grosshandel
bz.31.12.04,bz.31.12,3,Gastro- & Großgebinde – Bio,lebensmittel-und-getraenke/gastro-und-grossgebinde/gastro-und-grossgebinde-bio
bz.31.12.05,bz.31.12,3,Gastro- & Großgebinde – Vegan,lebensmittel-und-getraenke/gastro-und-grossgebinde/gastro-und-grossgebinde-vegan
bz.31.12.06,bz.31.12,3,Gastro- & Großgebinde – Vegetarisch,lebensmittel-und-getraenke/gastro-und-grossgebinde/gastro-und-grossgebinde-vegetarisch
bz.31.12.07,bz.31.12,3,Gastro- & Großgebinde – International,lebensmittel-und-getraenke/gastro-und-grossgebinde/gastro-und-grossgebinde-international
bz.31.12.08,bz.31.12,3,Gastro- & Großgebinde – Premium,lebensmittel-und-getraenke/gastro-und-grossgebinde/gastro-und-grossgebinde-premium
bz.31.12.09,bz.31.12,3,Gastro- & Großgebinde – Saison,lebensmittel-und-getraenke/gastro-und-grossgebinde/gastro-und-grossgebinde-saison
bz.31.12.10,bz.31.12,3,Gastro- & Großgebinde – Großgebinde,lebensmittel-und-getraenke/gastro-und-grossgebinde/gastro-und-grossgebinde-grossgebinde
bz.32,,1,Wein & Spirituosen,wein-und-spirituosen
bz.32.01,bz.32,2,Rotwein,wein-und-spirituosen/rotwein
bz.32.01.01,bz.32.01,3,Rotwein – Retail,wein-und-spirituosen/rotwein/rotwein-retail
bz.32.01.02,bz.32.01,3,Rotwein – Gastro,wein-und-spirituosen/rotwein/rotwein-gastro
bz.32.01.03,bz.32.01,3,Rotwein – Premium,wein-und-spirituosen/rotwein/rotwein-premium
bz.32.01.04,bz.32.01,3,Rotwein – Geschenk,wein-und-spirituosen/rotwein/rotwein-geschenk
bz.32.01.05,bz.32.01,3,Rotwein – International,wein-und-spirituosen/rotwein/rotwein-international
bz.32.01.06,bz.32.01,3,Rotwein – Bio,wein-und-spirituosen/rotwein/rotwein-bio
bz.32.01.07,bz.32.01,3,Rotwein – Alkoholfrei,wein-und-spirituosen/rotwein/rotwein-alkoholfrei
bz.32.01.08,bz.32.01,3,Rotwein – Großhandel,wein-und-spirituosen/rotwein/rotwein-grosshandel
bz.32.01.09,bz.32.01,3,Rotwein – Saison,wein-und-spirituosen/rotwein/rotwein-saison
bz.32.01.10,bz.32.01,3,Rotwein – Zubehör,wein-und-spirituosen/rotwein/rotwein-zubehoer
bz.32.02,bz.32,2,Weißwein,wein-und-spirituosen/weisswein
bz.32.02.01,bz.32.02,3,Weißwein – Retail,wein-und-spirituosen/weisswein/weisswein-retail
bz.32.02.02,bz.32.02,3,Weißwein – Gastro,wein-und-spirituosen/weisswein/weisswein-gastro
bz.32.02.03,bz.32.02,3,Weißwein – Premium,wein-und-spirituosen/weisswein/weisswein-premium
bz.32.02.04,bz.32.02,3,Weißwein – Geschenk,wein-und-spirituosen/weisswein/weisswein-geschenk
bz.32.02.05,bz.32.02,3,Weißwein – International,wein-und-spirituosen/weisswein/weisswein-international
bz.32.02.06,bz.32.02,3,Weißwein – Bio,wein-und-spirituosen/weisswein/weisswein-bio
bz.32.02.07,bz.32.02,3,Weißwein – Alkoholfrei,wein-und-spirituosen/weisswein/weisswein-alkoholfrei
bz.32.02.08,bz.32.02,3,Weißwein – Großhandel,wein-und-spirituosen/weisswein/weisswein-grosshandel
bz.32.02.09,bz.32.02,3,Weißwein – Saison,wein-und-spirituosen/weisswein/weisswein-saison
bz.32.02.10,bz.32.02,3,Weißwein – Zubehör,wein-und-spirituosen/weisswein/weisswein-zubehoer
bz.32.03,bz.32,2,Rosé,wein-und-spirituosen/ros
bz.32.03.01,bz.32.03,3,Rosé – Retail,wein-und-spirituosen/ros/ros-retail
bz.32.03.02,bz.32.03,3,Rosé – Gastro,wein-und-spirituosen/ros/ros-gastro
bz.32.03.03,bz.32.03,3,Rosé – Premium,wein-und-spirituosen/ros/ros-premium
bz.32.03.04,bz.32.03,3,Rosé – Geschenk,wein-und-spirituosen/ros/ros-geschenk
bz.32.03.05,bz.32.03,3,Rosé – International,wein-und-spirituosen/ros/ros-international
bz.32.03.06,bz.32.03,3,Rosé – Bio,wein-und-spirituosen/ros/ros-bio
bz.32.03.07,bz.32.03,3,Rosé – Alkoholfrei,wein-und-spirituosen/ros/ros-alkoholfrei
bz.32.03.08,bz.32.03,3,Rosé – Großhandel,wein-und-spirituosen/ros/ros-grosshandel
bz.32.03.09,bz.32.03,3,Rosé – Saison,wein-und-spirituosen/ros/ros-saison
bz.32.03.10,bz.32.03,3,Rosé – Zubehör,wein-und-spirituosen/ros/ros-zubehoer
bz.32.04,bz.32,2,Schaumwein,wein-und-spirituosen/schaumwein
bz.32.04.01,bz.32.04,3,Schaumwein – Retail,wein-und-spirituosen/schaumwein/schaumwein-retail
bz.32.04.02,bz.32.04,3,Schaumwein – Gastro,wein-und-spirituosen/schaumwein/schaumwein-gastro
bz.32.04.03,bz.32.04,3,Schaumwein – Premium,wein-und-spirituosen/schaumwein/schaumwein-premium
bz.32.04.04,bz.32.04,3,Schaumwein – Geschenk,wein-und-spirituosen/schaumwein/schaumwein-geschenk
bz.32.04.05,bz.32.04,3,Schaumwein – International,wein-und-spirituosen/schaumwein/schaumwein-international
bz.32.04.06,bz.32.04,3,Schaumwein – Bio,wein-und-spirituosen/schaumwein/schaumwein-bio
bz.32.04.07,bz.32.04,3,Schaumwein – Alkoholfrei,wein-und-spirituosen/schaumwein/schaumwein-alkoholfrei
bz.32.04.08,bz.32.04,3,Schaumwein – Großhandel,wein-und-spirituosen/schaumwein/schaumwein-grosshandel
bz.32.04.09,bz.32.04,3,Schaumwein – Saison,wein-und-spirituosen/schaumwein/schaumwein-saison
bz.32.04.10,bz.32.04,3,Schaumwein – Zubehör,wein-und-spirituosen/schaumwein/schaumwein-zubehoer
bz.32.05,bz.32,2,Champagner,wein-und-spirituosen/champagner
bz.32.05.01,bz.32.05,3,Champagner – Retail,wein-und-spirituosen/champagner/champagner-retail
bz.32.05.02,bz.32.05,3,Champagner – Gastro,wein-und-spirituosen/champagner/champagner-gastro
bz.32.05.03,bz.32.05,3,Champagner – Premium,wein-und-spirituosen/champagner/champagner-premium
bz.32.05.04,bz.32.05,3,Champagner – Geschenk,wein-und-spirituosen/champagner/champagner-geschenk
bz.32.05.05,bz.32.05,3,Champagner – International,wein-und-spirituosen/champagner/champagner-international
bz.32.05.06,bz.32.05,3,Champagner – Bio,wein-und-spirituosen/champagner/champagner-bio
bz.32.05.07,bz.32.05,3,Champagner – Alkoholfrei,wein-und-spirituosen/champagner/champagner-alkoholfrei
bz.32.05.08,bz.32.05,3,Champagner – Großhandel,wein-und-spirituosen/champagner/champagner-grosshandel
bz.32.05.09,bz.32.05,3,Champagner – Saison,wein-und-spirituosen/champagner/champagner-saison
bz.32.05.10,bz.32.05,3,Champagner – Zubehör,wein-und-spirituosen/champagner/champagner-zubehoer
bz.32.06,bz.32,2,Whisky,wein-und-spirituosen/whisky
bz.32.06.01,bz.32.06,3,Whisky – Retail,wein-und-spirituosen/whisky/whisky-retail
bz.32.06.02,bz.32.06,3,Whisky – Gastro,wein-und-spirituosen/whisky/whisky-gastro
bz.32.06.03,bz.32.06,3,Whisky – Premium,wein-und-spirituosen/whisky/whisky-premium
bz.32.06.04,bz.32.06,3,Whisky – Geschenk,wein-und-spirituosen/whisky/whisky-geschenk
bz.32.06.05,bz.32.06,3,Whisky – International,wein-und-spirituosen/whisky/whisky-international
bz.32.06.06,bz.32.06,3,Whisky – Bio,wein-und-spirituosen/whisky/whisky-bio
bz.32.06.07,bz.32.06,3,Whisky – Alkoholfrei,wein-und-spirituosen/whisky/whisky-alkoholfrei
bz.32.06.08,bz.32.06,3,Whisky – Großhandel,wein-und-spirituosen/whisky/whisky-grosshandel
bz.32.06.09,bz.32.06,3,Whisky – Saison,wein-und-spirituosen/whisky/whisky-saison
bz.32.06.10,bz.32.06,3,Whisky – Zubehör,wein-und-spirituosen/whisky/whisky-zubehoer
bz.32.07,bz.32,2,Rum,wein-und-spirituosen/rum
bz.32.07.01,bz.32.07,3,Rum – Retail,wein-und-spirituosen/rum/rum-retail
bz.32.07.02,bz.32.07,3,Rum – Gastro,wein-und-spirituosen/rum/rum-gastro
bz.32.07.03,bz.32.07,3,Rum – Premium,wein-und-spirituosen/rum/rum-premium
bz.32.07.04,bz.32.07,3,Rum – Geschenk,wein-und-spirituosen/rum/rum-geschenk
bz.32.07.05,bz.32.07,3,Rum – International,wein-und-spirituosen/rum/rum-international
bz.32.07.06,bz.32.07,3,Rum – Bio,wein-und-spirituosen/rum/rum-bio
bz.32.07.07,bz.32.07,3,Rum – Alkoholfrei,wein-und-spirituosen/rum/rum-alkoholfrei
bz.32.07.08,bz.32.07,3,Rum – Großhandel,wein-und-spirituosen/rum/rum-grosshandel
bz.32.07.09,bz.32.07,3,Rum – Saison,wein-und-spirituosen/rum/rum-saison
bz.32.07.10,bz.32.07,3,Rum – Zubehör,wein-und-spirituosen/rum/rum-zubehoer
bz.32.08,bz.32,2,Gin,wein-und-spirituosen/gin
bz.32.08.01,bz.32.08,3,Gin – Retail,wein-und-spirituosen/gin/gin-retail
bz.32.08.02,bz.32.08,3,Gin – Gastro,wein-und-spirituosen/gin/gin-gastro
bz.32.08.03,bz.32.08,3,Gin – Premium,wein-und-spirituosen/gin/gin-premium
bz.32.08.04,bz.32.08,3,Gin – Geschenk,wein-und-spirituosen/gin/gin-geschenk
bz.32.08.05,bz.32.08,3,Gin – International,wein-und-spirituosen/gin/gin-international
bz.32.08.06,bz.32.08,3,Gin – Bio,wein-und-spirituosen/gin/gin-bio
bz.32.08.07,bz.32.08,3,Gin – Alkoholfrei,wein-und-spirituosen/gin/gin-alkoholfrei
bz.32.08.08,bz.32.08,3,Gin – Großhandel,wein-und-spirituosen/gin/gin-grosshandel
bz.32.08.09,bz.32.08,3,Gin – Saison,wein-und-spirituosen/gin/gin-saison
bz.32.08.10,bz.32.08,3,Gin – Zubehör,wein-und-spirituosen/gin/gin-zubehoer
bz.32.09,bz.32,2,Vodka,wein-und-spirituosen/vodka
bz.32.09.01,bz.32.09,3,Vodka – Retail,wein-und-spirituosen/vodka/vodka-retail
bz.32.09.02,bz.32.09,3,Vodka – Gastro,wein-und-spirituosen/vodka/vodka-gastro
bz.32.09.03,bz.32.09,3,Vodka – Premium,wein-und-spirituosen/vodka/vodka-premium
bz.32.09.04,bz.32.09,3,Vodka – Geschenk,wein-und-spirituosen/vodka/vodka-geschenk
bz.32.09.05,bz.32.09,3,Vodka – International,wein-und-spirituosen/vodka/vodka-international
bz.32.09.06,bz.32.09,3,Vodka – Bio,wein-und-spirituosen/vodka/vodka-bio
bz.32.09.07,bz.32.09,3,Vodka – Alkoholfrei,wein-und-spirituosen/vodka/vodka-alkoholfrei
bz.32.09.08,bz.32.09,3,Vodka – Großhandel,wein-und-spirituosen/vodka/vodka-grosshandel
bz.32.09.09,bz.32.09,3,Vodka – Saison,wein-und-spirituosen/vodka/vodka-saison
bz.32.09.10,bz.32.09,3,Vodka – Zubehör,wein-und-spirituosen/vodka/vodka-zubehoer
bz.32.10,bz.32,2,Liköre,wein-und-spirituosen/likoere
bz.32.10.01,bz.32.10,3,Liköre – Retail,wein-und-spirituosen/likoere/likoere-retail
bz.32.10.02,bz.32.10,3,Liköre – Gastro,wein-und-spirituosen/likoere/likoere-gastro
bz.32.10.03,bz.32.10,3,Liköre – Premium,wein-und-spirituosen/likoere/likoere-premium
bz.32.10.04,bz.32.10,3,Liköre – Geschenk,wein-und-spirituosen/likoere/likoere-geschenk
bz.32.10.05,bz.32.10,3,Liköre – International,wein-und-spirituosen/likoere/likoere-international
bz.32.10.06,bz.32.10,3,Liköre – Bio,wein-und-spirituosen/likoere/likoere-bio
bz.32.10.07,bz.32.10,3,Liköre – Alkoholfrei,wein-und-spirituosen/likoere/likoere-alkoholfrei
bz.32.10.08,bz.32.10,3,Liköre – Großhandel,wein-und-spirituosen/likoere/likoere-grosshandel
bz.32.10.09,bz.32.10,3,Liköre – Saison,wein-und-spirituosen/likoere/likoere-saison
bz.32.10.10,bz.32.10,3,Liköre – Zubehör,wein-und-spirituosen/likoere/likoere-zubehoer
bz.32.11,bz.32,2,Bier,wein-und-spirituosen/bier
bz.32.11.01,bz.32.11,3,Bier – Retail,wein-und-spirituosen/bier/bier-retail
bz.32.11.02,bz.32.11,3,Bier – Gastro,wein-und-spirituosen/bier/bier-gastro
bz.32.11.03,bz.32.11,3,Bier – Premium,wein-und-spirituosen/bier/bier-premium
bz.32.11.04,bz.32.11,3,Bier – Geschenk,wein-und-spirituosen/bier/bier-geschenk
bz.32.11.05,bz.32.11,3,Bier – International,wein-und-spirituosen/bier/bier-international
bz.32.11.06,bz.32.11,3,Bier – Bio,wein-und-spirituosen/bier/bier-bio
bz.32.11.07,bz.32.11,3,Bier – Alkoholfrei,wein-und-spirituosen/bier/bier-alkoholfrei
bz.32.11.08,bz.32.11,3,Bier – Großhandel,wein-und-spirituosen/bier/bier-grosshandel
bz.32.11.09,bz.32.11,3,Bier – Saison,wein-und-spirituosen/bier/bier-saison
bz.32.11.10,bz.32.11,3,Bier – Zubehör,wein-und-spirituosen/bier/bier-zubehoer
bz.32.12,bz.32,2,Getränkezubehör,wein-und-spirituosen/getraenkezubehoer
bz.32.12.01,bz.32.12,3,Getränkezubehör – Retail,wein-und-spirituosen/getraenkezubehoer/getraenkezubehoer-retail
bz.32.12.02,bz.32.12,3,Getränkezubehör – Gastro,wein-und-spirituosen/getraenkezubehoer/getraenkezubehoer-gastro
bz.32.12.03,bz.32.12,3,Getränkezubehör – Premium,wein-und-spirituosen/getraenkezubehoer/getraenkezubehoer-premium
bz.32.12.04,bz.32.12,3,Getränkezubehör – Geschenk,wein-und-spirituosen/getraenkezubehoer/getraenkezubehoer-geschenk
bz.32.12.05,bz.32.12,3,Getränkezubehör – International,wein-und-spirituosen/getraenkezubehoer/getraenkezubehoer-international
bz.32.12.06,bz.32.12,3,Getränkezubehör – Bio,wein-und-spirituosen/getraenkezubehoer/getraenkezubehoer-bio
bz.32.12.07,bz.32.12,3,Getränkezubehör – Alkoholfrei,wein-und-spirituosen/getraenkezubehoer/getraenkezubehoer-alkoholfrei
bz.32.12.08,bz.32.12,3,Getränkezubehör – Großhandel,wein-und-spirituosen/getraenkezubehoer/getraenkezubehoer-grosshandel
bz.32.12.09,bz.32.12,3,Getränkezubehör – Saison,wein-und-spirituosen/getraenkezubehoer/getraenkezubehoer-saison
bz.32.12.10,bz.32.12,3,Getränkezubehör – Zubehör,wein-und-spirituosen/getraenkezubehoer/getraenkezubehoer-zubehoer
bz.33,,1,Kaffee & Tee,kaffee-und-tee
bz.33.01,bz.33,2,Kaffeebohnen,kaffee-und-tee/kaffeebohnen
bz.33.01.01,bz.33.01,3,Kaffeebohnen – Retail,kaffee-und-tee/kaffeebohnen/kaffeebohnen-retail
bz.33.01.02,bz.33.01,3,Kaffeebohnen – Gastro,kaffee-und-tee/kaffeebohnen/kaffeebohnen-gastro
bz.33.01.03,bz.33.01,3,Kaffeebohnen – Barista,kaffee-und-tee/kaffeebohnen/kaffeebohnen-barista
bz.33.01.04,bz.33.01,3,Kaffeebohnen – Premium,kaffee-und-tee/kaffeebohnen/kaffeebohnen-premium
bz.33.01.05,bz.33.01,3,Kaffeebohnen – Bio,kaffee-und-tee/kaffeebohnen/kaffeebohnen-bio
bz.33.01.06,bz.33.01,3,Kaffeebohnen – Fairtrade,kaffee-und-tee/kaffeebohnen/kaffeebohnen-fairtrade
bz.33.01.07,bz.33.01,3,Kaffeebohnen – International,kaffee-und-tee/kaffeebohnen/kaffeebohnen-international
bz.33.01.08,bz.33.01,3,Kaffeebohnen – Großhandel,kaffee-und-tee/kaffeebohnen/kaffeebohnen-grosshandel
bz.33.01.09,bz.33.01,3,Kaffeebohnen – Geschenk,kaffee-und-tee/kaffeebohnen/kaffeebohnen-geschenk
bz.33.01.10,bz.33.01,3,Kaffeebohnen – Zubehör,kaffee-und-tee/kaffeebohnen/kaffeebohnen-zubehoer
bz.33.02,bz.33,2,Gemahlener Kaffee,kaffee-und-tee/gemahlener-kaffee
bz.33.02.01,bz.33.02,3,Gemahlener Kaffee – Retail,kaffee-und-tee/gemahlener-kaffee/gemahlener-kaffee-retail
bz.33.02.02,bz.33.02,3,Gemahlener Kaffee – Gastro,kaffee-und-tee/gemahlener-kaffee/gemahlener-kaffee-gastro
bz.33.02.03,bz.33.02,3,Gemahlener Kaffee – Barista,kaffee-und-tee/gemahlener-kaffee/gemahlener-kaffee-barista
bz.33.02.04,bz.33.02,3,Gemahlener Kaffee – Premium,kaffee-und-tee/gemahlener-kaffee/gemahlener-kaffee-premium
bz.33.02.05,bz.33.02,3,Gemahlener Kaffee – Bio,kaffee-und-tee/gemahlener-kaffee/gemahlener-kaffee-bio
bz.33.02.06,bz.33.02,3,Gemahlener Kaffee – Fairtrade,kaffee-und-tee/gemahlener-kaffee/gemahlener-kaffee-fairtrade
bz.33.02.07,bz.33.02,3,Gemahlener Kaffee – International,kaffee-und-tee/gemahlener-kaffee/gemahlener-kaffee-international
bz.33.02.08,bz.33.02,3,Gemahlener Kaffee – Großhandel,kaffee-und-tee/gemahlener-kaffee/gemahlener-kaffee-grosshandel
bz.33.02.09,bz.33.02,3,Gemahlener Kaffee – Geschenk,kaffee-und-tee/gemahlener-kaffee/gemahlener-kaffee-geschenk
bz.33.02.10,bz.33.02,3,Gemahlener Kaffee – Zubehör,kaffee-und-tee/gemahlener-kaffee/gemahlener-kaffee-zubehoer
bz.33.03,bz.33,2,Kapseln,kaffee-und-tee/kapseln
bz.33.03.01,bz.33.03,3,Kapseln – Retail,kaffee-und-tee/kapseln/kapseln-retail
bz.33.03.02,bz.33.03,3,Kapseln – Gastro,kaffee-und-tee/kapseln/kapseln-gastro
bz.33.03.03,bz.33.03,3,Kapseln – Barista,kaffee-und-tee/kapseln/kapseln-barista
bz.33.03.04,bz.33.03,3,Kapseln – Premium,kaffee-und-tee/kapseln/kapseln-premium
bz.33.03.05,bz.33.03,3,Kapseln – Bio,kaffee-und-tee/kapseln/kapseln-bio
bz.33.03.06,bz.33.03,3,Kapseln – Fairtrade,kaffee-und-tee/kapseln/kapseln-fairtrade
bz.33.03.07,bz.33.03,3,Kapseln – International,kaffee-und-tee/kapseln/kapseln-international
bz.33.03.08,bz.33.03,3,Kapseln – Großhandel,kaffee-und-tee/kapseln/kapseln-grosshandel
bz.33.03.09,bz.33.03,3,Kapseln – Geschenk,kaffee-und-tee/kapseln/kapseln-geschenk
bz.33.03.10,bz.33.03,3,Kapseln – Zubehör,kaffee-und-tee/kapseln/kapseln-zubehoer
bz.33.04,bz.33,2,Pads,kaffee-und-tee/pads
bz.33.04.01,bz.33.04,3,Pads – Retail,kaffee-und-tee/pads/pads-retail
bz.33.04.02,bz.33.04,3,Pads – Gastro,kaffee-und-tee/pads/pads-gastro
bz.33.04.03,bz.33.04,3,Pads – Barista,kaffee-und-tee/pads/pads-barista
bz.33.04.04,bz.33.04,3,Pads – Premium,kaffee-und-tee/pads/pads-premium
bz.33.04.05,bz.33.04,3,Pads – Bio,kaffee-und-tee/pads/pads-bio
bz.33.04.06,bz.33.04,3,Pads – Fairtrade,kaffee-und-tee/pads/pads-fairtrade
bz.33.04.07,bz.33.04,3,Pads – International,kaffee-und-tee/pads/pads-international
bz.33.04.08,bz.33.04,3,Pads – Großhandel,kaffee-und-tee/pads/pads-grosshandel
bz.33.04.09,bz.33.04,3,Pads – Geschenk,kaffee-und-tee/pads/pads-geschenk
bz.33.04.10,bz.33.04,3,Pads – Zubehör,kaffee-und-tee/pads/pads-zubehoer
bz.33.05,bz.33,2,Instantkaffee,kaffee-und-tee/instantkaffee
bz.33.05.01,bz.33.05,3,Instantkaffee – Retail,kaffee-und-tee/instantkaffee/instantkaffee-retail
bz.33.05.02,bz.33.05,3,Instantkaffee – Gastro,kaffee-und-tee/instantkaffee/instantkaffee-gastro
bz.33.05.03,bz.33.05,3,Instantkaffee – Barista,kaffee-und-tee/instantkaffee/instantkaffee-barista
bz.33.05.04,bz.33.05,3,Instantkaffee – Premium,kaffee-und-tee/instantkaffee/instantkaffee-premium
bz.33.05.05,bz.33.05,3,Instantkaffee – Bio,kaffee-und-tee/instantkaffee/instantkaffee-bio
bz.33.05.06,bz.33.05,3,Instantkaffee – Fairtrade,kaffee-und-tee/instantkaffee/instantkaffee-fairtrade
bz.33.05.07,bz.33.05,3,Instantkaffee – International,kaffee-und-tee/instantkaffee/instantkaffee-international
bz.33.05.08,bz.33.05,3,Instantkaffee – Großhandel,kaffee-und-tee/instantkaffee/instantkaffee-grosshandel
bz.33.05.09,bz.33.05,3,Instantkaffee – Geschenk,kaffee-und-tee/instantkaffee/instantkaffee-geschenk
bz.33.05.10,bz.33.05,3,Instantkaffee – Zubehör,kaffee-und-tee/instantkaffee/instantkaffee-zubehoer
bz.33.06,bz.33,2,Espresso,kaffee-und-tee/espresso
bz.33.06.01,bz.33.06,3,Espresso – Retail,kaffee-und-tee/espresso/espresso-retail
bz.33.06.02,bz.33.06,3,Espresso – Gastro,kaffee-und-tee/espresso/espresso-gastro
bz.33.06.03,bz.33.06,3,Espresso – Barista,kaffee-und-tee/espresso/espresso-barista
bz.33.06.04,bz.33.06,3,Espresso – Premium,kaffee-und-tee/espresso/espresso-premium
bz.33.06.05,bz.33.06,3,Espresso – Bio,kaffee-und-tee/espresso/espresso-bio
bz.33.06.06,bz.33.06,3,Espresso – Fairtrade,kaffee-und-tee/espresso/espresso-fairtrade
bz.33.06.07,bz.33.06,3,Espresso – International,kaffee-und-tee/espresso/espresso-international
bz.33.06.08,bz.33.06,3,Espresso – Großhandel,kaffee-und-tee/espresso/espresso-grosshandel
bz.33.06.09,bz.33.06,3,Espresso – Geschenk,kaffee-und-tee/espresso/espresso-geschenk
bz.33.06.10,bz.33.06,3,Espresso – Zubehör,kaffee-und-tee/espresso/espresso-zubehoer
bz.33.07,bz.33,2,Schwarztee,kaffee-und-tee/schwarztee
bz.33.07.01,bz.33.07,3,Schwarztee – Retail,kaffee-und-tee/schwarztee/schwarztee-retail
bz.33.07.02,bz.33.07,3,Schwarztee – Gastro,kaffee-und-tee/schwarztee/schwarztee-gastro
bz.33.07.03,bz.33.07,3,Schwarztee – Barista,kaffee-und-tee/schwarztee/schwarztee-barista
bz.33.07.04,bz.33.07,3,Schwarztee – Premium,kaffee-und-tee/schwarztee/schwarztee-premium
bz.33.07.05,bz.33.07,3,Schwarztee – Bio,kaffee-und-tee/schwarztee/schwarztee-bio
bz.33.07.06,bz.33.07,3,Schwarztee – Fairtrade,kaffee-und-tee/schwarztee/schwarztee-fairtrade
bz.33.07.07,bz.33.07,3,Schwarztee – International,kaffee-und-tee/schwarztee/schwarztee-international
bz.33.07.08,bz.33.07,3,Schwarztee – Großhandel,kaffee-und-tee/schwarztee/schwarztee-grosshandel
bz.33.07.09,bz.33.07,3,Schwarztee – Geschenk,kaffee-und-tee/schwarztee/schwarztee-geschenk
bz.33.07.10,bz.33.07,3,Schwarztee – Zubehör,kaffee-und-tee/schwarztee/schwarztee-zubehoer
bz.33.08,bz.33,2,Grüntee,kaffee-und-tee/gruentee
bz.33.08.01,bz.33.08,3,Grüntee – Retail,kaffee-und-tee/gruentee/gruentee-retail
bz.33.08.02,bz.33.08,3,Grüntee – Gastro,kaffee-und-tee/gruentee/gruentee-gastro
bz.33.08.03,bz.33.08,3,Grüntee – Barista,kaffee-und-tee/gruentee/gruentee-barista
bz.33.08.04,bz.33.08,3,Grüntee – Premium,kaffee-und-tee/gruentee/gruentee-premium
bz.33.08.05,bz.33.08,3,Grüntee – Bio,kaffee-und-tee/gruentee/gruentee-bio
bz.33.08.06,bz.33.08,3,Grüntee – Fairtrade,kaffee-und-tee/gruentee/gruentee-fairtrade
bz.33.08.07,bz.33.08,3,Grüntee – International,kaffee-und-tee/gruentee/gruentee-international
bz.33.08.08,bz.33.08,3,Grüntee – Großhandel,kaffee-und-tee/gruentee/gruentee-grosshandel
bz.33.08.09,bz.33.08,3,Grüntee – Geschenk,kaffee-und-tee/gruentee/gruentee-geschenk
bz.33.08.10,bz.33.08,3,Grüntee – Zubehör,kaffee-und-tee/gruentee/gruentee-zubehoer
bz.33.09,bz.33,2,Kräutertee,kaffee-und-tee/kraeutertee
bz.33.09.01,bz.33.09,3,Kräutertee – Retail,kaffee-und-tee/kraeutertee/kraeutertee-retail
bz.33.09.02,bz.33.09,3,Kräutertee – Gastro,kaffee-und-tee/kraeutertee/kraeutertee-gastro
bz.33.09.03,bz.33.09,3,Kräutertee – Barista,kaffee-und-tee/kraeutertee/kraeutertee-barista
bz.33.09.04,bz.33.09,3,Kräutertee – Premium,kaffee-und-tee/kraeutertee/kraeutertee-premium
bz.33.09.05,bz.33.09,3,Kräutertee – Bio,kaffee-und-tee/kraeutertee/kraeutertee-bio
bz.33.09.06,bz.33.09,3,Kräutertee – Fairtrade,kaffee-und-tee/kraeutertee/kraeutertee-fairtrade
bz.33.09.07,bz.33.09,3,Kräutertee – International,kaffee-und-tee/kraeutertee/kraeutertee-international
bz.33.09.08,bz.33.09,3,Kräutertee – Großhandel,kaffee-und-tee/kraeutertee/kraeutertee-grosshandel
bz.33.09.09,bz.33.09,3,Kräutertee – Geschenk,kaffee-und-tee/kraeutertee/kraeutertee-geschenk
bz.33.09.10,bz.33.09,3,Kräutertee – Zubehör,kaffee-und-tee/kraeutertee/kraeutertee-zubehoer
bz.33.10,bz.33,2,Früchtetee,kaffee-und-tee/fruechtetee
bz.33.10.01,bz.33.10,3,Früchtetee – Retail,kaffee-und-tee/fruechtetee/fruechtetee-retail
bz.33.10.02,bz.33.10,3,Früchtetee – Gastro,kaffee-und-tee/fruechtetee/fruechtetee-gastro
bz.33.10.03,bz.33.10,3,Früchtetee – Barista,kaffee-und-tee/fruechtetee/fruechtetee-barista
bz.33.10.04,bz.33.10,3,Früchtetee – Premium,kaffee-und-tee/fruechtetee/fruechtetee-premium
bz.33.10.05,bz.33.10,3,Früchtetee – Bio,kaffee-und-tee/fruechtetee/fruechtetee-bio
bz.33.10.06,bz.33.10,3,Früchtetee – Fairtrade,kaffee-und-tee/fruechtetee/fruechtetee-fairtrade
bz.33.10.07,bz.33.10,3,Früchtetee – International,kaffee-und-tee/fruechtetee/fruechtetee-international
bz.33.10.08,bz.33.10,3,Früchtetee – Großhandel,kaffee-und-tee/fruechtetee/fruechtetee-grosshandel
bz.33.10.09,bz.33.10,3,Früchtetee – Geschenk,kaffee-und-tee/fruechtetee/fruechtetee-geschenk
bz.33.10.10,bz.33.10,3,Früchtetee – Zubehör,kaffee-und-tee/fruechtetee/fruechtetee-zubehoer
bz.33.11,bz.33,2,Barista,kaffee-und-tee/barista
bz.33.11.01,bz.33.11,3,Barista – Retail,kaffee-und-tee/barista/barista-retail
bz.33.11.02,bz.33.11,3,Barista – Gastro,kaffee-und-tee/barista/barista-gastro
bz.33.11.03,bz.33.11,3,Barista – Barista,kaffee-und-tee/barista/barista-barista
bz.33.11.04,bz.33.11,3,Barista – Premium,kaffee-und-tee/barista/barista-premium
bz.33.11.05,bz.33.11,3,Barista – Bio,kaffee-und-tee/barista/barista-bio
bz.33.11.06,bz.33.11,3,Barista – Fairtrade,kaffee-und-tee/barista/barista-fairtrade
bz.33.11.07,bz.33.11,3,Barista – International,kaffee-und-tee/barista/barista-international
bz.33.11.08,bz.33.11,3,Barista – Großhandel,kaffee-und-tee/barista/barista-grosshandel
bz.33.11.09,bz.33.11,3,Barista – Geschenk,kaffee-und-tee/barista/barista-geschenk
bz.33.11.10,bz.33.11,3,Barista – Zubehör,kaffee-und-tee/barista/barista-zubehoer
bz.33.12,bz.33,2,Kaffeezubehör,kaffee-und-tee/kaffeezubehoer
bz.33.12.01,bz.33.12,3,Kaffeezubehör – Retail,kaffee-und-tee/kaffeezubehoer/kaffeezubehoer-retail
bz.33.12.02,bz.33.12,3,Kaffeezubehör – Gastro,kaffee-und-tee/kaffeezubehoer/kaffeezubehoer-gastro
bz.33.12.03,bz.33.12,3,Kaffeezubehör – Barista,kaffee-und-tee/kaffeezubehoer/kaffeezubehoer-barista
bz.33.12.04,bz.33.12,3,Kaffeezubehör – Premium,kaffee-und-tee/kaffeezubehoer/kaffeezubehoer-premium
bz.33.12.05,bz.33.12,3,Kaffeezubehör – Bio,kaffee-und-tee/kaffeezubehoer/kaffeezubehoer-bio
bz.33.12.06,bz.33.12,3,Kaffeezubehör – Fairtrade,kaffee-und-tee/kaffeezubehoer/kaffeezubehoer-fairtrade
bz.33.12.07,bz.33.12,3,Kaffeezubehör – International,kaffee-und-tee/kaffeezubehoer/kaffeezubehoer-international
bz.33.12.08,bz.33.12,3,Kaffeezubehör – Großhandel,kaffee-und-tee/kaffeezubehoer/kaffeezubehoer-grosshandel
bz.33.12.09,bz.33.12,3,Kaffeezubehör – Geschenk,kaffee-und-tee/kaffeezubehoer/kaffeezubehoer-geschenk
bz.33.12.10,bz.33.12,3,Kaffeezubehör – Zubehör,kaffee-und-tee/kaffeezubehoer/kaffeezubehoer-zubehoer
bz.34,,1,Gesundheit & Vitamine,gesundheit-und-vitamine
bz.34.01,bz.34,2,Vitamine,gesundheit-und-vitamine/vitamine
bz.34.01.01,bz.34.01,3,Vitamine – Erwachsene,gesundheit-und-vitamine/vitamine/vitamine-erwachsene
bz.34.01.02,bz.34.01,3,Vitamine – Senioren,gesundheit-und-vitamine/vitamine/vitamine-senioren
bz.34.01.03,bz.34.01,3,Vitamine – Sport,gesundheit-und-vitamine/vitamine/vitamine-sport
bz.34.01.04,bz.34.01,3,Vitamine – Wellness,gesundheit-und-vitamine/vitamine/vitamine-wellness
bz.34.01.05,bz.34.01,3,Vitamine – Pflege,gesundheit-und-vitamine/vitamine/vitamine-pflege
bz.34.01.06,bz.34.01,3,Vitamine – Gewerbe,gesundheit-und-vitamine/vitamine/vitamine-gewerbe
bz.34.01.07,bz.34.01,3,Vitamine – Profi,gesundheit-und-vitamine/vitamine/vitamine-profi
bz.34.01.08,bz.34.01,3,Vitamine – Travel,gesundheit-und-vitamine/vitamine/vitamine-travel
bz.34.01.09,bz.34.01,3,Vitamine – Set,gesundheit-und-vitamine/vitamine/vitamine-set
bz.34.01.10,bz.34.01,3,Vitamine – Zubehör,gesundheit-und-vitamine/vitamine/vitamine-zubehoer
bz.34.02,bz.34,2,Mineralien,gesundheit-und-vitamine/mineralien
bz.34.02.01,bz.34.02,3,Mineralien – Erwachsene,gesundheit-und-vitamine/mineralien/mineralien-erwachsene
bz.34.02.02,bz.34.02,3,Mineralien – Senioren,gesundheit-und-vitamine/mineralien/mineralien-senioren
bz.34.02.03,bz.34.02,3,Mineralien – Sport,gesundheit-und-vitamine/mineralien/mineralien-sport
bz.34.02.04,bz.34.02,3,Mineralien – Wellness,gesundheit-und-vitamine/mineralien/mineralien-wellness
bz.34.02.05,bz.34.02,3,Mineralien – Pflege,gesundheit-und-vitamine/mineralien/mineralien-pflege
bz.34.02.06,bz.34.02,3,Mineralien – Gewerbe,gesundheit-und-vitamine/mineralien/mineralien-gewerbe
bz.34.02.07,bz.34.02,3,Mineralien – Profi,gesundheit-und-vitamine/mineralien/mineralien-profi
bz.34.02.08,bz.34.02,3,Mineralien – Travel,gesundheit-und-vitamine/mineralien/mineralien-travel
bz.34.02.09,bz.34.02,3,Mineralien – Set,gesundheit-und-vitamine/mineralien/mineralien-set
bz.34.02.10,bz.34.02,3,Mineralien – Zubehör,gesundheit-und-vitamine/mineralien/mineralien-zubehoer
bz.34.03,bz.34,2,Mikronährstoffe,gesundheit-und-vitamine/mikronaehrstoffe
bz.34.03.01,bz.34.03,3,Mikronährstoffe – Erwachsene,gesundheit-und-vitamine/mikronaehrstoffe/mikronaehrstoffe-erwachsene
bz.34.03.02,bz.34.03,3,Mikronährstoffe – Senioren,gesundheit-und-vitamine/mikronaehrstoffe/mikronaehrstoffe-senioren
bz.34.03.03,bz.34.03,3,Mikronährstoffe – Sport,gesundheit-und-vitamine/mikronaehrstoffe/mikronaehrstoffe-sport
bz.34.03.04,bz.34.03,3,Mikronährstoffe – Wellness,gesundheit-und-vitamine/mikronaehrstoffe/mikronaehrstoffe-wellness
bz.34.03.05,bz.34.03,3,Mikronährstoffe – Pflege,gesundheit-und-vitamine/mikronaehrstoffe/mikronaehrstoffe-pflege
bz.34.03.06,bz.34.03,3,Mikronährstoffe – Gewerbe,gesundheit-und-vitamine/mikronaehrstoffe/mikronaehrstoffe-gewerbe
bz.34.03.07,bz.34.03,3,Mikronährstoffe – Profi,gesundheit-und-vitamine/mikronaehrstoffe/mikronaehrstoffe-profi
bz.34.03.08,bz.34.03,3,Mikronährstoffe – Travel,gesundheit-und-vitamine/mikronaehrstoffe/mikronaehrstoffe-travel
bz.34.03.09,bz.34.03,3,Mikronährstoffe – Set,gesundheit-und-vitamine/mikronaehrstoffe/mikronaehrstoffe-set
bz.34.03.10,bz.34.03,3,Mikronährstoffe – Zubehör,gesundheit-und-vitamine/mikronaehrstoffe/mikronaehrstoffe-zubehoer
bz.34.04,bz.34,2,Sporternährung,gesundheit-und-vitamine/sporternaehrung
bz.34.04.01,bz.34.04,3,Sporternährung – Erwachsene,gesundheit-und-vitamine/sporternaehrung/sporternaehrung-erwachsene
bz.34.04.02,bz.34.04,3,Sporternährung – Senioren,gesundheit-und-vitamine/sporternaehrung/sporternaehrung-senioren
bz.34.04.03,bz.34.04,3,Sporternährung – Sport,gesundheit-und-vitamine/sporternaehrung/sporternaehrung-sport
bz.34.04.04,bz.34.04,3,Sporternährung – Wellness,gesundheit-und-vitamine/sporternaehrung/sporternaehrung-wellness
bz.34.04.05,bz.34.04,3,Sporternährung – Pflege,gesundheit-und-vitamine/sporternaehrung/sporternaehrung-pflege
bz.34.04.06,bz.34.04,3,Sporternährung – Gewerbe,gesundheit-und-vitamine/sporternaehrung/sporternaehrung-gewerbe
bz.34.04.07,bz.34.04,3,Sporternährung – Profi,gesundheit-und-vitamine/sporternaehrung/sporternaehrung-profi
bz.34.04.08,bz.34.04,3,Sporternährung – Travel,gesundheit-und-vitamine/sporternaehrung/sporternaehrung-travel
bz.34.04.09,bz.34.04,3,Sporternährung – Set,gesundheit-und-vitamine/sporternaehrung/sporternaehrung-set
bz.34.04.10,bz.34.04,3,Sporternährung – Zubehör,gesundheit-und-vitamine/sporternaehrung/sporternaehrung-zubehoer
bz.34.05,bz.34,2,Protein,gesundheit-und-vitamine/protein
bz.34.05.01,bz.34.05,3,Protein – Erwachsene,gesundheit-und-vitamine/protein/protein-erwachsene
bz.34.05.02,bz.34.05,3,Protein – Senioren,gesundheit-und-vitamine/protein/protein-senioren
bz.34.05.03,bz.34.05,3,Protein – Sport,gesundheit-und-vitamine/protein/protein-sport
bz.34.05.04,bz.34.05,3,Protein – Wellness,gesundheit-und-vitamine/protein/protein-wellness
bz.34.05.05,bz.34.05,3,Protein – Pflege,gesundheit-und-vitamine/protein/protein-pflege
bz.34.05.06,bz.34.05,3,Protein – Gewerbe,gesundheit-und-vitamine/protein/protein-gewerbe
bz.34.05.07,bz.34.05,3,Protein – Profi,gesundheit-und-vitamine/protein/protein-profi
bz.34.05.08,bz.34.05,3,Protein – Travel,gesundheit-und-vitamine/protein/protein-travel
bz.34.05.09,bz.34.05,3,Protein – Set,gesundheit-und-vitamine/protein/protein-set
bz.34.05.10,bz.34.05,3,Protein – Zubehör,gesundheit-und-vitamine/protein/protein-zubehoer
bz.34.06,bz.34,2,Elektrolyte,gesundheit-und-vitamine/elektrolyte
bz.34.06.01,bz.34.06,3,Elektrolyte – Erwachsene,gesundheit-und-vitamine/elektrolyte/elektrolyte-erwachsene
bz.34.06.02,bz.34.06,3,Elektrolyte – Senioren,gesundheit-und-vitamine/elektrolyte/elektrolyte-senioren
bz.34.06.03,bz.34.06,3,Elektrolyte – Sport,gesundheit-und-vitamine/elektrolyte/elektrolyte-sport
bz.34.06.04,bz.34.06,3,Elektrolyte – Wellness,gesundheit-und-vitamine/elektrolyte/elektrolyte-wellness
bz.34.06.05,bz.34.06,3,Elektrolyte – Pflege,gesundheit-und-vitamine/elektrolyte/elektrolyte-pflege
bz.34.06.06,bz.34.06,3,Elektrolyte – Gewerbe,gesundheit-und-vitamine/elektrolyte/elektrolyte-gewerbe
bz.34.06.07,bz.34.06,3,Elektrolyte – Profi,gesundheit-und-vitamine/elektrolyte/elektrolyte-profi
bz.34.06.08,bz.34.06,3,Elektrolyte – Travel,gesundheit-und-vitamine/elektrolyte/elektrolyte-travel
bz.34.06.09,bz.34.06,3,Elektrolyte – Set,gesundheit-und-vitamine/elektrolyte/elektrolyte-set
bz.34.06.10,bz.34.06,3,Elektrolyte – Zubehör,gesundheit-und-vitamine/elektrolyte/elektrolyte-zubehoer
bz.34.07,bz.34,2,Erste Hilfe,gesundheit-und-vitamine/erste-hilfe
bz.34.07.01,bz.34.07,3,Erste Hilfe – Erwachsene,gesundheit-und-vitamine/erste-hilfe/erste-hilfe-erwachsene
bz.34.07.02,bz.34.07,3,Erste Hilfe – Senioren,gesundheit-und-vitamine/erste-hilfe/erste-hilfe-senioren
bz.34.07.03,bz.34.07,3,Erste Hilfe – Sport,gesundheit-und-vitamine/erste-hilfe/erste-hilfe-sport
bz.34.07.04,bz.34.07,3,Erste Hilfe – Wellness,gesundheit-und-vitamine/erste-hilfe/erste-hilfe-wellness
bz.34.07.05,bz.34.07,3,Erste Hilfe – Pflege,gesundheit-und-vitamine/erste-hilfe/erste-hilfe-pflege
bz.34.07.06,bz.34.07,3,Erste Hilfe – Gewerbe,gesundheit-und-vitamine/erste-hilfe/erste-hilfe-gewerbe
bz.34.07.07,bz.34.07,3,Erste Hilfe – Profi,gesundheit-und-vitamine/erste-hilfe/erste-hilfe-profi
bz.34.07.08,bz.34.07,3,Erste Hilfe – Travel,gesundheit-und-vitamine/erste-hilfe/erste-hilfe-travel
bz.34.07.09,bz.34.07,3,Erste Hilfe – Set,gesundheit-und-vitamine/erste-hilfe/erste-hilfe-set
bz.34.07.10,bz.34.07,3,Erste Hilfe – Zubehör,gesundheit-und-vitamine/erste-hilfe/erste-hilfe-zubehoer
bz.34.08,bz.34,2,Pflegebedarf,gesundheit-und-vitamine/pflegebedarf
bz.34.08.01,bz.34.08,3,Pflegebedarf – Erwachsene,gesundheit-und-vitamine/pflegebedarf/pflegebedarf-erwachsene
bz.34.08.02,bz.34.08,3,Pflegebedarf – Senioren,gesundheit-und-vitamine/pflegebedarf/pflegebedarf-senioren
bz.34.08.03,bz.34.08,3,Pflegebedarf – Sport,gesundheit-und-vitamine/pflegebedarf/pflegebedarf-sport
bz.34.08.04,bz.34.08,3,Pflegebedarf – Wellness,gesundheit-und-vitamine/pflegebedarf/pflegebedarf-wellness
bz.34.08.05,bz.34.08,3,Pflegebedarf – Pflege,gesundheit-und-vitamine/pflegebedarf/pflegebedarf-pflege
bz.34.08.06,bz.34.08,3,Pflegebedarf – Gewerbe,gesundheit-und-vitamine/pflegebedarf/pflegebedarf-gewerbe
bz.34.08.07,bz.34.08,3,Pflegebedarf – Profi,gesundheit-und-vitamine/pflegebedarf/pflegebedarf-profi
bz.34.08.08,bz.34.08,3,Pflegebedarf – Travel,gesundheit-und-vitamine/pflegebedarf/pflegebedarf-travel
bz.34.08.09,bz.34.08,3,Pflegebedarf – Set,gesundheit-und-vitamine/pflegebedarf/pflegebedarf-set
bz.34.08.10,bz.34.08,3,Pflegebedarf – Zubehör,gesundheit-und-vitamine/pflegebedarf/pflegebedarf-zubehoer
bz.34.09,bz.34,2,Messgeräte,gesundheit-und-vitamine/messgeraete
bz.34.09.01,bz.34.09,3,Messgeräte – Erwachsene,gesundheit-und-vitamine/messgeraete/messgeraete-erwachsene
bz.34.09.02,bz.34.09,3,Messgeräte – Senioren,gesundheit-und-vitamine/messgeraete/messgeraete-senioren
bz.34.09.03,bz.34.09,3,Messgeräte – Sport,gesundheit-und-vitamine/messgeraete/messgeraete-sport
bz.34.09.04,bz.34.09,3,Messgeräte – Wellness,gesundheit-und-vitamine/messgeraete/messgeraete-wellness
bz.34.09.05,bz.34.09,3,Messgeräte – Pflege,gesundheit-und-vitamine/messgeraete/messgeraete-pflege
bz.34.09.06,bz.34.09,3,Messgeräte – Gewerbe,gesundheit-und-vitamine/messgeraete/messgeraete-gewerbe
bz.34.09.07,bz.34.09,3,Messgeräte – Profi,gesundheit-und-vitamine/messgeraete/messgeraete-profi
bz.34.09.08,bz.34.09,3,Messgeräte – Travel,gesundheit-und-vitamine/messgeraete/messgeraete-travel
bz.34.09.09,bz.34.09,3,Messgeräte – Set,gesundheit-und-vitamine/messgeraete/messgeraete-set
bz.34.09.10,bz.34.09,3,Messgeräte – Zubehör,gesundheit-und-vitamine/messgeraete/messgeraete-zubehoer
bz.34.10,bz.34,2,Wellness,gesundheit-und-vitamine/wellness
bz.34.10.01,bz.34.10,3,Wellness – Erwachsene,gesundheit-und-vitamine/wellness/wellness-erwachsene
bz.34.10.02,bz.34.10,3,Wellness – Senioren,gesundheit-und-vitamine/wellness/wellness-senioren
bz.34.10.03,bz.34.10,3,Wellness – Sport,gesundheit-und-vitamine/wellness/wellness-sport
bz.34.10.04,bz.34.10,3,Wellness – Wellness,gesundheit-und-vitamine/wellness/wellness-wellness
bz.34.10.05,bz.34.10,3,Wellness – Pflege,gesundheit-und-vitamine/wellness/wellness-pflege
bz.34.10.06,bz.34.10,3,Wellness – Gewerbe,gesundheit-und-vitamine/wellness/wellness-gewerbe
bz.34.10.07,bz.34.10,3,Wellness – Profi,gesundheit-und-vitamine/wellness/wellness-profi
bz.34.10.08,bz.34.10,3,Wellness – Travel,gesundheit-und-vitamine/wellness/wellness-travel
bz.34.10.09,bz.34.10,3,Wellness – Set,gesundheit-und-vitamine/wellness/wellness-set
bz.34.10.10,bz.34.10,3,Wellness – Zubehör,gesundheit-und-vitamine/wellness/wellness-zubehoer
bz.34.11,bz.34,2,Schlaf & Entspannung,gesundheit-und-vitamine/schlaf-und-entspannung
bz.34.11.01,bz.34.11,3,Schlaf & Entspannung – Erwachsene,gesundheit-und-vitamine/schlaf-und-entspannung/schlaf-und-entspannung-erwachsene
bz.34.11.02,bz.34.11,3,Schlaf & Entspannung – Senioren,gesundheit-und-vitamine/schlaf-und-entspannung/schlaf-und-entspannung-senioren
bz.34.11.03,bz.34.11,3,Schlaf & Entspannung – Sport,gesundheit-und-vitamine/schlaf-und-entspannung/schlaf-und-entspannung-sport
bz.34.11.04,bz.34.11,3,Schlaf & Entspannung – Wellness,gesundheit-und-vitamine/schlaf-und-entspannung/schlaf-und-entspannung-wellness
bz.34.11.05,bz.34.11,3,Schlaf & Entspannung – Pflege,gesundheit-und-vitamine/schlaf-und-entspannung/schlaf-und-entspannung-pflege
bz.34.11.06,bz.34.11,3,Schlaf & Entspannung – Gewerbe,gesundheit-und-vitamine/schlaf-und-entspannung/schlaf-und-entspannung-gewerbe
bz.34.11.07,bz.34.11,3,Schlaf & Entspannung – Profi,gesundheit-und-vitamine/schlaf-und-entspannung/schlaf-und-entspannung-profi
bz.34.11.08,bz.34.11,3,Schlaf & Entspannung – Travel,gesundheit-und-vitamine/schlaf-und-entspannung/schlaf-und-entspannung-travel
bz.34.11.09,bz.34.11,3,Schlaf & Entspannung – Set,gesundheit-und-vitamine/schlaf-und-entspannung/schlaf-und-entspannung-set
bz.34.11.10,bz.34.11,3,Schlaf & Entspannung – Zubehör,gesundheit-und-vitamine/schlaf-und-entspannung/schlaf-und-entspannung-zubehoer
bz.34.12,bz.34,2,Gesundheitszubehör,gesundheit-und-vitamine/gesundheitszubehoer
bz.34.12.01,bz.34.12,3,Gesundheitszubehör – Erwachsene,gesundheit-und-vitamine/gesundheitszubehoer/gesundheitszubehoer-erwachsene
bz.34.12.02,bz.34.12,3,Gesundheitszubehör – Senioren,gesundheit-und-vitamine/gesundheitszubehoer/gesundheitszubehoer-senioren
bz.34.12.03,bz.34.12,3,Gesundheitszubehör – Sport,gesundheit-und-vitamine/gesundheitszubehoer/gesundheitszubehoer-sport
bz.34.12.04,bz.34.12,3,Gesundheitszubehör – Wellness,gesundheit-und-vitamine/gesundheitszubehoer/gesundheitszubehoer-wellness
bz.34.12.05,bz.34.12,3,Gesundheitszubehör – Pflege,gesundheit-und-vitamine/gesundheitszubehoer/gesundheitszubehoer-pflege
bz.34.12.06,bz.34.12,3,Gesundheitszubehör – Gewerbe,gesundheit-und-vitamine/gesundheitszubehoer/gesundheitszubehoer-gewerbe
bz.34.12.07,bz.34.12,3,Gesundheitszubehör – Profi,gesundheit-und-vitamine/gesundheitszubehoer/gesundheitszubehoer-profi
bz.34.12.08,bz.34.12,3,Gesundheitszubehör – Travel,gesundheit-und-vitamine/gesundheitszubehoer/gesundheitszubehoer-travel
bz.34.12.09,bz.34.12,3,Gesundheitszubehör – Set,gesundheit-und-vitamine/gesundheitszubehoer/gesundheitszubehoer-set
bz.34.12.10,bz.34.12,3,Gesundheitszubehör – Zubehör,gesundheit-und-vitamine/gesundheitszubehoer/gesundheitszubehoer-zubehoer
bz.35,,1,Haushalt & Hygiene,haushalt-und-hygiene
bz.35.01,bz.35,2,Toilettenpapier,haushalt-und-hygiene/toilettenpapier
bz.35.01.01,bz.35.01,3,Toilettenpapier – Privat,haushalt-und-hygiene/toilettenpapier/toilettenpapier-privat
bz.35.01.02,bz.35.01,3,Toilettenpapier – Gewerbe,haushalt-und-hygiene/toilettenpapier/toilettenpapier-gewerbe
bz.35.01.03,bz.35.01,3,Toilettenpapier – Gastro,haushalt-und-hygiene/toilettenpapier/toilettenpapier-gastro
bz.35.01.04,bz.35.01,3,Toilettenpapier – Hotel,haushalt-und-hygiene/toilettenpapier/toilettenpapier-hotel
bz.35.01.05,bz.35.01,3,Toilettenpapier – Industrie,haushalt-und-hygiene/toilettenpapier/toilettenpapier-industrie
bz.35.01.06,bz.35.01,3,Toilettenpapier – Retail,haushalt-und-hygiene/toilettenpapier/toilettenpapier-retail
bz.35.01.07,bz.35.01,3,Toilettenpapier – Großgebinde,haushalt-und-hygiene/toilettenpapier/toilettenpapier-grossgebinde
bz.35.01.08,bz.35.01,3,Toilettenpapier – Nachfüllung,haushalt-und-hygiene/toilettenpapier/toilettenpapier-nachfuellung
bz.35.01.09,bz.35.01,3,Toilettenpapier – Profi,haushalt-und-hygiene/toilettenpapier/toilettenpapier-profi
bz.35.01.10,bz.35.01,3,Toilettenpapier – Zubehör,haushalt-und-hygiene/toilettenpapier/toilettenpapier-zubehoer
bz.35.02,bz.35,2,Küchenrollen,haushalt-und-hygiene/kuechenrollen
bz.35.02.01,bz.35.02,3,Küchenrollen – Privat,haushalt-und-hygiene/kuechenrollen/kuechenrollen-privat
bz.35.02.02,bz.35.02,3,Küchenrollen – Gewerbe,haushalt-und-hygiene/kuechenrollen/kuechenrollen-gewerbe
bz.35.02.03,bz.35.02,3,Küchenrollen – Gastro,haushalt-und-hygiene/kuechenrollen/kuechenrollen-gastro
bz.35.02.04,bz.35.02,3,Küchenrollen – Hotel,haushalt-und-hygiene/kuechenrollen/kuechenrollen-hotel
bz.35.02.05,bz.35.02,3,Küchenrollen – Industrie,haushalt-und-hygiene/kuechenrollen/kuechenrollen-industrie
bz.35.02.06,bz.35.02,3,Küchenrollen – Retail,haushalt-und-hygiene/kuechenrollen/kuechenrollen-retail
bz.35.02.07,bz.35.02,3,Küchenrollen – Großgebinde,haushalt-und-hygiene/kuechenrollen/kuechenrollen-grossgebinde
bz.35.02.08,bz.35.02,3,Küchenrollen – Nachfüllung,haushalt-und-hygiene/kuechenrollen/kuechenrollen-nachfuellung
bz.35.02.09,bz.35.02,3,Küchenrollen – Profi,haushalt-und-hygiene/kuechenrollen/kuechenrollen-profi
bz.35.02.10,bz.35.02,3,Küchenrollen – Zubehör,haushalt-und-hygiene/kuechenrollen/kuechenrollen-zubehoer
bz.35.03,bz.35,2,Taschentücher,haushalt-und-hygiene/taschentuecher
bz.35.03.01,bz.35.03,3,Taschentücher – Privat,haushalt-und-hygiene/taschentuecher/taschentuecher-privat
bz.35.03.02,bz.35.03,3,Taschentücher – Gewerbe,haushalt-und-hygiene/taschentuecher/taschentuecher-gewerbe
bz.35.03.03,bz.35.03,3,Taschentücher – Gastro,haushalt-und-hygiene/taschentuecher/taschentuecher-gastro
bz.35.03.04,bz.35.03,3,Taschentücher – Hotel,haushalt-und-hygiene/taschentuecher/taschentuecher-hotel
bz.35.03.05,bz.35.03,3,Taschentücher – Industrie,haushalt-und-hygiene/taschentuecher/taschentuecher-industrie
bz.35.03.06,bz.35.03,3,Taschentücher – Retail,haushalt-und-hygiene/taschentuecher/taschentuecher-retail
bz.35.03.07,bz.35.03,3,Taschentücher – Großgebinde,haushalt-und-hygiene/taschentuecher/taschentuecher-grossgebinde
bz.35.03.08,bz.35.03,3,Taschentücher – Nachfüllung,haushalt-und-hygiene/taschentuecher/taschentuecher-nachfuellung
bz.35.03.09,bz.35.03,3,Taschentücher – Profi,haushalt-und-hygiene/taschentuecher/taschentuecher-profi
bz.35.03.10,bz.35.03,3,Taschentücher – Zubehör,haushalt-und-hygiene/taschentuecher/taschentuecher-zubehoer
bz.35.04,bz.35,2,Feuchttücher,haushalt-und-hygiene/feuchttuecher
bz.35.04.01,bz.35.04,3,Feuchttücher – Privat,haushalt-und-hygiene/feuchttuecher/feuchttuecher-privat
bz.35.04.02,bz.35.04,3,Feuchttücher – Gewerbe,haushalt-und-hygiene/feuchttuecher/feuchttuecher-gewerbe
bz.35.04.03,bz.35.04,3,Feuchttücher – Gastro,haushalt-und-hygiene/feuchttuecher/feuchttuecher-gastro
bz.35.04.04,bz.35.04,3,Feuchttücher – Hotel,haushalt-und-hygiene/feuchttuecher/feuchttuecher-hotel
bz.35.04.05,bz.35.04,3,Feuchttücher – Industrie,haushalt-und-hygiene/feuchttuecher/feuchttuecher-industrie
bz.35.04.06,bz.35.04,3,Feuchttücher – Retail,haushalt-und-hygiene/feuchttuecher/feuchttuecher-retail
bz.35.04.07,bz.35.04,3,Feuchttücher – Großgebinde,haushalt-und-hygiene/feuchttuecher/feuchttuecher-grossgebinde
bz.35.04.08,bz.35.04,3,Feuchttücher – Nachfüllung,haushalt-und-hygiene/feuchttuecher/feuchttuecher-nachfuellung
bz.35.04.09,bz.35.04,3,Feuchttücher – Profi,haushalt-und-hygiene/feuchttuecher/feuchttuecher-profi
bz.35.04.10,bz.35.04,3,Feuchttücher – Zubehör,haushalt-und-hygiene/feuchttuecher/feuchttuecher-zubehoer
bz.35.05,bz.35,2,Waschmittel,haushalt-und-hygiene/waschmittel
bz.35.05.01,bz.35.05,3,Waschmittel – Privat,haushalt-und-hygiene/waschmittel/waschmittel-privat
bz.35.05.02,bz.35.05,3,Waschmittel – Gewerbe,haushalt-und-hygiene/waschmittel/waschmittel-gewerbe
bz.35.05.03,bz.35.05,3,Waschmittel – Gastro,haushalt-und-hygiene/waschmittel/waschmittel-gastro
bz.35.05.04,bz.35.05,3,Waschmittel – Hotel,haushalt-und-hygiene/waschmittel/waschmittel-hotel
bz.35.05.05,bz.35.05,3,Waschmittel – Industrie,haushalt-und-hygiene/waschmittel/waschmittel-industrie
bz.35.05.06,bz.35.05,3,Waschmittel – Retail,haushalt-und-hygiene/waschmittel/waschmittel-retail
bz.35.05.07,bz.35.05,3,Waschmittel – Großgebinde,haushalt-und-hygiene/waschmittel/waschmittel-grossgebinde
bz.35.05.08,bz.35.05,3,Waschmittel – Nachfüllung,haushalt-und-hygiene/waschmittel/waschmittel-nachfuellung
bz.35.05.09,bz.35.05,3,Waschmittel – Profi,haushalt-und-hygiene/waschmittel/waschmittel-profi
bz.35.05.10,bz.35.05,3,Waschmittel – Zubehör,haushalt-und-hygiene/waschmittel/waschmittel-zubehoer
bz.35.06,bz.35,2,Weichspüler,haushalt-und-hygiene/weichspueler
bz.35.06.01,bz.35.06,3,Weichspüler – Privat,haushalt-und-hygiene/weichspueler/weichspueler-privat
bz.35.06.02,bz.35.06,3,Weichspüler – Gewerbe,haushalt-und-hygiene/weichspueler/weichspueler-gewerbe
bz.35.06.03,bz.35.06,3,Weichspüler – Gastro,haushalt-und-hygiene/weichspueler/weichspueler-gastro
bz.35.06.04,bz.35.06,3,Weichspüler – Hotel,haushalt-und-hygiene/weichspueler/weichspueler-hotel
bz.35.06.05,bz.35.06,3,Weichspüler – Industrie,haushalt-und-hygiene/weichspueler/weichspueler-industrie
bz.35.06.06,bz.35.06,3,Weichspüler – Retail,haushalt-und-hygiene/weichspueler/weichspueler-retail
bz.35.06.07,bz.35.06,3,Weichspüler – Großgebinde,haushalt-und-hygiene/weichspueler/weichspueler-grossgebinde
bz.35.06.08,bz.35.06,3,Weichspüler – Nachfüllung,haushalt-und-hygiene/weichspueler/weichspueler-nachfuellung
bz.35.06.09,bz.35.06,3,Weichspüler – Profi,haushalt-und-hygiene/weichspueler/weichspueler-profi
bz.35.06.10,bz.35.06,3,Weichspüler – Zubehör,haushalt-und-hygiene/weichspueler/weichspueler-zubehoer
bz.35.07,bz.35,2,Spülmittel,haushalt-und-hygiene/spuelmittel
bz.35.07.01,bz.35.07,3,Spülmittel – Privat,haushalt-und-hygiene/spuelmittel/spuelmittel-privat
bz.35.07.02,bz.35.07,3,Spülmittel – Gewerbe,haushalt-und-hygiene/spuelmittel/spuelmittel-gewerbe
bz.35.07.03,bz.35.07,3,Spülmittel – Gastro,haushalt-und-hygiene/spuelmittel/spuelmittel-gastro
bz.35.07.04,bz.35.07,3,Spülmittel – Hotel,haushalt-und-hygiene/spuelmittel/spuelmittel-hotel
bz.35.07.05,bz.35.07,3,Spülmittel – Industrie,haushalt-und-hygiene/spuelmittel/spuelmittel-industrie
bz.35.07.06,bz.35.07,3,Spülmittel – Retail,haushalt-und-hygiene/spuelmittel/spuelmittel-retail
bz.35.07.07,bz.35.07,3,Spülmittel – Großgebinde,haushalt-und-hygiene/spuelmittel/spuelmittel-grossgebinde
bz.35.07.08,bz.35.07,3,Spülmittel – Nachfüllung,haushalt-und-hygiene/spuelmittel/spuelmittel-nachfuellung
bz.35.07.09,bz.35.07,3,Spülmittel – Profi,haushalt-und-hygiene/spuelmittel/spuelmittel-profi
bz.35.07.10,bz.35.07,3,Spülmittel – Zubehör,haushalt-und-hygiene/spuelmittel/spuelmittel-zubehoer
bz.35.08,bz.35,2,Reinigungsmittel,haushalt-und-hygiene/reinigungsmittel
bz.35.08.01,bz.35.08,3,Reinigungsmittel – Privat,haushalt-und-hygiene/reinigungsmittel/reinigungsmittel-privat
bz.35.08.02,bz.35.08,3,Reinigungsmittel – Gewerbe,haushalt-und-hygiene/reinigungsmittel/reinigungsmittel-gewerbe
bz.35.08.03,bz.35.08,3,Reinigungsmittel – Gastro,haushalt-und-hygiene/reinigungsmittel/reinigungsmittel-gastro
bz.35.08.04,bz.35.08,3,Reinigungsmittel – Hotel,haushalt-und-hygiene/reinigungsmittel/reinigungsmittel-hotel
bz.35.08.05,bz.35.08,3,Reinigungsmittel – Industrie,haushalt-und-hygiene/reinigungsmittel/reinigungsmittel-industrie
bz.35.08.06,bz.35.08,3,Reinigungsmittel – Retail,haushalt-und-hygiene/reinigungsmittel/reinigungsmittel-retail
bz.35.08.07,bz.35.08,3,Reinigungsmittel – Großgebinde,haushalt-und-hygiene/reinigungsmittel/reinigungsmittel-grossgebinde
bz.35.08.08,bz.35.08,3,Reinigungsmittel – Nachfüllung,haushalt-und-hygiene/reinigungsmittel/reinigungsmittel-nachfuellung
bz.35.08.09,bz.35.08,3,Reinigungsmittel – Profi,haushalt-und-hygiene/reinigungsmittel/reinigungsmittel-profi
bz.35.08.10,bz.35.08,3,Reinigungsmittel – Zubehör,haushalt-und-hygiene/reinigungsmittel/reinigungsmittel-zubehoer
bz.35.09,bz.35,2,Müllbeutel,haushalt-und-hygiene/muellbeutel
bz.35.09.01,bz.35.09,3,Müllbeutel – Privat,haushalt-und-hygiene/muellbeutel/muellbeutel-privat
bz.35.09.02,bz.35.09,3,Müllbeutel – Gewerbe,haushalt-und-hygiene/muellbeutel/muellbeutel-gewerbe
bz.35.09.03,bz.35.09,3,Müllbeutel – Gastro,haushalt-und-hygiene/muellbeutel/muellbeutel-gastro
bz.35.09.04,bz.35.09,3,Müllbeutel – Hotel,haushalt-und-hygiene/muellbeutel/muellbeutel-hotel
bz.35.09.05,bz.35.09,3,Müllbeutel – Industrie,haushalt-und-hygiene/muellbeutel/muellbeutel-industrie
bz.35.09.06,bz.35.09,3,Müllbeutel – Retail,haushalt-und-hygiene/muellbeutel/muellbeutel-retail
bz.35.09.07,bz.35.09,3,Müllbeutel – Großgebinde,haushalt-und-hygiene/muellbeutel/muellbeutel-grossgebinde
bz.35.09.08,bz.35.09,3,Müllbeutel – Nachfüllung,haushalt-und-hygiene/muellbeutel/muellbeutel-nachfuellung
bz.35.09.09,bz.35.09,3,Müllbeutel – Profi,haushalt-und-hygiene/muellbeutel/muellbeutel-profi
bz.35.09.10,bz.35.09,3,Müllbeutel – Zubehör,haushalt-und-hygiene/muellbeutel/muellbeutel-zubehoer
bz.35.10,bz.35,2,Einweghandschuhe,haushalt-und-hygiene/einweghandschuhe
bz.35.10.01,bz.35.10,3,Einweghandschuhe – Privat,haushalt-und-hygiene/einweghandschuhe/einweghandschuhe-privat
bz.35.10.02,bz.35.10,3,Einweghandschuhe – Gewerbe,haushalt-und-hygiene/einweghandschuhe/einweghandschuhe-gewerbe
bz.35.10.03,bz.35.10,3,Einweghandschuhe – Gastro,haushalt-und-hygiene/einweghandschuhe/einweghandschuhe-gastro
bz.35.10.04,bz.35.10,3,Einweghandschuhe – Hotel,haushalt-und-hygiene/einweghandschuhe/einweghandschuhe-hotel
bz.35.10.05,bz.35.10,3,Einweghandschuhe – Industrie,haushalt-und-hygiene/einweghandschuhe/einweghandschuhe-industrie
bz.35.10.06,bz.35.10,3,Einweghandschuhe – Retail,haushalt-und-hygiene/einweghandschuhe/einweghandschuhe-retail
bz.35.10.07,bz.35.10,3,Einweghandschuhe – Großgebinde,haushalt-und-hygiene/einweghandschuhe/einweghandschuhe-grossgebinde
bz.35.10.08,bz.35.10,3,Einweghandschuhe – Nachfüllung,haushalt-und-hygiene/einweghandschuhe/einweghandschuhe-nachfuellung
bz.35.10.09,bz.35.10,3,Einweghandschuhe – Profi,haushalt-und-hygiene/einweghandschuhe/einweghandschuhe-profi
bz.35.10.10,bz.35.10,3,Einweghandschuhe – Zubehör,haushalt-und-hygiene/einweghandschuhe/einweghandschuhe-zubehoer
bz.35.11,bz.35,2,Folien & Backpapier,haushalt-und-hygiene/folien-und-backpapier
bz.35.11.01,bz.35.11,3,Folien & Backpapier – Privat,haushalt-und-hygiene/folien-und-backpapier/folien-und-backpapier-privat
bz.35.11.02,bz.35.11,3,Folien & Backpapier – Gewerbe,haushalt-und-hygiene/folien-und-backpapier/folien-und-backpapier-gewerbe
bz.35.11.03,bz.35.11,3,Folien & Backpapier – Gastro,haushalt-und-hygiene/folien-und-backpapier/folien-und-backpapier-gastro
bz.35.11.04,bz.35.11,3,Folien & Backpapier – Hotel,haushalt-und-hygiene/folien-und-backpapier/folien-und-backpapier-hotel
bz.35.11.05,bz.35.11,3,Folien & Backpapier – Industrie,haushalt-und-hygiene/folien-und-backpapier/folien-und-backpapier-industrie
bz.35.11.06,bz.35.11,3,Folien & Backpapier – Retail,haushalt-und-hygiene/folien-und-backpapier/folien-und-backpapier-retail
bz.35.11.07,bz.35.11,3,Folien & Backpapier – Großgebinde,haushalt-und-hygiene/folien-und-backpapier/folien-und-backpapier-grossgebinde
bz.35.11.08,bz.35.11,3,Folien & Backpapier – Nachfüllung,haushalt-und-hygiene/folien-und-backpapier/folien-und-backpapier-nachfuellung
bz.35.11.09,bz.35.11,3,Folien & Backpapier – Profi,haushalt-und-hygiene/folien-und-backpapier/folien-und-backpapier-profi
bz.35.11.10,bz.35.11,3,Folien & Backpapier – Zubehör,haushalt-und-hygiene/folien-und-backpapier/folien-und-backpapier-zubehoer
bz.35.12,bz.35,2,Hygiene-Großgebinde,haushalt-und-hygiene/hygiene-grossgebinde
bz.35.12.01,bz.35.12,3,Hygiene-Großgebinde – Privat,haushalt-und-hygiene/hygiene-grossgebinde/hygiene-grossgebinde-privat
bz.35.12.02,bz.35.12,3,Hygiene-Großgebinde – Gewerbe,haushalt-und-hygiene/hygiene-grossgebinde/hygiene-grossgebinde-gewerbe
bz.35.12.03,bz.35.12,3,Hygiene-Großgebinde – Gastro,haushalt-und-hygiene/hygiene-grossgebinde/hygiene-grossgebinde-gastro
bz.35.12.04,bz.35.12,3,Hygiene-Großgebinde – Hotel,haushalt-und-hygiene/hygiene-grossgebinde/hygiene-grossgebinde-hotel
bz.35.12.05,bz.35.12,3,Hygiene-Großgebinde – Industrie,haushalt-und-hygiene/hygiene-grossgebinde/hygiene-grossgebinde-industrie
bz.35.12.06,bz.35.12,3,Hygiene-Großgebinde – Retail,haushalt-und-hygiene/hygiene-grossgebinde/hygiene-grossgebinde-retail
bz.35.12.07,bz.35.12,3,Hygiene-Großgebinde – Großgebinde,haushalt-und-hygiene/hygiene-grossgebinde/hygiene-grossgebinde-grossgebinde
bz.35.12.08,bz.35.12,3,Hygiene-Großgebinde – Nachfüllung,haushalt-und-hygiene/hygiene-grossgebinde/hygiene-grossgebinde-nachfuellung
bz.35.12.09,bz.35.12,3,Hygiene-Großgebinde – Profi,haushalt-und-hygiene/hygiene-grossgebinde/hygiene-grossgebinde-profi
bz.35.12.10,bz.35.12,3,Hygiene-Großgebinde – Zubehör,haushalt-und-hygiene/hygiene-grossgebinde/hygiene-grossgebinde-zubehoer
bz.36,,1,Heizen & Klima,heizen-und-klima
bz.36.01,bz.36,2,Heizlüfter,heizen-und-klima/heizluefter
bz.36.01.01,bz.36.01,3,Heizlüfter – Privat,heizen-und-klima/heizluefter/heizluefter-privat
bz.36.01.02,bz.36.01,3,Heizlüfter – Gewerbe,heizen-und-klima/heizluefter/heizluefter-gewerbe
bz.36.01.03,bz.36.01,3,Heizlüfter – Industrie,heizen-und-klima/heizluefter/heizluefter-industrie
bz.36.01.04,bz.36.01,3,Heizlüfter – Mobil,heizen-und-klima/heizluefter/heizluefter-mobil
bz.36.01.05,bz.36.01,3,Heizlüfter – Stationär,heizen-und-klima/heizluefter/heizluefter-stationaer
bz.36.01.06,bz.36.01,3,Heizlüfter – Smart,heizen-und-klima/heizluefter/heizluefter-smart
bz.36.01.07,bz.36.01,3,Heizlüfter – Energieeffizienz,heizen-und-klima/heizluefter/heizluefter-energieeffizienz
bz.36.01.08,bz.36.01,3,Heizlüfter – Solar,heizen-und-klima/heizluefter/heizluefter-solar
bz.36.01.09,bz.36.01,3,Heizlüfter – Profi,heizen-und-klima/heizluefter/heizluefter-profi
bz.36.01.10,bz.36.01,3,Heizlüfter – Zubehör,heizen-und-klima/heizluefter/heizluefter-zubehoer
bz.36.02,bz.36,2,Radiatoren,heizen-und-klima/radiatoren
bz.36.02.01,bz.36.02,3,Radiatoren – Privat,heizen-und-klima/radiatoren/radiatoren-privat
bz.36.02.02,bz.36.02,3,Radiatoren – Gewerbe,heizen-und-klima/radiatoren/radiatoren-gewerbe
bz.36.02.03,bz.36.02,3,Radiatoren – Industrie,heizen-und-klima/radiatoren/radiatoren-industrie
bz.36.02.04,bz.36.02,3,Radiatoren – Mobil,heizen-und-klima/radiatoren/radiatoren-mobil
bz.36.02.05,bz.36.02,3,Radiatoren – Stationär,heizen-und-klima/radiatoren/radiatoren-stationaer
bz.36.02.06,bz.36.02,3,Radiatoren – Smart,heizen-und-klima/radiatoren/radiatoren-smart
bz.36.02.07,bz.36.02,3,Radiatoren – Energieeffizienz,heizen-und-klima/radiatoren/radiatoren-energieeffizienz
bz.36.02.08,bz.36.02,3,Radiatoren – Solar,heizen-und-klima/radiatoren/radiatoren-solar
bz.36.02.09,bz.36.02,3,Radiatoren – Profi,heizen-und-klima/radiatoren/radiatoren-profi
bz.36.02.10,bz.36.02,3,Radiatoren – Zubehör,heizen-und-klima/radiatoren/radiatoren-zubehoer
bz.36.03,bz.36,2,Infrarotheizung,heizen-und-klima/infrarotheizung
bz.36.03.01,bz.36.03,3,Infrarotheizung – Privat,heizen-und-klima/infrarotheizung/infrarotheizung-privat
bz.36.03.02,bz.36.03,3,Infrarotheizung – Gewerbe,heizen-und-klima/infrarotheizung/infrarotheizung-gewerbe
bz.36.03.03,bz.36.03,3,Infrarotheizung – Industrie,heizen-und-klima/infrarotheizung/infrarotheizung-industrie
bz.36.03.04,bz.36.03,3,Infrarotheizung – Mobil,heizen-und-klima/infrarotheizung/infrarotheizung-mobil
bz.36.03.05,bz.36.03,3,Infrarotheizung – Stationär,heizen-und-klima/infrarotheizung/infrarotheizung-stationaer
bz.36.03.06,bz.36.03,3,Infrarotheizung – Smart,heizen-und-klima/infrarotheizung/infrarotheizung-smart
bz.36.03.07,bz.36.03,3,Infrarotheizung – Energieeffizienz,heizen-und-klima/infrarotheizung/infrarotheizung-energieeffizienz
bz.36.03.08,bz.36.03,3,Infrarotheizung – Solar,heizen-und-klima/infrarotheizung/infrarotheizung-solar
bz.36.03.09,bz.36.03,3,Infrarotheizung – Profi,heizen-und-klima/infrarotheizung/infrarotheizung-profi
bz.36.03.10,bz.36.03,3,Infrarotheizung – Zubehör,heizen-und-klima/infrarotheizung/infrarotheizung-zubehoer
bz.36.04,bz.36,2,Heizkörperzubehör,heizen-und-klima/heizkoerperzubehoer
bz.36.04.01,bz.36.04,3,Heizkörperzubehör – Privat,heizen-und-klima/heizkoerperzubehoer/heizkoerperzubehoer-privat
bz.36.04.02,bz.36.04,3,Heizkörperzubehör – Gewerbe,heizen-und-klima/heizkoerperzubehoer/heizkoerperzubehoer-gewerbe
bz.36.04.03,bz.36.04,3,Heizkörperzubehör – Industrie,heizen-und-klima/heizkoerperzubehoer/heizkoerperzubehoer-industrie
bz.36.04.04,bz.36.04,3,Heizkörperzubehör – Mobil,heizen-und-klima/heizkoerperzubehoer/heizkoerperzubehoer-mobil
bz.36.04.05,bz.36.04,3,Heizkörperzubehör – Stationär,heizen-und-klima/heizkoerperzubehoer/heizkoerperzubehoer-stationaer
bz.36.04.06,bz.36.04,3,Heizkörperzubehör – Smart,heizen-und-klima/heizkoerperzubehoer/heizkoerperzubehoer-smart
bz.36.04.07,bz.36.04,3,Heizkörperzubehör – Energieeffizienz,heizen-und-klima/heizkoerperzubehoer/heizkoerperzubehoer-energieeffizienz
bz.36.04.08,bz.36.04,3,Heizkörperzubehör – Solar,heizen-und-klima/heizkoerperzubehoer/heizkoerperzubehoer-solar
bz.36.04.09,bz.36.04,3,Heizkörperzubehör – Profi,heizen-und-klima/heizkoerperzubehoer/heizkoerperzubehoer-profi
bz.36.04.10,bz.36.04,3,Heizkörperzubehör – Zubehör,heizen-und-klima/heizkoerperzubehoer/heizkoerperzubehoer-zubehoer
bz.36.05,bz.36,2,Klimageräte,heizen-und-klima/klimageraete
bz.36.05.01,bz.36.05,3,Klimageräte – Privat,heizen-und-klima/klimageraete/klimageraete-privat
bz.36.05.02,bz.36.05,3,Klimageräte – Gewerbe,heizen-und-klima/klimageraete/klimageraete-gewerbe
bz.36.05.03,bz.36.05,3,Klimageräte – Industrie,heizen-und-klima/klimageraete/klimageraete-industrie
bz.36.05.04,bz.36.05,3,Klimageräte – Mobil,heizen-und-klima/klimageraete/klimageraete-mobil
bz.36.05.05,bz.36.05,3,Klimageräte – Stationär,heizen-und-klima/klimageraete/klimageraete-stationaer
bz.36.05.06,bz.36.05,3,Klimageräte – Smart,heizen-und-klima/klimageraete/klimageraete-smart
bz.36.05.07,bz.36.05,3,Klimageräte – Energieeffizienz,heizen-und-klima/klimageraete/klimageraete-energieeffizienz
bz.36.05.08,bz.36.05,3,Klimageräte – Solar,heizen-und-klima/klimageraete/klimageraete-solar
bz.36.05.09,bz.36.05,3,Klimageräte – Profi,heizen-und-klima/klimageraete/klimageraete-profi
bz.36.05.10,bz.36.05,3,Klimageräte – Zubehör,heizen-und-klima/klimageraete/klimageraete-zubehoer
bz.36.06,bz.36,2,Ventilatoren,heizen-und-klima/ventilatoren
bz.36.06.01,bz.36.06,3,Ventilatoren – Privat,heizen-und-klima/ventilatoren/ventilatoren-privat
bz.36.06.02,bz.36.06,3,Ventilatoren – Gewerbe,heizen-und-klima/ventilatoren/ventilatoren-gewerbe
bz.36.06.03,bz.36.06,3,Ventilatoren – Industrie,heizen-und-klima/ventilatoren/ventilatoren-industrie
bz.36.06.04,bz.36.06,3,Ventilatoren – Mobil,heizen-und-klima/ventilatoren/ventilatoren-mobil
bz.36.06.05,bz.36.06,3,Ventilatoren – Stationär,heizen-und-klima/ventilatoren/ventilatoren-stationaer
bz.36.06.06,bz.36.06,3,Ventilatoren – Smart,heizen-und-klima/ventilatoren/ventilatoren-smart
bz.36.06.07,bz.36.06,3,Ventilatoren – Energieeffizienz,heizen-und-klima/ventilatoren/ventilatoren-energieeffizienz
bz.36.06.08,bz.36.06,3,Ventilatoren – Solar,heizen-und-klima/ventilatoren/ventilatoren-solar
bz.36.06.09,bz.36.06,3,Ventilatoren – Profi,heizen-und-klima/ventilatoren/ventilatoren-profi
bz.36.06.10,bz.36.06,3,Ventilatoren – Zubehör,heizen-und-klima/ventilatoren/ventilatoren-zubehoer
bz.36.07,bz.36,2,Luftreiniger,heizen-und-klima/luftreiniger
bz.36.07.01,bz.36.07,3,Luftreiniger – Privat,heizen-und-klima/luftreiniger/luftreiniger-privat
bz.36.07.02,bz.36.07,3,Luftreiniger – Gewerbe,heizen-und-klima/luftreiniger/luftreiniger-gewerbe
bz.36.07.03,bz.36.07,3,Luftreiniger – Industrie,heizen-und-klima/luftreiniger/luftreiniger-industrie
bz.36.07.04,bz.36.07,3,Luftreiniger – Mobil,heizen-und-klima/luftreiniger/luftreiniger-mobil
bz.36.07.05,bz.36.07,3,Luftreiniger – Stationär,heizen-und-klima/luftreiniger/luftreiniger-stationaer
bz.36.07.06,bz.36.07,3,Luftreiniger – Smart,heizen-und-klima/luftreiniger/luftreiniger-smart
bz.36.07.07,bz.36.07,3,Luftreiniger – Energieeffizienz,heizen-und-klima/luftreiniger/luftreiniger-energieeffizienz
bz.36.07.08,bz.36.07,3,Luftreiniger – Solar,heizen-und-klima/luftreiniger/luftreiniger-solar
bz.36.07.09,bz.36.07,3,Luftreiniger – Profi,heizen-und-klima/luftreiniger/luftreiniger-profi
bz.36.07.10,bz.36.07,3,Luftreiniger – Zubehör,heizen-und-klima/luftreiniger/luftreiniger-zubehoer
bz.36.08,bz.36,2,Luftentfeuchter,heizen-und-klima/luftentfeuchter
bz.36.08.01,bz.36.08,3,Luftentfeuchter – Privat,heizen-und-klima/luftentfeuchter/luftentfeuchter-privat
bz.36.08.02,bz.36.08,3,Luftentfeuchter – Gewerbe,heizen-und-klima/luftentfeuchter/luftentfeuchter-gewerbe
bz.36.08.03,bz.36.08,3,Luftentfeuchter – Industrie,heizen-und-klima/luftentfeuchter/luftentfeuchter-industrie
bz.36.08.04,bz.36.08,3,Luftentfeuchter – Mobil,heizen-und-klima/luftentfeuchter/luftentfeuchter-mobil
bz.36.08.05,bz.36.08,3,Luftentfeuchter – Stationär,heizen-und-klima/luftentfeuchter/luftentfeuchter-stationaer
bz.36.08.06,bz.36.08,3,Luftentfeuchter – Smart,heizen-und-klima/luftentfeuchter/luftentfeuchter-smart
bz.36.08.07,bz.36.08,3,Luftentfeuchter – Energieeffizienz,heizen-und-klima/luftentfeuchter/luftentfeuchter-energieeffizienz
bz.36.08.08,bz.36.08,3,Luftentfeuchter – Solar,heizen-und-klima/luftentfeuchter/luftentfeuchter-solar
bz.36.08.09,bz.36.08,3,Luftentfeuchter – Profi,heizen-und-klima/luftentfeuchter/luftentfeuchter-profi
bz.36.08.10,bz.36.08,3,Luftentfeuchter – Zubehör,heizen-und-klima/luftentfeuchter/luftentfeuchter-zubehoer
bz.36.09,bz.36,2,Luftbefeuchter,heizen-und-klima/luftbefeuchter
bz.36.09.01,bz.36.09,3,Luftbefeuchter – Privat,heizen-und-klima/luftbefeuchter/luftbefeuchter-privat
bz.36.09.02,bz.36.09,3,Luftbefeuchter – Gewerbe,heizen-und-klima/luftbefeuchter/luftbefeuchter-gewerbe
bz.36.09.03,bz.36.09,3,Luftbefeuchter – Industrie,heizen-und-klima/luftbefeuchter/luftbefeuchter-industrie
bz.36.09.04,bz.36.09,3,Luftbefeuchter – Mobil,heizen-und-klima/luftbefeuchter/luftbefeuchter-mobil
bz.36.09.05,bz.36.09,3,Luftbefeuchter – Stationär,heizen-und-klima/luftbefeuchter/luftbefeuchter-stationaer
bz.36.09.06,bz.36.09,3,Luftbefeuchter – Smart,heizen-und-klima/luftbefeuchter/luftbefeuchter-smart
bz.36.09.07,bz.36.09,3,Luftbefeuchter – Energieeffizienz,heizen-und-klima/luftbefeuchter/luftbefeuchter-energieeffizienz
bz.36.09.08,bz.36.09,3,Luftbefeuchter – Solar,heizen-und-klima/luftbefeuchter/luftbefeuchter-solar
bz.36.09.09,bz.36.09,3,Luftbefeuchter – Profi,heizen-und-klima/luftbefeuchter/luftbefeuchter-profi
bz.36.09.10,bz.36.09,3,Luftbefeuchter – Zubehör,heizen-und-klima/luftbefeuchter/luftbefeuchter-zubehoer
bz.36.10,bz.36,2,Thermostate,heizen-und-klima/thermostate
bz.36.10.01,bz.36.10,3,Thermostate – Privat,heizen-und-klima/thermostate/thermostate-privat
bz.36.10.02,bz.36.10,3,Thermostate – Gewerbe,heizen-und-klima/thermostate/thermostate-gewerbe
bz.36.10.03,bz.36.10,3,Thermostate – Industrie,heizen-und-klima/thermostate/thermostate-industrie
bz.36.10.04,bz.36.10,3,Thermostate – Mobil,heizen-und-klima/thermostate/thermostate-mobil
bz.36.10.05,bz.36.10,3,Thermostate – Stationär,heizen-und-klima/thermostate/thermostate-stationaer
bz.36.10.06,bz.36.10,3,Thermostate – Smart,heizen-und-klima/thermostate/thermostate-smart
bz.36.10.07,bz.36.10,3,Thermostate – Energieeffizienz,heizen-und-klima/thermostate/thermostate-energieeffizienz
bz.36.10.08,bz.36.10,3,Thermostate – Solar,heizen-und-klima/thermostate/thermostate-solar
bz.36.10.09,bz.36.10,3,Thermostate – Profi,heizen-und-klima/thermostate/thermostate-profi
bz.36.10.10,bz.36.10,3,Thermostate – Zubehör,heizen-und-klima/thermostate/thermostate-zubehoer
bz.36.11,bz.36,2,Smart Heating,heizen-und-klima/smart-heating
bz.36.11.01,bz.36.11,3,Smart Heating – Privat,heizen-und-klima/smart-heating/smart-heating-privat
bz.36.11.02,bz.36.11,3,Smart Heating – Gewerbe,heizen-und-klima/smart-heating/smart-heating-gewerbe
bz.36.11.03,bz.36.11,3,Smart Heating – Industrie,heizen-und-klima/smart-heating/smart-heating-industrie
bz.36.11.04,bz.36.11,3,Smart Heating – Mobil,heizen-und-klima/smart-heating/smart-heating-mobil
bz.36.11.05,bz.36.11,3,Smart Heating – Stationär,heizen-und-klima/smart-heating/smart-heating-stationaer
bz.36.11.06,bz.36.11,3,Smart Heating – Smart,heizen-und-klima/smart-heating/smart-heating-smart
bz.36.11.07,bz.36.11,3,Smart Heating – Energieeffizienz,heizen-und-klima/smart-heating/smart-heating-energieeffizienz
bz.36.11.08,bz.36.11,3,Smart Heating – Solar,heizen-und-klima/smart-heating/smart-heating-solar
bz.36.11.09,bz.36.11,3,Smart Heating – Profi,heizen-und-klima/smart-heating/smart-heating-profi
bz.36.11.10,bz.36.11,3,Smart Heating – Zubehör,heizen-und-klima/smart-heating/smart-heating-zubehoer
bz.36.12,bz.36,2,Energiezubehör,heizen-und-klima/energiezubehoer
bz.36.12.01,bz.36.12,3,Energiezubehör – Privat,heizen-und-klima/energiezubehoer/energiezubehoer-privat
bz.36.12.02,bz.36.12,3,Energiezubehör – Gewerbe,heizen-und-klima/energiezubehoer/energiezubehoer-gewerbe
bz.36.12.03,bz.36.12,3,Energiezubehör – Industrie,heizen-und-klima/energiezubehoer/energiezubehoer-industrie
bz.36.12.04,bz.36.12,3,Energiezubehör – Mobil,heizen-und-klima/energiezubehoer/energiezubehoer-mobil
bz.36.12.05,bz.36.12,3,Energiezubehör – Stationär,heizen-und-klima/energiezubehoer/energiezubehoer-stationaer
bz.36.12.06,bz.36.12,3,Energiezubehör – Smart,heizen-und-klima/energiezubehoer/energiezubehoer-smart
bz.36.12.07,bz.36.12,3,Energiezubehör – Energieeffizienz,heizen-und-klima/energiezubehoer/energiezubehoer-energieeffizienz
bz.36.12.08,bz.36.12,3,Energiezubehör – Solar,heizen-und-klima/energiezubehoer/energiezubehoer-solar
bz.36.12.09,bz.36.12,3,Energiezubehör – Profi,heizen-und-klima/energiezubehoer/energiezubehoer-profi
bz.36.12.10,bz.36.12,3,Energiezubehör – Zubehör,heizen-und-klima/energiezubehoer/energiezubehoer-zubehoer
bz.37,,1,Sicherheit & Überwachung,sicherheit-und-ueberwachung
bz.37.01,bz.37,2,IP-Kameras,sicherheit-und-ueberwachung/ip-kameras
bz.37.01.01,bz.37.01,3,IP-Kameras – Privat,sicherheit-und-ueberwachung/ip-kameras/ip-kameras-privat
bz.37.01.02,bz.37.01,3,IP-Kameras – Gewerbe,sicherheit-und-ueberwachung/ip-kameras/ip-kameras-gewerbe
bz.37.01.03,bz.37.01,3,IP-Kameras – Industrie,sicherheit-und-ueberwachung/ip-kameras/ip-kameras-industrie
bz.37.01.04,bz.37.01,3,IP-Kameras – Smart Home,sicherheit-und-ueberwachung/ip-kameras/ip-kameras-smart-home
bz.37.01.05,bz.37.01,3,IP-Kameras – Profi,sicherheit-und-ueberwachung/ip-kameras/ip-kameras-profi
bz.37.01.06,bz.37.01,3,IP-Kameras – IP,sicherheit-und-ueberwachung/ip-kameras/ip-kameras-ip
bz.37.01.07,bz.37.01,3,IP-Kameras – Analog,sicherheit-und-ueberwachung/ip-kameras/ip-kameras-analog
bz.37.01.08,bz.37.01,3,IP-Kameras – Funk,sicherheit-und-ueberwachung/ip-kameras/ip-kameras-funk
bz.37.01.09,bz.37.01,3,IP-Kameras – Kabel,sicherheit-und-ueberwachung/ip-kameras/ip-kameras-kabel
bz.37.01.10,bz.37.01,3,IP-Kameras – Zubehör,sicherheit-und-ueberwachung/ip-kameras/ip-kameras-zubehoer
bz.37.02,bz.37,2,Überwachungskameras,sicherheit-und-ueberwachung/ueberwachungskameras
bz.37.02.01,bz.37.02,3,Überwachungskameras – Privat,sicherheit-und-ueberwachung/ueberwachungskameras/ueberwachungskameras-privat
bz.37.02.02,bz.37.02,3,Überwachungskameras – Gewerbe,sicherheit-und-ueberwachung/ueberwachungskameras/ueberwachungskameras-gewerbe
bz.37.02.03,bz.37.02,3,Überwachungskameras – Industrie,sicherheit-und-ueberwachung/ueberwachungskameras/ueberwachungskameras-industrie
bz.37.02.04,bz.37.02,3,Überwachungskameras – Smart Home,sicherheit-und-ueberwachung/ueberwachungskameras/ueberwachungskameras-smart-home
bz.37.02.05,bz.37.02,3,Überwachungskameras – Profi,sicherheit-und-ueberwachung/ueberwachungskameras/ueberwachungskameras-profi
bz.37.02.06,bz.37.02,3,Überwachungskameras – IP,sicherheit-und-ueberwachung/ueberwachungskameras/ueberwachungskameras-ip
bz.37.02.07,bz.37.02,3,Überwachungskameras – Analog,sicherheit-und-ueberwachung/ueberwachungskameras/ueberwachungskameras-analog
bz.37.02.08,bz.37.02,3,Überwachungskameras – Funk,sicherheit-und-ueberwachung/ueberwachungskameras/ueberwachungskameras-funk
bz.37.02.09,bz.37.02,3,Überwachungskameras – Kabel,sicherheit-und-ueberwachung/ueberwachungskameras/ueberwachungskameras-kabel
bz.37.02.10,bz.37.02,3,Überwachungskameras – Zubehör,sicherheit-und-ueberwachung/ueberwachungskameras/ueberwachungskameras-zubehoer
bz.37.03,bz.37,2,NVR & DVR,sicherheit-und-ueberwachung/nvr-und-dvr
bz.37.03.01,bz.37.03,3,NVR & DVR – Privat,sicherheit-und-ueberwachung/nvr-und-dvr/nvr-und-dvr-privat
bz.37.03.02,bz.37.03,3,NVR & DVR – Gewerbe,sicherheit-und-ueberwachung/nvr-und-dvr/nvr-und-dvr-gewerbe
bz.37.03.03,bz.37.03,3,NVR & DVR – Industrie,sicherheit-und-ueberwachung/nvr-und-dvr/nvr-und-dvr-industrie
bz.37.03.04,bz.37.03,3,NVR & DVR – Smart Home,sicherheit-und-ueberwachung/nvr-und-dvr/nvr-und-dvr-smart-home
bz.37.03.05,bz.37.03,3,NVR & DVR – Profi,sicherheit-und-ueberwachung/nvr-und-dvr/nvr-und-dvr-profi
bz.37.03.06,bz.37.03,3,NVR & DVR – IP,sicherheit-und-ueberwachung/nvr-und-dvr/nvr-und-dvr-ip
bz.37.03.07,bz.37.03,3,NVR & DVR – Analog,sicherheit-und-ueberwachung/nvr-und-dvr/nvr-und-dvr-analog
bz.37.03.08,bz.37.03,3,NVR & DVR – Funk,sicherheit-und-ueberwachung/nvr-und-dvr/nvr-und-dvr-funk
bz.37.03.09,bz.37.03,3,NVR & DVR – Kabel,sicherheit-und-ueberwachung/nvr-und-dvr/nvr-und-dvr-kabel
bz.37.03.10,bz.37.03,3,NVR & DVR – Zubehör,sicherheit-und-ueberwachung/nvr-und-dvr/nvr-und-dvr-zubehoer
bz.37.04,bz.37,2,Alarmanlagen,sicherheit-und-ueberwachung/alarmanlagen
bz.37.04.01,bz.37.04,3,Alarmanlagen – Privat,sicherheit-und-ueberwachung/alarmanlagen/alarmanlagen-privat
bz.37.04.02,bz.37.04,3,Alarmanlagen – Gewerbe,sicherheit-und-ueberwachung/alarmanlagen/alarmanlagen-gewerbe
bz.37.04.03,bz.37.04,3,Alarmanlagen – Industrie,sicherheit-und-ueberwachung/alarmanlagen/alarmanlagen-industrie
bz.37.04.04,bz.37.04,3,Alarmanlagen – Smart Home,sicherheit-und-ueberwachung/alarmanlagen/alarmanlagen-smart-home
bz.37.04.05,bz.37.04,3,Alarmanlagen – Profi,sicherheit-und-ueberwachung/alarmanlagen/alarmanlagen-profi
bz.37.04.06,bz.37.04,3,Alarmanlagen – IP,sicherheit-und-ueberwachung/alarmanlagen/alarmanlagen-ip
bz.37.04.07,bz.37.04,3,Alarmanlagen – Analog,sicherheit-und-ueberwachung/alarmanlagen/alarmanlagen-analog
bz.37.04.08,bz.37.04,3,Alarmanlagen – Funk,sicherheit-und-ueberwachung/alarmanlagen/alarmanlagen-funk
bz.37.04.09,bz.37.04,3,Alarmanlagen – Kabel,sicherheit-und-ueberwachung/alarmanlagen/alarmanlagen-kabel
bz.37.04.10,bz.37.04,3,Alarmanlagen – Zubehör,sicherheit-und-ueberwachung/alarmanlagen/alarmanlagen-zubehoer
bz.37.05,bz.37,2,Bewegungsmelder,sicherheit-und-ueberwachung/bewegungsmelder
bz.37.05.01,bz.37.05,3,Bewegungsmelder – Privat,sicherheit-und-ueberwachung/bewegungsmelder/bewegungsmelder-privat
bz.37.05.02,bz.37.05,3,Bewegungsmelder – Gewerbe,sicherheit-und-ueberwachung/bewegungsmelder/bewegungsmelder-gewerbe
bz.37.05.03,bz.37.05,3,Bewegungsmelder – Industrie,sicherheit-und-ueberwachung/bewegungsmelder/bewegungsmelder-industrie
bz.37.05.04,bz.37.05,3,Bewegungsmelder – Smart Home,sicherheit-und-ueberwachung/bewegungsmelder/bewegungsmelder-smart-home
bz.37.05.05,bz.37.05,3,Bewegungsmelder – Profi,sicherheit-und-ueberwachung/bewegungsmelder/bewegungsmelder-profi
bz.37.05.06,bz.37.05,3,Bewegungsmelder – IP,sicherheit-und-ueberwachung/bewegungsmelder/bewegungsmelder-ip
bz.37.05.07,bz.37.05,3,Bewegungsmelder – Analog,sicherheit-und-ueberwachung/bewegungsmelder/bewegungsmelder-analog
bz.37.05.08,bz.37.05,3,Bewegungsmelder – Funk,sicherheit-und-ueberwachung/bewegungsmelder/bewegungsmelder-funk
bz.37.05.09,bz.37.05,3,Bewegungsmelder – Kabel,sicherheit-und-ueberwachung/bewegungsmelder/bewegungsmelder-kabel
bz.37.05.10,bz.37.05,3,Bewegungsmelder – Zubehör,sicherheit-und-ueberwachung/bewegungsmelder/bewegungsmelder-zubehoer
bz.37.06,bz.37,2,Türkontakte,sicherheit-und-ueberwachung/tuerkontakte
bz.37.06.01,bz.37.06,3,Türkontakte – Privat,sicherheit-und-ueberwachung/tuerkontakte/tuerkontakte-privat
bz.37.06.02,bz.37.06,3,Türkontakte – Gewerbe,sicherheit-und-ueberwachung/tuerkontakte/tuerkontakte-gewerbe
bz.37.06.03,bz.37.06,3,Türkontakte – Industrie,sicherheit-und-ueberwachung/tuerkontakte/tuerkontakte-industrie
bz.37.06.04,bz.37.06,3,Türkontakte – Smart Home,sicherheit-und-ueberwachung/tuerkontakte/tuerkontakte-smart-home
bz.37.06.05,bz.37.06,3,Türkontakte – Profi,sicherheit-und-ueberwachung/tuerkontakte/tuerkontakte-profi
bz.37.06.06,bz.37.06,3,Türkontakte – IP,sicherheit-und-ueberwachung/tuerkontakte/tuerkontakte-ip
bz.37.06.07,bz.37.06,3,Türkontakte – Analog,sicherheit-und-ueberwachung/tuerkontakte/tuerkontakte-analog
bz.37.06.08,bz.37.06,3,Türkontakte – Funk,sicherheit-und-ueberwachung/tuerkontakte/tuerkontakte-funk
bz.37.06.09,bz.37.06,3,Türkontakte – Kabel,sicherheit-und-ueberwachung/tuerkontakte/tuerkontakte-kabel
bz.37.06.10,bz.37.06,3,Türkontakte – Zubehör,sicherheit-und-ueberwachung/tuerkontakte/tuerkontakte-zubehoer
bz.37.07,bz.37,2,Smart Locks,sicherheit-und-ueberwachung/smart-locks
bz.37.07.01,bz.37.07,3,Smart Locks – Privat,sicherheit-und-ueberwachung/smart-locks/smart-locks-privat
bz.37.07.02,bz.37.07,3,Smart Locks – Gewerbe,sicherheit-und-ueberwachung/smart-locks/smart-locks-gewerbe
bz.37.07.03,bz.37.07,3,Smart Locks – Industrie,sicherheit-und-ueberwachung/smart-locks/smart-locks-industrie
bz.37.07.04,bz.37.07,3,Smart Locks – Smart Home,sicherheit-und-ueberwachung/smart-locks/smart-locks-smart-home
bz.37.07.05,bz.37.07,3,Smart Locks – Profi,sicherheit-und-ueberwachung/smart-locks/smart-locks-profi
bz.37.07.06,bz.37.07,3,Smart Locks – IP,sicherheit-und-ueberwachung/smart-locks/smart-locks-ip
bz.37.07.07,bz.37.07,3,Smart Locks – Analog,sicherheit-und-ueberwachung/smart-locks/smart-locks-analog
bz.37.07.08,bz.37.07,3,Smart Locks – Funk,sicherheit-und-ueberwachung/smart-locks/smart-locks-funk
bz.37.07.09,bz.37.07,3,Smart Locks – Kabel,sicherheit-und-ueberwachung/smart-locks/smart-locks-kabel
bz.37.07.10,bz.37.07,3,Smart Locks – Zubehör,sicherheit-und-ueberwachung/smart-locks/smart-locks-zubehoer
bz.37.08,bz.37,2,Zutrittskontrolle,sicherheit-und-ueberwachung/zutrittskontrolle
bz.37.08.01,bz.37.08,3,Zutrittskontrolle – Privat,sicherheit-und-ueberwachung/zutrittskontrolle/zutrittskontrolle-privat
bz.37.08.02,bz.37.08,3,Zutrittskontrolle – Gewerbe,sicherheit-und-ueberwachung/zutrittskontrolle/zutrittskontrolle-gewerbe
bz.37.08.03,bz.37.08,3,Zutrittskontrolle – Industrie,sicherheit-und-ueberwachung/zutrittskontrolle/zutrittskontrolle-industrie
bz.37.08.04,bz.37.08,3,Zutrittskontrolle – Smart Home,sicherheit-und-ueberwachung/zutrittskontrolle/zutrittskontrolle-smart-home
bz.37.08.05,bz.37.08,3,Zutrittskontrolle – Profi,sicherheit-und-ueberwachung/zutrittskontrolle/zutrittskontrolle-profi
bz.37.08.06,bz.37.08,3,Zutrittskontrolle – IP,sicherheit-und-ueberwachung/zutrittskontrolle/zutrittskontrolle-ip
bz.37.08.07,bz.37.08,3,Zutrittskontrolle – Analog,sicherheit-und-ueberwachung/zutrittskontrolle/zutrittskontrolle-analog
bz.37.08.08,bz.37.08,3,Zutrittskontrolle – Funk,sicherheit-und-ueberwachung/zutrittskontrolle/zutrittskontrolle-funk
bz.37.08.09,bz.37.08,3,Zutrittskontrolle – Kabel,sicherheit-und-ueberwachung/zutrittskontrolle/zutrittskontrolle-kabel
bz.37.08.10,bz.37.08,3,Zutrittskontrolle – Zubehör,sicherheit-und-ueberwachung/zutrittskontrolle/zutrittskontrolle-zubehoer
bz.37.09,bz.37,2,Video-Türsprechanlagen,sicherheit-und-ueberwachung/video-tuersprechanlagen
bz.37.09.01,bz.37.09,3,Video-Türsprechanlagen – Privat,sicherheit-und-ueberwachung/video-tuersprechanlagen/video-tuersprechanlagen-privat
bz.37.09.02,bz.37.09,3,Video-Türsprechanlagen – Gewerbe,sicherheit-und-ueberwachung/video-tuersprechanlagen/video-tuersprechanlagen-gewerbe
bz.37.09.03,bz.37.09,3,Video-Türsprechanlagen – Industrie,sicherheit-und-ueberwachung/video-tuersprechanlagen/video-tuersprechanlagen-industrie
bz.37.09.04,bz.37.09,3,Video-Türsprechanlagen – Smart Home,sicherheit-und-ueberwachung/video-tuersprechanlagen/video-tuersprechanlagen-smart-home
bz.37.09.05,bz.37.09,3,Video-Türsprechanlagen – Profi,sicherheit-und-ueberwachung/video-tuersprechanlagen/video-tuersprechanlagen-profi
bz.37.09.06,bz.37.09,3,Video-Türsprechanlagen – IP,sicherheit-und-ueberwachung/video-tuersprechanlagen/video-tuersprechanlagen-ip
bz.37.09.07,bz.37.09,3,Video-Türsprechanlagen – Analog,sicherheit-und-ueberwachung/video-tuersprechanlagen/video-tuersprechanlagen-analog
bz.37.09.08,bz.37.09,3,Video-Türsprechanlagen – Funk,sicherheit-und-ueberwachung/video-tuersprechanlagen/video-tuersprechanlagen-funk
bz.37.09.09,bz.37.09,3,Video-Türsprechanlagen – Kabel,sicherheit-und-ueberwachung/video-tuersprechanlagen/video-tuersprechanlagen-kabel
bz.37.09.10,bz.37.09,3,Video-Türsprechanlagen – Zubehör,sicherheit-und-ueberwachung/video-tuersprechanlagen/video-tuersprechanlagen-zubehoer
bz.37.10,bz.37,2,Rauchmelder,sicherheit-und-ueberwachung/rauchmelder
bz.37.10.01,bz.37.10,3,Rauchmelder – Privat,sicherheit-und-ueberwachung/rauchmelder/rauchmelder-privat
bz.37.10.02,bz.37.10,3,Rauchmelder – Gewerbe,sicherheit-und-ueberwachung/rauchmelder/rauchmelder-gewerbe
bz.37.10.03,bz.37.10,3,Rauchmelder – Industrie,sicherheit-und-ueberwachung/rauchmelder/rauchmelder-industrie
bz.37.10.04,bz.37.10,3,Rauchmelder – Smart Home,sicherheit-und-ueberwachung/rauchmelder/rauchmelder-smart-home
bz.37.10.05,bz.37.10,3,Rauchmelder – Profi,sicherheit-und-ueberwachung/rauchmelder/rauchmelder-profi
bz.37.10.06,bz.37.10,3,Rauchmelder – IP,sicherheit-und-ueberwachung/rauchmelder/rauchmelder-ip
bz.37.10.07,bz.37.10,3,Rauchmelder – Analog,sicherheit-und-ueberwachung/rauchmelder/rauchmelder-analog
bz.37.10.08,bz.37.10,3,Rauchmelder – Funk,sicherheit-und-ueberwachung/rauchmelder/rauchmelder-funk
bz.37.10.09,bz.37.10,3,Rauchmelder – Kabel,sicherheit-und-ueberwachung/rauchmelder/rauchmelder-kabel
bz.37.10.10,bz.37.10,3,Rauchmelder – Zubehör,sicherheit-und-ueberwachung/rauchmelder/rauchmelder-zubehoer
bz.37.11,bz.37,2,CO-Melder,sicherheit-und-ueberwachung/co-melder
bz.37.11.01,bz.37.11,3,CO-Melder – Privat,sicherheit-und-ueberwachung/co-melder/co-melder-privat
bz.37.11.02,bz.37.11,3,CO-Melder – Gewerbe,sicherheit-und-ueberwachung/co-melder/co-melder-gewerbe
bz.37.11.03,bz.37.11,3,CO-Melder – Industrie,sicherheit-und-ueberwachung/co-melder/co-melder-industrie
bz.37.11.04,bz.37.11,3,CO-Melder – Smart Home,sicherheit-und-ueberwachung/co-melder/co-melder-smart-home
bz.37.11.05,bz.37.11,3,CO-Melder – Profi,sicherheit-und-ueberwachung/co-melder/co-melder-profi
bz.37.11.06,bz.37.11,3,CO-Melder – IP,sicherheit-und-ueberwachung/co-melder/co-melder-ip
bz.37.11.07,bz.37.11,3,CO-Melder – Analog,sicherheit-und-ueberwachung/co-melder/co-melder-analog
bz.37.11.08,bz.37.11,3,CO-Melder – Funk,sicherheit-und-ueberwachung/co-melder/co-melder-funk
bz.37.11.09,bz.37.11,3,CO-Melder – Kabel,sicherheit-und-ueberwachung/co-melder/co-melder-kabel
bz.37.11.10,bz.37.11,3,CO-Melder – Zubehör,sicherheit-und-ueberwachung/co-melder/co-melder-zubehoer
bz.37.12,bz.37,2,Feuerlöscher & Brandschutz,sicherheit-und-ueberwachung/feuerloescher-und-brandschutz
bz.37.12.01,bz.37.12,3,Feuerlöscher & Brandschutz – Privat,sicherheit-und-ueberwachung/feuerloescher-und-brandschutz/feuerloescher-und-brandschutz-privat
bz.37.12.02,bz.37.12,3,Feuerlöscher & Brandschutz – Gewerbe,sicherheit-und-ueberwachung/feuerloescher-und-brandschutz/feuerloescher-und-brandschutz-gewerbe
bz.37.12.03,bz.37.12,3,Feuerlöscher & Brandschutz – Industrie,sicherheit-und-ueberwachung/feuerloescher-und-brandschutz/feuerloescher-und-brandschutz-industrie
bz.37.12.04,bz.37.12,3,Feuerlöscher & Brandschutz – Smart Home,sicherheit-und-ueberwachung/feuerloescher-und-brandschutz/feuerloescher-und-brandschutz-smart-home
bz.37.12.05,bz.37.12,3,Feuerlöscher & Brandschutz – Profi,sicherheit-und-ueberwachung/feuerloescher-und-brandschutz/feuerloescher-und-brandschutz-profi
bz.37.12.06,bz.37.12,3,Feuerlöscher & Brandschutz – IP,sicherheit-und-ueberwachung/feuerloescher-und-brandschutz/feuerloescher-und-brandschutz-ip
bz.37.12.07,bz.37.12,3,Feuerlöscher & Brandschutz – Analog,sicherheit-und-ueberwachung/feuerloescher-und-brandschutz/feuerloescher-und-brandschutz-analog
bz.37.12.08,bz.37.12,3,Feuerlöscher & Brandschutz – Funk,sicherheit-und-ueberwachung/feuerloescher-und-brandschutz/feuerloescher-und-brandschutz-funk
bz.37.12.09,bz.37.12,3,Feuerlöscher & Brandschutz – Kabel,sicherheit-und-ueberwachung/feuerloescher-und-brandschutz/feuerloescher-und-brandschutz-kabel
bz.37.12.10,bz.37.12,3,Feuerlöscher & Brandschutz – Zubehör,sicherheit-und-ueberwachung/feuerloescher-und-brandschutz/feuerloescher-und-brandschutz-zubehoer
bz.38,,1,Reisen & Gepäck,reisen-und-gepaeck
bz.38.01,bz.38,2,Koffer,reisen-und-gepaeck/koffer
bz.38.01.01,bz.38.01,3,Koffer – Business,reisen-und-gepaeck/koffer/koffer-business
bz.38.01.02,bz.38.01,3,Koffer – Familie,reisen-und-gepaeck/koffer/koffer-familie
bz.38.01.03,bz.38.01,3,Koffer – Outdoor,reisen-und-gepaeck/koffer/koffer-outdoor
bz.38.01.04,bz.38.01,3,Koffer – Camping,reisen-und-gepaeck/koffer/koffer-camping
bz.38.01.05,bz.38.01,3,Koffer – Premium,reisen-und-gepaeck/koffer/koffer-premium
bz.38.01.06,bz.38.01,3,Koffer – Budget,reisen-und-gepaeck/koffer/koffer-budget
bz.38.01.07,bz.38.01,3,Koffer – Handgepäck,reisen-und-gepaeck/koffer/koffer-handgepaeck
bz.38.01.08,bz.38.01,3,Koffer – Großgepäck,reisen-und-gepaeck/koffer/koffer-grossgepaeck
bz.38.01.09,bz.38.01,3,Koffer – Profi,reisen-und-gepaeck/koffer/koffer-profi
bz.38.01.10,bz.38.01,3,Koffer – Zubehör,reisen-und-gepaeck/koffer/koffer-zubehoer
bz.38.02,bz.38,2,Kabinengepäck,reisen-und-gepaeck/kabinengepaeck
bz.38.02.01,bz.38.02,3,Kabinengepäck – Business,reisen-und-gepaeck/kabinengepaeck/kabinengepaeck-business
bz.38.02.02,bz.38.02,3,Kabinengepäck – Familie,reisen-und-gepaeck/kabinengepaeck/kabinengepaeck-familie
bz.38.02.03,bz.38.02,3,Kabinengepäck – Outdoor,reisen-und-gepaeck/kabinengepaeck/kabinengepaeck-outdoor
bz.38.02.04,bz.38.02,3,Kabinengepäck – Camping,reisen-und-gepaeck/kabinengepaeck/kabinengepaeck-camping
bz.38.02.05,bz.38.02,3,Kabinengepäck – Premium,reisen-und-gepaeck/kabinengepaeck/kabinengepaeck-premium
bz.38.02.06,bz.38.02,3,Kabinengepäck – Budget,reisen-und-gepaeck/kabinengepaeck/kabinengepaeck-budget
bz.38.02.07,bz.38.02,3,Kabinengepäck – Handgepäck,reisen-und-gepaeck/kabinengepaeck/kabinengepaeck-handgepaeck
bz.38.02.08,bz.38.02,3,Kabinengepäck – Großgepäck,reisen-und-gepaeck/kabinengepaeck/kabinengepaeck-grossgepaeck
bz.38.02.09,bz.38.02,3,Kabinengepäck – Profi,reisen-und-gepaeck/kabinengepaeck/kabinengepaeck-profi
bz.38.02.10,bz.38.02,3,Kabinengepäck – Zubehör,reisen-und-gepaeck/kabinengepaeck/kabinengepaeck-zubehoer
bz.38.03,bz.38,2,Reisetaschen,reisen-und-gepaeck/reisetaschen
bz.38.03.01,bz.38.03,3,Reisetaschen – Business,reisen-und-gepaeck/reisetaschen/reisetaschen-business
bz.38.03.02,bz.38.03,3,Reisetaschen – Familie,reisen-und-gepaeck/reisetaschen/reisetaschen-familie
bz.38.03.03,bz.38.03,3,Reisetaschen – Outdoor,reisen-und-gepaeck/reisetaschen/reisetaschen-outdoor
bz.38.03.04,bz.38.03,3,Reisetaschen – Camping,reisen-und-gepaeck/reisetaschen/reisetaschen-camping
bz.38.03.05,bz.38.03,3,Reisetaschen – Premium,reisen-und-gepaeck/reisetaschen/reisetaschen-premium
bz.38.03.06,bz.38.03,3,Reisetaschen – Budget,reisen-und-gepaeck/reisetaschen/reisetaschen-budget
bz.38.03.07,bz.38.03,3,Reisetaschen – Handgepäck,reisen-und-gepaeck/reisetaschen/reisetaschen-handgepaeck
bz.38.03.08,bz.38.03,3,Reisetaschen – Großgepäck,reisen-und-gepaeck/reisetaschen/reisetaschen-grossgepaeck
bz.38.03.09,bz.38.03,3,Reisetaschen – Profi,reisen-und-gepaeck/reisetaschen/reisetaschen-profi
bz.38.03.10,bz.38.03,3,Reisetaschen – Zubehör,reisen-und-gepaeck/reisetaschen/reisetaschen-zubehoer
bz.38.04,bz.38,2,Rucksäcke,reisen-und-gepaeck/rucksaecke
bz.38.04.01,bz.38.04,3,Rucksäcke – Business,reisen-und-gepaeck/rucksaecke/rucksaecke-business
bz.38.04.02,bz.38.04,3,Rucksäcke – Familie,reisen-und-gepaeck/rucksaecke/rucksaecke-familie
bz.38.04.03,bz.38.04,3,Rucksäcke – Outdoor,reisen-und-gepaeck/rucksaecke/rucksaecke-outdoor
bz.38.04.04,bz.38.04,3,Rucksäcke – Camping,reisen-und-gepaeck/rucksaecke/rucksaecke-camping
bz.38.04.05,bz.38.04,3,Rucksäcke – Premium,reisen-und-gepaeck/rucksaecke/rucksaecke-premium
bz.38.04.06,bz.38.04,3,Rucksäcke – Budget,reisen-und-gepaeck/rucksaecke/rucksaecke-budget
bz.38.04.07,bz.38.04,3,Rucksäcke – Handgepäck,reisen-und-gepaeck/rucksaecke/rucksaecke-handgepaeck
bz.38.04.08,bz.38.04,3,Rucksäcke – Großgepäck,reisen-und-gepaeck/rucksaecke/rucksaecke-grossgepaeck
bz.38.04.09,bz.38.04,3,Rucksäcke – Profi,reisen-und-gepaeck/rucksaecke/rucksaecke-profi
bz.38.04.10,bz.38.04,3,Rucksäcke – Zubehör,reisen-und-gepaeck/rucksaecke/rucksaecke-zubehoer
bz.38.05,bz.38,2,Taschen,reisen-und-gepaeck/taschen
bz.38.05.01,bz.38.05,3,Taschen – Business,reisen-und-gepaeck/taschen/taschen-business
bz.38.05.02,bz.38.05,3,Taschen – Familie,reisen-und-gepaeck/taschen/taschen-familie
bz.38.05.03,bz.38.05,3,Taschen – Outdoor,reisen-und-gepaeck/taschen/taschen-outdoor
bz.38.05.04,bz.38.05,3,Taschen – Camping,reisen-und-gepaeck/taschen/taschen-camping
bz.38.05.05,bz.38.05,3,Taschen – Premium,reisen-und-gepaeck/taschen/taschen-premium
bz.38.05.06,bz.38.05,3,Taschen – Budget,reisen-und-gepaeck/taschen/taschen-budget
bz.38.05.07,bz.38.05,3,Taschen – Handgepäck,reisen-und-gepaeck/taschen/taschen-handgepaeck
bz.38.05.08,bz.38.05,3,Taschen – Großgepäck,reisen-und-gepaeck/taschen/taschen-grossgepaeck
bz.38.05.09,bz.38.05,3,Taschen – Profi,reisen-und-gepaeck/taschen/taschen-profi
bz.38.05.10,bz.38.05,3,Taschen – Zubehör,reisen-und-gepaeck/taschen/taschen-zubehoer
bz.38.06,bz.38,2,Kulturbeutel,reisen-und-gepaeck/kulturbeutel
bz.38.06.01,bz.38.06,3,Kulturbeutel – Business,reisen-und-gepaeck/kulturbeutel/kulturbeutel-business
bz.38.06.02,bz.38.06,3,Kulturbeutel – Familie,reisen-und-gepaeck/kulturbeutel/kulturbeutel-familie
bz.38.06.03,bz.38.06,3,Kulturbeutel – Outdoor,reisen-und-gepaeck/kulturbeutel/kulturbeutel-outdoor
bz.38.06.04,bz.38.06,3,Kulturbeutel – Camping,reisen-und-gepaeck/kulturbeutel/kulturbeutel-camping
bz.38.06.05,bz.38.06,3,Kulturbeutel – Premium,reisen-und-gepaeck/kulturbeutel/kulturbeutel-premium
bz.38.06.06,bz.38.06,3,Kulturbeutel – Budget,reisen-und-gepaeck/kulturbeutel/kulturbeutel-budget
bz.38.06.07,bz.38.06,3,Kulturbeutel – Handgepäck,reisen-und-gepaeck/kulturbeutel/kulturbeutel-handgepaeck
bz.38.06.08,bz.38.06,3,Kulturbeutel – Großgepäck,reisen-und-gepaeck/kulturbeutel/kulturbeutel-grossgepaeck
bz.38.06.09,bz.38.06,3,Kulturbeutel – Profi,reisen-und-gepaeck/kulturbeutel/kulturbeutel-profi
bz.38.06.10,bz.38.06,3,Kulturbeutel – Zubehör,reisen-und-gepaeck/kulturbeutel/kulturbeutel-zubehoer
bz.38.07,bz.38,2,Reiseorganisation,reisen-und-gepaeck/reiseorganisation
bz.38.07.01,bz.38.07,3,Reiseorganisation – Business,reisen-und-gepaeck/reiseorganisation/reiseorganisation-business
bz.38.07.02,bz.38.07,3,Reiseorganisation – Familie,reisen-und-gepaeck/reiseorganisation/reiseorganisation-familie
bz.38.07.03,bz.38.07,3,Reiseorganisation – Outdoor,reisen-und-gepaeck/reiseorganisation/reiseorganisation-outdoor
bz.38.07.04,bz.38.07,3,Reiseorganisation – Camping,reisen-und-gepaeck/reiseorganisation/reiseorganisation-camping
bz.38.07.05,bz.38.07,3,Reiseorganisation – Premium,reisen-und-gepaeck/reiseorganisation/reiseorganisation-premium
bz.38.07.06,bz.38.07,3,Reiseorganisation – Budget,reisen-und-gepaeck/reiseorganisation/reiseorganisation-budget
bz.38.07.07,bz.38.07,3,Reiseorganisation – Handgepäck,reisen-und-gepaeck/reiseorganisation/reiseorganisation-handgepaeck
bz.38.07.08,bz.38.07,3,Reiseorganisation – Großgepäck,reisen-und-gepaeck/reiseorganisation/reiseorganisation-grossgepaeck
bz.38.07.09,bz.38.07,3,Reiseorganisation – Profi,reisen-und-gepaeck/reiseorganisation/reiseorganisation-profi
bz.38.07.10,bz.38.07,3,Reiseorganisation – Zubehör,reisen-und-gepaeck/reiseorganisation/reiseorganisation-zubehoer
bz.38.08,bz.38,2,Reiseadapter,reisen-und-gepaeck/reiseadapter
bz.38.08.01,bz.38.08,3,Reiseadapter – Business,reisen-und-gepaeck/reiseadapter/reiseadapter-business
bz.38.08.02,bz.38.08,3,Reiseadapter – Familie,reisen-und-gepaeck/reiseadapter/reiseadapter-familie
bz.38.08.03,bz.38.08,3,Reiseadapter – Outdoor,reisen-und-gepaeck/reiseadapter/reiseadapter-outdoor
bz.38.08.04,bz.38.08,3,Reiseadapter – Camping,reisen-und-gepaeck/reiseadapter/reiseadapter-camping
bz.38.08.05,bz.38.08,3,Reiseadapter – Premium,reisen-und-gepaeck/reiseadapter/reiseadapter-premium
bz.38.08.06,bz.38.08,3,Reiseadapter – Budget,reisen-und-gepaeck/reiseadapter/reiseadapter-budget
bz.38.08.07,bz.38.08,3,Reiseadapter – Handgepäck,reisen-und-gepaeck/reiseadapter/reiseadapter-handgepaeck
bz.38.08.08,bz.38.08,3,Reiseadapter – Großgepäck,reisen-und-gepaeck/reiseadapter/reiseadapter-grossgepaeck
bz.38.08.09,bz.38.08,3,Reiseadapter – Profi,reisen-und-gepaeck/reiseadapter/reiseadapter-profi
bz.38.08.10,bz.38.08,3,Reiseadapter – Zubehör,reisen-und-gepaeck/reiseadapter/reiseadapter-zubehoer
bz.38.09,bz.38,2,Nackenkissen,reisen-und-gepaeck/nackenkissen
bz.38.09.01,bz.38.09,3,Nackenkissen – Business,reisen-und-gepaeck/nackenkissen/nackenkissen-business
bz.38.09.02,bz.38.09,3,Nackenkissen – Familie,reisen-und-gepaeck/nackenkissen/nackenkissen-familie
bz.38.09.03,bz.38.09,3,Nackenkissen – Outdoor,reisen-und-gepaeck/nackenkissen/nackenkissen-outdoor
bz.38.09.04,bz.38.09,3,Nackenkissen – Camping,reisen-und-gepaeck/nackenkissen/nackenkissen-camping
bz.38.09.05,bz.38.09,3,Nackenkissen – Premium,reisen-und-gepaeck/nackenkissen/nackenkissen-premium
bz.38.09.06,bz.38.09,3,Nackenkissen – Budget,reisen-und-gepaeck/nackenkissen/nackenkissen-budget
bz.38.09.07,bz.38.09,3,Nackenkissen – Handgepäck,reisen-und-gepaeck/nackenkissen/nackenkissen-handgepaeck
bz.38.09.08,bz.38.09,3,Nackenkissen – Großgepäck,reisen-und-gepaeck/nackenkissen/nackenkissen-grossgepaeck
bz.38.09.09,bz.38.09,3,Nackenkissen – Profi,reisen-und-gepaeck/nackenkissen/nackenkissen-profi
bz.38.09.10,bz.38.09,3,Nackenkissen – Zubehör,reisen-und-gepaeck/nackenkissen/nackenkissen-zubehoer
bz.38.10,bz.38,2,Reisezubehör,reisen-und-gepaeck/reisezubehoer
bz.38.10.01,bz.38.10,3,Reisezubehör – Business,reisen-und-gepaeck/reisezubehoer/reisezubehoer-business
bz.38.10.02,bz.38.10,3,Reisezubehör – Familie,reisen-und-gepaeck/reisezubehoer/reisezubehoer-familie
bz.38.10.03,bz.38.10,3,Reisezubehör – Outdoor,reisen-und-gepaeck/reisezubehoer/reisezubehoer-outdoor
bz.38.10.04,bz.38.10,3,Reisezubehör – Camping,reisen-und-gepaeck/reisezubehoer/reisezubehoer-camping
bz.38.10.05,bz.38.10,3,Reisezubehör – Premium,reisen-und-gepaeck/reisezubehoer/reisezubehoer-premium
bz.38.10.06,bz.38.10,3,Reisezubehör – Budget,reisen-und-gepaeck/reisezubehoer/reisezubehoer-budget
bz.38.10.07,bz.38.10,3,Reisezubehör – Handgepäck,reisen-und-gepaeck/reisezubehoer/reisezubehoer-handgepaeck
bz.38.10.08,bz.38.10,3,Reisezubehör – Großgepäck,reisen-und-gepaeck/reisezubehoer/reisezubehoer-grossgepaeck
bz.38.10.09,bz.38.10,3,Reisezubehör – Profi,reisen-und-gepaeck/reisezubehoer/reisezubehoer-profi
bz.38.10.10,bz.38.10,3,Reisezubehör – Zubehör,reisen-und-gepaeck/reisezubehoer/reisezubehoer-zubehoer
bz.38.11,bz.38,2,Camping-Reise,reisen-und-gepaeck/camping-reise
bz.38.11.01,bz.38.11,3,Camping-Reise – Business,reisen-und-gepaeck/camping-reise/camping-reise-business
bz.38.11.02,bz.38.11,3,Camping-Reise – Familie,reisen-und-gepaeck/camping-reise/camping-reise-familie
bz.38.11.03,bz.38.11,3,Camping-Reise – Outdoor,reisen-und-gepaeck/camping-reise/camping-reise-outdoor
bz.38.11.04,bz.38.11,3,Camping-Reise – Camping,reisen-und-gepaeck/camping-reise/camping-reise-camping
bz.38.11.05,bz.38.11,3,Camping-Reise – Premium,reisen-und-gepaeck/camping-reise/camping-reise-premium
bz.38.11.06,bz.38.11,3,Camping-Reise – Budget,reisen-und-gepaeck/camping-reise/camping-reise-budget
bz.38.11.07,bz.38.11,3,Camping-Reise – Handgepäck,reisen-und-gepaeck/camping-reise/camping-reise-handgepaeck
bz.38.11.08,bz.38.11,3,Camping-Reise – Großgepäck,reisen-und-gepaeck/camping-reise/camping-reise-grossgepaeck
bz.38.11.09,bz.38.11,3,Camping-Reise – Profi,reisen-und-gepaeck/camping-reise/camping-reise-profi
bz.38.11.10,bz.38.11,3,Camping-Reise – Zubehör,reisen-und-gepaeck/camping-reise/camping-reise-zubehoer
bz.38.12,bz.38,2,Gepäckschutz,reisen-und-gepaeck/gepaeckschutz
bz.38.12.01,bz.38.12,3,Gepäckschutz – Business,reisen-und-gepaeck/gepaeckschutz/gepaeckschutz-business
bz.38.12.02,bz.38.12,3,Gepäckschutz – Familie,reisen-und-gepaeck/gepaeckschutz/gepaeckschutz-familie
bz.38.12.03,bz.38.12,3,Gepäckschutz – Outdoor,reisen-und-gepaeck/gepaeckschutz/gepaeckschutz-outdoor
bz.38.12.04,bz.38.12,3,Gepäckschutz – Camping,reisen-und-gepaeck/gepaeckschutz/gepaeckschutz-camping
bz.38.12.05,bz.38.12,3,Gepäckschutz – Premium,reisen-und-gepaeck/gepaeckschutz/gepaeckschutz-premium
bz.38.12.06,bz.38.12,3,Gepäckschutz – Budget,reisen-und-gepaeck/gepaeckschutz/gepaeckschutz-budget
bz.38.12.07,bz.38.12,3,Gepäckschutz – Handgepäck,reisen-und-gepaeck/gepaeckschutz/gepaeckschutz-handgepaeck
bz.38.12.08,bz.38.12,3,Gepäckschutz – Großgepäck,reisen-und-gepaeck/gepaeckschutz/gepaeckschutz-grossgepaeck
bz.38.12.09,bz.38.12,3,Gepäckschutz – Profi,reisen-und-gepaeck/gepaeckschutz/gepaeckschutz-profi
bz.38.12.10,bz.38.12,3,Gepäckschutz – Zubehör,reisen-und-gepaeck/gepaeckschutz/gepaeckschutz-zubehoer
bz.39,,1,Geschenke & Anlässe,geschenke-und-anlaesse
bz.39.01,bz.39,2,Geburtstag,geschenke-und-anlaesse/geburtstag
bz.39.01.01,bz.39.01,3,Geburtstag – Geburtstag,geschenke-und-anlaesse/geburtstag/geburtstag-geburtstag
bz.39.01.02,bz.39.01,3,Geburtstag – Hochzeit,geschenke-und-anlaesse/geburtstag/geburtstag-hochzeit
bz.39.01.03,bz.39.01,3,Geburtstag – Baby,geschenke-und-anlaesse/geburtstag/geburtstag-baby
bz.39.01.04,bz.39.01,3,Geburtstag – Schule,geschenke-und-anlaesse/geburtstag/geburtstag-schule
bz.39.01.05,bz.39.01,3,Geburtstag – Weihnachten,geschenke-und-anlaesse/geburtstag/geburtstag-weihnachten
bz.39.01.06,bz.39.01,3,Geburtstag – Ostern,geschenke-und-anlaesse/geburtstag/geburtstag-ostern
bz.39.01.07,bz.39.01,3,Geburtstag – Jubiläum,geschenke-und-anlaesse/geburtstag/geburtstag-jubilaeum
bz.39.01.08,bz.39.01,3,Geburtstag – Party,geschenke-und-anlaesse/geburtstag/geburtstag-party
bz.39.01.09,bz.39.01,3,Geburtstag – Business,geschenke-und-anlaesse/geburtstag/geburtstag-business
bz.39.01.10,bz.39.01,3,Geburtstag – Personalisiert,geschenke-und-anlaesse/geburtstag/geburtstag-personalisiert
bz.39.02,bz.39,2,Hochzeit,geschenke-und-anlaesse/hochzeit
bz.39.02.01,bz.39.02,3,Hochzeit – Geburtstag,geschenke-und-anlaesse/hochzeit/hochzeit-geburtstag
bz.39.02.02,bz.39.02,3,Hochzeit – Hochzeit,geschenke-und-anlaesse/hochzeit/hochzeit-hochzeit
bz.39.02.03,bz.39.02,3,Hochzeit – Baby,geschenke-und-anlaesse/hochzeit/hochzeit-baby
bz.39.02.04,bz.39.02,3,Hochzeit – Schule,geschenke-und-anlaesse/hochzeit/hochzeit-schule
bz.39.02.05,bz.39.02,3,Hochzeit – Weihnachten,geschenke-und-anlaesse/hochzeit/hochzeit-weihnachten
bz.39.02.06,bz.39.02,3,Hochzeit – Ostern,geschenke-und-anlaesse/hochzeit/hochzeit-ostern
bz.39.02.07,bz.39.02,3,Hochzeit – Jubiläum,geschenke-und-anlaesse/hochzeit/hochzeit-jubilaeum
bz.39.02.08,bz.39.02,3,Hochzeit – Party,geschenke-und-anlaesse/hochzeit/hochzeit-party
bz.39.02.09,bz.39.02,3,Hochzeit – Business,geschenke-und-anlaesse/hochzeit/hochzeit-business
bz.39.02.10,bz.39.02,3,Hochzeit – Personalisiert,geschenke-und-anlaesse/hochzeit/hochzeit-personalisiert
bz.39.03,bz.39,2,Einschulung,geschenke-und-anlaesse/einschulung
bz.39.03.01,bz.39.03,3,Einschulung – Geburtstag,geschenke-und-anlaesse/einschulung/einschulung-geburtstag
bz.39.03.02,bz.39.03,3,Einschulung – Hochzeit,geschenke-und-anlaesse/einschulung/einschulung-hochzeit
bz.39.03.03,bz.39.03,3,Einschulung – Baby,geschenke-und-anlaesse/einschulung/einschulung-baby
bz.39.03.04,bz.39.03,3,Einschulung – Schule,geschenke-und-anlaesse/einschulung/einschulung-schule
bz.39.03.05,bz.39.03,3,Einschulung – Weihnachten,geschenke-und-anlaesse/einschulung/einschulung-weihnachten
bz.39.03.06,bz.39.03,3,Einschulung – Ostern,geschenke-und-anlaesse/einschulung/einschulung-ostern
bz.39.03.07,bz.39.03,3,Einschulung – Jubiläum,geschenke-und-anlaesse/einschulung/einschulung-jubilaeum
bz.39.03.08,bz.39.03,3,Einschulung – Party,geschenke-und-anlaesse/einschulung/einschulung-party
bz.39.03.09,bz.39.03,3,Einschulung – Business,geschenke-und-anlaesse/einschulung/einschulung-business
bz.39.03.10,bz.39.03,3,Einschulung – Personalisiert,geschenke-und-anlaesse/einschulung/einschulung-personalisiert
bz.39.04,bz.39,2,Weihnachten,geschenke-und-anlaesse/weihnachten
bz.39.04.01,bz.39.04,3,Weihnachten – Geburtstag,geschenke-und-anlaesse/weihnachten/weihnachten-geburtstag
bz.39.04.02,bz.39.04,3,Weihnachten – Hochzeit,geschenke-und-anlaesse/weihnachten/weihnachten-hochzeit
bz.39.04.03,bz.39.04,3,Weihnachten – Baby,geschenke-und-anlaesse/weihnachten/weihnachten-baby
bz.39.04.04,bz.39.04,3,Weihnachten – Schule,geschenke-und-anlaesse/weihnachten/weihnachten-schule
bz.39.04.05,bz.39.04,3,Weihnachten – Weihnachten,geschenke-und-anlaesse/weihnachten/weihnachten-weihnachten
bz.39.04.06,bz.39.04,3,Weihnachten – Ostern,geschenke-und-anlaesse/weihnachten/weihnachten-ostern
bz.39.04.07,bz.39.04,3,Weihnachten – Jubiläum,geschenke-und-anlaesse/weihnachten/weihnachten-jubilaeum
bz.39.04.08,bz.39.04,3,Weihnachten – Party,geschenke-und-anlaesse/weihnachten/weihnachten-party
bz.39.04.09,bz.39.04,3,Weihnachten – Business,geschenke-und-anlaesse/weihnachten/weihnachten-business
bz.39.04.10,bz.39.04,3,Weihnachten – Personalisiert,geschenke-und-anlaesse/weihnachten/weihnachten-personalisiert
bz.39.05,bz.39,2,Ostern,geschenke-und-anlaesse/ostern
bz.39.05.01,bz.39.05,3,Ostern – Geburtstag,geschenke-und-anlaesse/ostern/ostern-geburtstag
bz.39.05.02,bz.39.05,3,Ostern – Hochzeit,geschenke-und-anlaesse/ostern/ostern-hochzeit
bz.39.05.03,bz.39.05,3,Ostern – Baby,geschenke-und-anlaesse/ostern/ostern-baby
bz.39.05.04,bz.39.05,3,Ostern – Schule,geschenke-und-anlaesse/ostern/ostern-schule
bz.39.05.05,bz.39.05,3,Ostern – Weihnachten,geschenke-und-anlaesse/ostern/ostern-weihnachten
bz.39.05.06,bz.39.05,3,Ostern – Ostern,geschenke-und-anlaesse/ostern/ostern-ostern
bz.39.05.07,bz.39.05,3,Ostern – Jubiläum,geschenke-und-anlaesse/ostern/ostern-jubilaeum
bz.39.05.08,bz.39.05,3,Ostern – Party,geschenke-und-anlaesse/ostern/ostern-party
bz.39.05.09,bz.39.05,3,Ostern – Business,geschenke-und-anlaesse/ostern/ostern-business
bz.39.05.10,bz.39.05,3,Ostern – Personalisiert,geschenke-und-anlaesse/ostern/ostern-personalisiert
bz.39.06,bz.39,2,Valentinstag,geschenke-und-anlaesse/valentinstag
bz.39.06.01,bz.39.06,3,Valentinstag – Geburtstag,geschenke-und-anlaesse/valentinstag/valentinstag-geburtstag
bz.39.06.02,bz.39.06,3,Valentinstag – Hochzeit,geschenke-und-anlaesse/valentinstag/valentinstag-hochzeit
bz.39.06.03,bz.39.06,3,Valentinstag – Baby,geschenke-und-anlaesse/valentinstag/valentinstag-baby
bz.39.06.04,bz.39.06,3,Valentinstag – Schule,geschenke-und-anlaesse/valentinstag/valentinstag-schule
bz.39.06.05,bz.39.06,3,Valentinstag – Weihnachten,geschenke-und-anlaesse/valentinstag/valentinstag-weihnachten
bz.39.06.06,bz.39.06,3,Valentinstag – Ostern,geschenke-und-anlaesse/valentinstag/valentinstag-ostern
bz.39.06.07,bz.39.06,3,Valentinstag – Jubiläum,geschenke-und-anlaesse/valentinstag/valentinstag-jubilaeum
bz.39.06.08,bz.39.06,3,Valentinstag – Party,geschenke-und-anlaesse/valentinstag/valentinstag-party
bz.39.06.09,bz.39.06,3,Valentinstag – Business,geschenke-und-anlaesse/valentinstag/valentinstag-business
bz.39.06.10,bz.39.06,3,Valentinstag – Personalisiert,geschenke-und-anlaesse/valentinstag/valentinstag-personalisiert
bz.39.07,bz.39,2,Babyparty,geschenke-und-anlaesse/babyparty
bz.39.07.01,bz.39.07,3,Babyparty – Geburtstag,geschenke-und-anlaesse/babyparty/babyparty-geburtstag
bz.39.07.02,bz.39.07,3,Babyparty – Hochzeit,geschenke-und-anlaesse/babyparty/babyparty-hochzeit
bz.39.07.03,bz.39.07,3,Babyparty – Baby,geschenke-und-anlaesse/babyparty/babyparty-baby
bz.39.07.04,bz.39.07,3,Babyparty – Schule,geschenke-und-anlaesse/babyparty/babyparty-schule
bz.39.07.05,bz.39.07,3,Babyparty – Weihnachten,geschenke-und-anlaesse/babyparty/babyparty-weihnachten
bz.39.07.06,bz.39.07,3,Babyparty – Ostern,geschenke-und-anlaesse/babyparty/babyparty-ostern
bz.39.07.07,bz.39.07,3,Babyparty – Jubiläum,geschenke-und-anlaesse/babyparty/babyparty-jubilaeum
bz.39.07.08,bz.39.07,3,Babyparty – Party,geschenke-und-anlaesse/babyparty/babyparty-party
bz.39.07.09,bz.39.07,3,Babyparty – Business,geschenke-und-anlaesse/babyparty/babyparty-business
bz.39.07.10,bz.39.07,3,Babyparty – Personalisiert,geschenke-und-anlaesse/babyparty/babyparty-personalisiert
bz.39.08,bz.39,2,Jubiläum,geschenke-und-anlaesse/jubilaeum
bz.39.08.01,bz.39.08,3,Jubiläum – Geburtstag,geschenke-und-anlaesse/jubilaeum/jubilaeum-geburtstag
bz.39.08.02,bz.39.08,3,Jubiläum – Hochzeit,geschenke-und-anlaesse/jubilaeum/jubilaeum-hochzeit
bz.39.08.03,bz.39.08,3,Jubiläum – Baby,geschenke-und-anlaesse/jubilaeum/jubilaeum-baby
bz.39.08.04,bz.39.08,3,Jubiläum – Schule,geschenke-und-anlaesse/jubilaeum/jubilaeum-schule
bz.39.08.05,bz.39.08,3,Jubiläum – Weihnachten,geschenke-und-anlaesse/jubilaeum/jubilaeum-weihnachten
bz.39.08.06,bz.39.08,3,Jubiläum – Ostern,geschenke-und-anlaesse/jubilaeum/jubilaeum-ostern
bz.39.08.07,bz.39.08,3,Jubiläum – Jubiläum,geschenke-und-anlaesse/jubilaeum/jubilaeum-jubilaeum
bz.39.08.08,bz.39.08,3,Jubiläum – Party,geschenke-und-anlaesse/jubilaeum/jubilaeum-party
bz.39.08.09,bz.39.08,3,Jubiläum – Business,geschenke-und-anlaesse/jubilaeum/jubilaeum-business
bz.39.08.10,bz.39.08,3,Jubiläum – Personalisiert,geschenke-und-anlaesse/jubilaeum/jubilaeum-personalisiert
bz.39.09,bz.39,2,Partydekoration,geschenke-und-anlaesse/partydekoration
bz.39.09.01,bz.39.09,3,Partydekoration – Geburtstag,geschenke-und-anlaesse/partydekoration/partydekoration-geburtstag
bz.39.09.02,bz.39.09,3,Partydekoration – Hochzeit,geschenke-und-anlaesse/partydekoration/partydekoration-hochzeit
bz.39.09.03,bz.39.09,3,Partydekoration – Baby,geschenke-und-anlaesse/partydekoration/partydekoration-baby
bz.39.09.04,bz.39.09,3,Partydekoration – Schule,geschenke-und-anlaesse/partydekoration/partydekoration-schule
bz.39.09.05,bz.39.09,3,Partydekoration – Weihnachten,geschenke-und-anlaesse/partydekoration/partydekoration-weihnachten
bz.39.09.06,bz.39.09,3,Partydekoration – Ostern,geschenke-und-anlaesse/partydekoration/partydekoration-ostern
bz.39.09.07,bz.39.09,3,Partydekoration – Jubiläum,geschenke-und-anlaesse/partydekoration/partydekoration-jubilaeum
bz.39.09.08,bz.39.09,3,Partydekoration – Party,geschenke-und-anlaesse/partydekoration/partydekoration-party
bz.39.09.09,bz.39.09,3,Partydekoration – Business,geschenke-und-anlaesse/partydekoration/partydekoration-business
bz.39.09.10,bz.39.09,3,Partydekoration – Personalisiert,geschenke-und-anlaesse/partydekoration/partydekoration-personalisiert
bz.39.10,bz.39,2,Ballons,geschenke-und-anlaesse/ballons
bz.39.10.01,bz.39.10,3,Ballons – Geburtstag,geschenke-und-anlaesse/ballons/ballons-geburtstag
bz.39.10.02,bz.39.10,3,Ballons – Hochzeit,geschenke-und-anlaesse/ballons/ballons-hochzeit
bz.39.10.03,bz.39.10,3,Ballons – Baby,geschenke-und-anlaesse/ballons/ballons-baby
bz.39.10.04,bz.39.10,3,Ballons – Schule,geschenke-und-anlaesse/ballons/ballons-schule
bz.39.10.05,bz.39.10,3,Ballons – Weihnachten,geschenke-und-anlaesse/ballons/ballons-weihnachten
bz.39.10.06,bz.39.10,3,Ballons – Ostern,geschenke-und-anlaesse/ballons/ballons-ostern
bz.39.10.07,bz.39.10,3,Ballons – Jubiläum,geschenke-und-anlaesse/ballons/ballons-jubilaeum
bz.39.10.08,bz.39.10,3,Ballons – Party,geschenke-und-anlaesse/ballons/ballons-party
bz.39.10.09,bz.39.10,3,Ballons – Business,geschenke-und-anlaesse/ballons/ballons-business
bz.39.10.10,bz.39.10,3,Ballons – Personalisiert,geschenke-und-anlaesse/ballons/ballons-personalisiert
bz.39.11,bz.39,2,Geschenksets,geschenke-und-anlaesse/geschenksets
bz.39.11.01,bz.39.11,3,Geschenksets – Geburtstag,geschenke-und-anlaesse/geschenksets/geschenksets-geburtstag
bz.39.11.02,bz.39.11,3,Geschenksets – Hochzeit,geschenke-und-anlaesse/geschenksets/geschenksets-hochzeit
bz.39.11.03,bz.39.11,3,Geschenksets – Baby,geschenke-und-anlaesse/geschenksets/geschenksets-baby
bz.39.11.04,bz.39.11,3,Geschenksets – Schule,geschenke-und-anlaesse/geschenksets/geschenksets-schule
bz.39.11.05,bz.39.11,3,Geschenksets – Weihnachten,geschenke-und-anlaesse/geschenksets/geschenksets-weihnachten
bz.39.11.06,bz.39.11,3,Geschenksets – Ostern,geschenke-und-anlaesse/geschenksets/geschenksets-ostern
bz.39.11.07,bz.39.11,3,Geschenksets – Jubiläum,geschenke-und-anlaesse/geschenksets/geschenksets-jubilaeum
bz.39.11.08,bz.39.11,3,Geschenksets – Party,geschenke-und-anlaesse/geschenksets/geschenksets-party
bz.39.11.09,bz.39.11,3,Geschenksets – Business,geschenke-und-anlaesse/geschenksets/geschenksets-business
bz.39.11.10,bz.39.11,3,Geschenksets – Personalisiert,geschenke-und-anlaesse/geschenksets/geschenksets-personalisiert
bz.39.12,bz.39,2,Personalisierte Geschenke,geschenke-und-anlaesse/personalisierte-geschenke
bz.39.12.01,bz.39.12,3,Personalisierte Geschenke – Geburtstag,geschenke-und-anlaesse/personalisierte-geschenke/personalisierte-geschenke-geburtstag
bz.39.12.02,bz.39.12,3,Personalisierte Geschenke – Hochzeit,geschenke-und-anlaesse/personalisierte-geschenke/personalisierte-geschenke-hochzeit
bz.39.12.03,bz.39.12,3,Personalisierte Geschenke – Baby,geschenke-und-anlaesse/personalisierte-geschenke/personalisierte-geschenke-baby
bz.39.12.04,bz.39.12,3,Personalisierte Geschenke – Schule,geschenke-und-anlaesse/personalisierte-geschenke/personalisierte-geschenke-schule
bz.39.12.05,bz.39.12,3,Personalisierte Geschenke – Weihnachten,geschenke-und-anlaesse/personalisierte-geschenke/personalisierte-geschenke-weihnachten
bz.39.12.06,bz.39.12,3,Personalisierte Geschenke – Ostern,geschenke-und-anlaesse/personalisierte-geschenke/personalisierte-geschenke-ostern
bz.39.12.07,bz.39.12,3,Personalisierte Geschenke – Jubiläum,geschenke-und-anlaesse/personalisierte-geschenke/personalisierte-geschenke-jubilaeum
bz.39.12.08,bz.39.12,3,Personalisierte Geschenke – Party,geschenke-und-anlaesse/personalisierte-geschenke/personalisierte-geschenke-party
bz.39.12.09,bz.39.12,3,Personalisierte Geschenke – Business,geschenke-und-anlaesse/personalisierte-geschenke/personalisierte-geschenke-business
bz.39.12.10,bz.39.12,3,Personalisierte Geschenke – Personalisiert,geschenke-und-anlaesse/personalisierte-geschenke/personalisierte-geschenke-personalisiert
bz.40,,1,Weitere Kategorien,weitere-kategorien
bz.40.01,bz.40,2,Neuheiten,weitere-kategorien/neuheiten
bz.40.01.01,bz.40.01,3,Neuheiten – Neu,weitere-kategorien/neuheiten/neuheiten-neu
bz.40.01.02,bz.40.01,3,Neuheiten – Trend,weitere-kategorien/neuheiten/neuheiten-trend
bz.40.01.03,bz.40.01,3,Neuheiten – Bestseller,weitere-kategorien/neuheiten/neuheiten-bestseller
bz.40.01.04,bz.40.01,3,Neuheiten – Sonderposten,weitere-kategorien/neuheiten/neuheiten-sonderposten
bz.40.01.05,bz.40.01,3,Neuheiten – Restposten,weitere-kategorien/neuheiten/neuheiten-restposten
bz.40.01.06,bz.40.01,3,Neuheiten – Outlet,weitere-kategorien/neuheiten/neuheiten-outlet
bz.40.01.07,bz.40.01,3,Neuheiten – Saison,weitere-kategorien/neuheiten/neuheiten-saison
bz.40.01.08,bz.40.01,3,Neuheiten – Premium,weitere-kategorien/neuheiten/neuheiten-premium
bz.40.01.09,bz.40.01,3,Neuheiten – Nischenprodukt,weitere-kategorien/neuheiten/neuheiten-nischenprodukt
bz.40.01.10,bz.40.01,3,Neuheiten – Zubehör,weitere-kategorien/neuheiten/neuheiten-zubehoer
bz.40.02,bz.40,2,Trends,weitere-kategorien/trends
bz.40.02.01,bz.40.02,3,Trends – Neu,weitere-kategorien/trends/trends-neu
bz.40.02.02,bz.40.02,3,Trends – Trend,weitere-kategorien/trends/trends-trend
bz.40.02.03,bz.40.02,3,Trends – Bestseller,weitere-kategorien/trends/trends-bestseller
bz.40.02.04,bz.40.02,3,Trends – Sonderposten,weitere-kategorien/trends/trends-sonderposten
bz.40.02.05,bz.40.02,3,Trends – Restposten,weitere-kategorien/trends/trends-restposten
bz.40.02.06,bz.40.02,3,Trends – Outlet,weitere-kategorien/trends/trends-outlet
bz.40.02.07,bz.40.02,3,Trends – Saison,weitere-kategorien/trends/trends-saison
bz.40.02.08,bz.40.02,3,Trends – Premium,weitere-kategorien/trends/trends-premium
bz.40.02.09,bz.40.02,3,Trends – Nischenprodukt,weitere-kategorien/trends/trends-nischenprodukt
bz.40.02.10,bz.40.02,3,Trends – Zubehör,weitere-kategorien/trends/trends-zubehoer
bz.40.03,bz.40,2,Bestseller,weitere-kategorien/bestseller
bz.40.03.01,bz.40.03,3,Bestseller – Neu,weitere-kategorien/bestseller/bestseller-neu
bz.40.03.02,bz.40.03,3,Bestseller – Trend,weitere-kategorien/bestseller/bestseller-trend
bz.40.03.03,bz.40.03,3,Bestseller – Bestseller,weitere-kategorien/bestseller/bestseller-bestseller
bz.40.03.04,bz.40.03,3,Bestseller – Sonderposten,weitere-kategorien/bestseller/bestseller-sonderposten
bz.40.03.05,bz.40.03,3,Bestseller – Restposten,weitere-kategorien/bestseller/bestseller-restposten
bz.40.03.06,bz.40.03,3,Bestseller – Outlet,weitere-kategorien/bestseller/bestseller-outlet
bz.40.03.07,bz.40.03,3,Bestseller – Saison,weitere-kategorien/bestseller/bestseller-saison
bz.40.03.08,bz.40.03,3,Bestseller – Premium,weitere-kategorien/bestseller/bestseller-premium
bz.40.03.09,bz.40.03,3,Bestseller – Nischenprodukt,weitere-kategorien/bestseller/bestseller-nischenprodukt
bz.40.03.10,bz.40.03,3,Bestseller – Zubehör,weitere-kategorien/bestseller/bestseller-zubehoer
bz.40.04,bz.40,2,Sonderangebote,weitere-kategorien/sonderangebote
bz.40.04.01,bz.40.04,3,Sonderangebote – Neu,weitere-kategorien/sonderangebote/sonderangebote-neu
bz.40.04.02,bz.40.04,3,Sonderangebote – Trend,weitere-kategorien/sonderangebote/sonderangebote-trend
bz.40.04.03,bz.40.04,3,Sonderangebote – Bestseller,weitere-kategorien/sonderangebote/sonderangebote-bestseller
bz.40.04.04,bz.40.04,3,Sonderangebote – Sonderposten,weitere-kategorien/sonderangebote/sonderangebote-sonderposten
bz.40.04.05,bz.40.04,3,Sonderangebote – Restposten,weitere-kategorien/sonderangebote/sonderangebote-restposten
bz.40.04.06,bz.40.04,3,Sonderangebote – Outlet,weitere-kategorien/sonderangebote/sonderangebote-outlet
bz.40.04.07,bz.40.04,3,Sonderangebote – Saison,weitere-kategorien/sonderangebote/sonderangebote-saison
bz.40.04.08,bz.40.04,3,Sonderangebote – Premium,weitere-kategorien/sonderangebote/sonderangebote-premium
bz.40.04.09,bz.40.04,3,Sonderangebote – Nischenprodukt,weitere-kategorien/sonderangebote/sonderangebote-nischenprodukt
bz.40.04.10,bz.40.04,3,Sonderangebote – Zubehör,weitere-kategorien/sonderangebote/sonderangebote-zubehoer
bz.40.05,bz.40,2,Restposten,weitere-kategorien/restposten
bz.40.05.01,bz.40.05,3,Restposten – Neu,weitere-kategorien/restposten/restposten-neu
bz.40.05.02,bz.40.05,3,Restposten – Trend,weitere-kategorien/restposten/restposten-trend
bz.40.05.03,bz.40.05,3,Restposten – Bestseller,weitere-kategorien/restposten/restposten-bestseller
bz.40.05.04,bz.40.05,3,Restposten – Sonderposten,weitere-kategorien/restposten/restposten-sonderposten
bz.40.05.05,bz.40.05,3,Restposten – Restposten,weitere-kategorien/restposten/restposten-restposten
bz.40.05.06,bz.40.05,3,Restposten – Outlet,weitere-kategorien/restposten/restposten-outlet
bz.40.05.07,bz.40.05,3,Restposten – Saison,weitere-kategorien/restposten/restposten-saison
bz.40.05.08,bz.40.05,3,Restposten – Premium,weitere-kategorien/restposten/restposten-premium
bz.40.05.09,bz.40.05,3,Restposten – Nischenprodukt,weitere-kategorien/restposten/restposten-nischenprodukt
bz.40.05.10,bz.40.05,3,Restposten – Zubehör,weitere-kategorien/restposten/restposten-zubehoer
bz.40.06,bz.40,2,Sonderposten,weitere-kategorien/sonderposten
bz.40.06.01,bz.40.06,3,Sonderposten – Neu,weitere-kategorien/sonderposten/sonderposten-neu
bz.40.06.02,bz.40.06,3,Sonderposten – Trend,weitere-kategorien/sonderposten/sonderposten-trend
bz.40.06.03,bz.40.06,3,Sonderposten – Bestseller,weitere-kategorien/sonderposten/sonderposten-bestseller
bz.40.06.04,bz.40.06,3,Sonderposten – Sonderposten,weitere-kategorien/sonderposten/sonderposten-sonderposten
bz.40.06.05,bz.40.06,3,Sonderposten – Restposten,weitere-kategorien/sonderposten/sonderposten-restposten
bz.40.06.06,bz.40.06,3,Sonderposten – Outlet,weitere-kategorien/sonderposten/sonderposten-outlet
bz.40.06.07,bz.40.06,3,Sonderposten – Saison,weitere-kategorien/sonderposten/sonderposten-saison
bz.40.06.08,bz.40.06,3,Sonderposten – Premium,weitere-kategorien/sonderposten/sonderposten-premium
bz.40.06.09,bz.40.06,3,Sonderposten – Nischenprodukt,weitere-kategorien/sonderposten/sonderposten-nischenprodukt
bz.40.06.10,bz.40.06,3,Sonderposten – Zubehör,weitere-kategorien/sonderposten/sonderposten-zubehoer
bz.40.07,bz.40,2,Abverkauf,weitere-kategorien/abverkauf
bz.40.07.01,bz.40.07,3,Abverkauf – Neu,weitere-kategorien/abverkauf/abverkauf-neu
bz.40.07.02,bz.40.07,3,Abverkauf – Trend,weitere-kategorien/abverkauf/abverkauf-trend
bz.40.07.03,bz.40.07,3,Abverkauf – Bestseller,weitere-kategorien/abverkauf/abverkauf-bestseller
bz.40.07.04,bz.40.07,3,Abverkauf – Sonderposten,weitere-kategorien/abverkauf/abverkauf-sonderposten
bz.40.07.05,bz.40.07,3,Abverkauf – Restposten,weitere-kategorien/abverkauf/abverkauf-restposten
bz.40.07.06,bz.40.07,3,Abverkauf – Outlet,weitere-kategorien/abverkauf/abverkauf-outlet
bz.40.07.07,bz.40.07,3,Abverkauf – Saison,weitere-kategorien/abverkauf/abverkauf-saison
bz.40.07.08,bz.40.07,3,Abverkauf – Premium,weitere-kategorien/abverkauf/abverkauf-premium
bz.40.07.09,bz.40.07,3,Abverkauf – Nischenprodukt,weitere-kategorien/abverkauf/abverkauf-nischenprodukt
bz.40.07.10,bz.40.07,3,Abverkauf – Zubehör,weitere-kategorien/abverkauf/abverkauf-zubehoer
bz.40.08,bz.40,2,Retourenware,weitere-kategorien/retourenware
bz.40.08.01,bz.40.08,3,Retourenware – Neu,weitere-kategorien/retourenware/retourenware-neu
bz.40.08.02,bz.40.08,3,Retourenware – Trend,weitere-kategorien/retourenware/retourenware-trend
bz.40.08.03,bz.40.08,3,Retourenware – Bestseller,weitere-kategorien/retourenware/retourenware-bestseller
bz.40.08.04,bz.40.08,3,Retourenware – Sonderposten,weitere-kategorien/retourenware/retourenware-sonderposten
bz.40.08.05,bz.40.08,3,Retourenware – Restposten,weitere-kategorien/retourenware/retourenware-restposten
bz.40.08.06,bz.40.08,3,Retourenware – Outlet,weitere-kategorien/retourenware/retourenware-outlet
bz.40.08.07,bz.40.08,3,Retourenware – Saison,weitere-kategorien/retourenware/retourenware-saison
bz.40.08.08,bz.40.08,3,Retourenware – Premium,weitere-kategorien/retourenware/retourenware-premium
bz.40.08.09,bz.40.08,3,Retourenware – Nischenprodukt,weitere-kategorien/retourenware/retourenware-nischenprodukt
bz.40.08.10,bz.40.08,3,Retourenware – Zubehör,weitere-kategorien/retourenware/retourenware-zubehoer
bz.40.09,bz.40,2,Outlet,weitere-kategorien/outlet
bz.40.09.01,bz.40.09,3,Outlet – Neu,weitere-kategorien/outlet/outlet-neu
bz.40.09.02,bz.40.09,3,Outlet – Trend,weitere-kategorien/outlet/outlet-trend
bz.40.09.03,bz.40.09,3,Outlet – Bestseller,weitere-kategorien/outlet/outlet-bestseller
bz.40.09.04,bz.40.09,3,Outlet – Sonderposten,weitere-kategorien/outlet/outlet-sonderposten
bz.40.09.05,bz.40.09,3,Outlet – Restposten,weitere-kategorien/outlet/outlet-restposten
bz.40.09.06,bz.40.09,3,Outlet – Outlet,weitere-kategorien/outlet/outlet-outlet
bz.40.09.07,bz.40.09,3,Outlet – Saison,weitere-kategorien/outlet/outlet-saison
bz.40.09.08,bz.40.09,3,Outlet – Premium,weitere-kategorien/outlet/outlet-premium
bz.40.09.09,bz.40.09,3,Outlet – Nischenprodukt,weitere-kategorien/outlet/outlet-nischenprodukt
bz.40.09.10,bz.40.09,3,Outlet – Zubehör,weitere-kategorien/outlet/outlet-zubehoer
bz.40.10,bz.40,2,Saisonware,weitere-kategorien/saisonware
bz.40.10.01,bz.40.10,3,Saisonware – Neu,weitere-kategorien/saisonware/saisonware-neu
bz.40.10.02,bz.40.10,3,Saisonware – Trend,weitere-kategorien/saisonware/saisonware-trend
bz.40.10.03,bz.40.10,3,Saisonware – Bestseller,weitere-kategorien/saisonware/saisonware-bestseller
bz.40.10.04,bz.40.10,3,Saisonware – Sonderposten,weitere-kategorien/saisonware/saisonware-sonderposten
bz.40.10.05,bz.40.10,3,Saisonware – Restposten,weitere-kategorien/saisonware/saisonware-restposten
bz.40.10.06,bz.40.10,3,Saisonware – Outlet,weitere-kategorien/saisonware/saisonware-outlet
bz.40.10.07,bz.40.10,3,Saisonware – Saison,weitere-kategorien/saisonware/saisonware-saison
bz.40.10.08,bz.40.10,3,Saisonware – Premium,weitere-kategorien/saisonware/saisonware-premium
bz.40.10.09,bz.40.10,3,Saisonware – Nischenprodukt,weitere-kategorien/saisonware/saisonware-nischenprodukt
bz.40.10.10,bz.40.10,3,Saisonware – Zubehör,weitere-kategorien/saisonware/saisonware-zubehoer
bz.40.11,bz.40,2,Marktplatz-Spezial,weitere-kategorien/marktplatz-spezial
bz.40.11.01,bz.40.11,3,Marktplatz-Spezial – Neu,weitere-kategorien/marktplatz-spezial/marktplatz-spezial-neu
bz.40.11.02,bz.40.11,3,Marktplatz-Spezial – Trend,weitere-kategorien/marktplatz-spezial/marktplatz-spezial-trend
bz.40.11.03,bz.40.11,3,Marktplatz-Spezial – Bestseller,weitere-kategorien/marktplatz-spezial/marktplatz-spezial-bestseller
bz.40.11.04,bz.40.11,3,Marktplatz-Spezial – Sonderposten,weitere-kategorien/marktplatz-spezial/marktplatz-spezial-sonderposten
bz.40.11.05,bz.40.11,3,Marktplatz-Spezial – Restposten,weitere-kategorien/marktplatz-spezial/marktplatz-spezial-restposten
bz.40.11.06,bz.40.11,3,Marktplatz-Spezial – Outlet,weitere-kategorien/marktplatz-spezial/marktplatz-spezial-outlet
bz.40.11.07,bz.40.11,3,Marktplatz-Spezial – Saison,weitere-kategorien/marktplatz-spezial/marktplatz-spezial-saison
bz.40.11.08,bz.40.11,3,Marktplatz-Spezial – Premium,weitere-kategorien/marktplatz-spezial/marktplatz-spezial-premium
bz.40.11.09,bz.40.11,3,Marktplatz-Spezial – Nischenprodukt,weitere-kategorien/marktplatz-spezial/marktplatz-spezial-nischenprodukt
bz.40.11.10,bz.40.11,3,Marktplatz-Spezial – Zubehör,weitere-kategorien/marktplatz-spezial/marktplatz-spezial-zubehoer
bz.40.12,bz.40,2,Neue Produktfelder,weitere-kategorien/neue-produktfelder
bz.40.12.01,bz.40.12,3,Neue Produktfelder – Neu,weitere-kategorien/neue-produktfelder/neue-produktfelder-neu
bz.40.12.02,bz.40.12,3,Neue Produktfelder – Trend,weitere-kategorien/neue-produktfelder/neue-produktfelder-trend
bz.40.12.03,bz.40.12,3,Neue Produktfelder – Bestseller,weitere-kategorien/neue-produktfelder/neue-produktfelder-bestseller
bz.40.12.04,bz.40.12,3,Neue Produktfelder – Sonderposten,weitere-kategorien/neue-produktfelder/neue-produktfelder-sonderposten
bz.40.12.05,bz.40.12,3,Neue Produktfelder – Restposten,weitere-kategorien/neue-produktfelder/neue-produktfelder-restposten
bz.40.12.06,bz.40.12,3,Neue Produktfelder – Outlet,weitere-kategorien/neue-produktfelder/neue-produktfelder-outlet
bz.40.12.07,bz.40.12,3,Neue Produktfelder – Saison,weitere-kategorien/neue-produktfelder/neue-produktfelder-saison
bz.40.12.08,bz.40.12,3,Neue Produktfelder – Premium,weitere-kategorien/neue-produktfelder/neue-produktfelder-premium
bz.40.12.09,bz.40.12,3,Neue Produktfelder – Nischenprodukt,weitere-kategorien/neue-produktfelder/neue-produktfelder-nischenprodukt
bz.40.12.10,bz.40.12,3,Neue Produktfelder – Zubehör,weitere-kategorien/neue-produktfelder/neue-produktfelder-zubehoer
bz.41,,1,Industrie & CNC,industrie-und-cnc
bz.41.01,bz.41,2,CNC-Werkzeuge,industrie-und-cnc/cnc-werkzeuge
bz.41.01.01,bz.41.01,3,CNC-Werkzeuge – CNC,industrie-und-cnc/cnc-werkzeuge/cnc-werkzeuge-cnc
bz.41.01.02,bz.41.01,3,CNC-Werkzeuge – Manuell,industrie-und-cnc/cnc-werkzeuge/cnc-werkzeuge-manuell
bz.41.01.03,bz.41.01,3,CNC-Werkzeuge – Profi,industrie-und-cnc/cnc-werkzeuge/cnc-werkzeuge-profi
bz.41.01.04,bz.41.01,3,CNC-Werkzeuge – Industrie,industrie-und-cnc/cnc-werkzeuge/cnc-werkzeuge-industrie
bz.41.01.05,bz.41.01,3,CNC-Werkzeuge – Automotive,industrie-und-cnc/cnc-werkzeuge/cnc-werkzeuge-automotive
bz.41.01.06,bz.41.01,3,CNC-Werkzeuge – Aerospace,industrie-und-cnc/cnc-werkzeuge/cnc-werkzeuge-aerospace
bz.41.01.07,bz.41.01,3,CNC-Werkzeuge – Medical,industrie-und-cnc/cnc-werkzeuge/cnc-werkzeuge-medical
bz.41.01.08,bz.41.01,3,CNC-Werkzeuge – Automation,industrie-und-cnc/cnc-werkzeuge/cnc-werkzeuge-automation
bz.41.01.09,bz.41.01,3,CNC-Werkzeuge – Prototyping,industrie-und-cnc/cnc-werkzeuge/cnc-werkzeuge-prototyping
bz.41.01.10,bz.41.01,3,CNC-Werkzeuge – Zubehör,industrie-und-cnc/cnc-werkzeuge/cnc-werkzeuge-zubehoer
bz.41.02,bz.41,2,Werkzeughalter,industrie-und-cnc/werkzeughalter
bz.41.02.01,bz.41.02,3,Werkzeughalter – CNC,industrie-und-cnc/werkzeughalter/werkzeughalter-cnc
bz.41.02.02,bz.41.02,3,Werkzeughalter – Manuell,industrie-und-cnc/werkzeughalter/werkzeughalter-manuell
bz.41.02.03,bz.41.02,3,Werkzeughalter – Profi,industrie-und-cnc/werkzeughalter/werkzeughalter-profi
bz.41.02.04,bz.41.02,3,Werkzeughalter – Industrie,industrie-und-cnc/werkzeughalter/werkzeughalter-industrie
bz.41.02.05,bz.41.02,3,Werkzeughalter – Automotive,industrie-und-cnc/werkzeughalter/werkzeughalter-automotive
bz.41.02.06,bz.41.02,3,Werkzeughalter – Aerospace,industrie-und-cnc/werkzeughalter/werkzeughalter-aerospace
bz.41.02.07,bz.41.02,3,Werkzeughalter – Medical,industrie-und-cnc/werkzeughalter/werkzeughalter-medical
bz.41.02.08,bz.41.02,3,Werkzeughalter – Automation,industrie-und-cnc/werkzeughalter/werkzeughalter-automation
bz.41.02.09,bz.41.02,3,Werkzeughalter – Prototyping,industrie-und-cnc/werkzeughalter/werkzeughalter-prototyping
bz.41.02.10,bz.41.02,3,Werkzeughalter – Zubehör,industrie-und-cnc/werkzeughalter/werkzeughalter-zubehoer
bz.41.03,bz.41,2,Spanntechnik,industrie-und-cnc/spanntechnik
bz.41.03.01,bz.41.03,3,Spanntechnik – CNC,industrie-und-cnc/spanntechnik/spanntechnik-cnc
bz.41.03.02,bz.41.03,3,Spanntechnik – Manuell,industrie-und-cnc/spanntechnik/spanntechnik-manuell
bz.41.03.03,bz.41.03,3,Spanntechnik – Profi,industrie-und-cnc/spanntechnik/spanntechnik-profi
bz.41.03.04,bz.41.03,3,Spanntechnik – Industrie,industrie-und-cnc/spanntechnik/spanntechnik-industrie
bz.41.03.05,bz.41.03,3,Spanntechnik – Automotive,industrie-und-cnc/spanntechnik/spanntechnik-automotive
bz.41.03.06,bz.41.03,3,Spanntechnik – Aerospace,industrie-und-cnc/spanntechnik/spanntechnik-aerospace
bz.41.03.07,bz.41.03,3,Spanntechnik – Medical,industrie-und-cnc/spanntechnik/spanntechnik-medical
bz.41.03.08,bz.41.03,3,Spanntechnik – Automation,industrie-und-cnc/spanntechnik/spanntechnik-automation
bz.41.03.09,bz.41.03,3,Spanntechnik – Prototyping,industrie-und-cnc/spanntechnik/spanntechnik-prototyping
bz.41.03.10,bz.41.03,3,Spanntechnik – Zubehör,industrie-und-cnc/spanntechnik/spanntechnik-zubehoer
bz.41.04,bz.41,2,Zerspanung,industrie-und-cnc/zerspanung
bz.41.04.01,bz.41.04,3,Zerspanung – CNC,industrie-und-cnc/zerspanung/zerspanung-cnc
bz.41.04.02,bz.41.04,3,Zerspanung – Manuell,industrie-und-cnc/zerspanung/zerspanung-manuell
bz.41.04.03,bz.41.04,3,Zerspanung – Profi,industrie-und-cnc/zerspanung/zerspanung-profi
bz.41.04.04,bz.41.04,3,Zerspanung – Industrie,industrie-und-cnc/zerspanung/zerspanung-industrie
bz.41.04.05,bz.41.04,3,Zerspanung – Automotive,industrie-und-cnc/zerspanung/zerspanung-automotive
bz.41.04.06,bz.41.04,3,Zerspanung – Aerospace,industrie-und-cnc/zerspanung/zerspanung-aerospace
bz.41.04.07,bz.41.04,3,Zerspanung – Medical,industrie-und-cnc/zerspanung/zerspanung-medical
bz.41.04.08,bz.41.04,3,Zerspanung – Automation,industrie-und-cnc/zerspanung/zerspanung-automation
bz.41.04.09,bz.41.04,3,Zerspanung – Prototyping,industrie-und-cnc/zerspanung/zerspanung-prototyping
bz.41.04.10,bz.41.04,3,Zerspanung – Zubehör,industrie-und-cnc/zerspanung/zerspanung-zubehoer
bz.41.05,bz.41,2,Drehen,industrie-und-cnc/drehen
bz.41.05.01,bz.41.05,3,Drehen – CNC,industrie-und-cnc/drehen/drehen-cnc
bz.41.05.02,bz.41.05,3,Drehen – Manuell,industrie-und-cnc/drehen/drehen-manuell
bz.41.05.03,bz.41.05,3,Drehen – Profi,industrie-und-cnc/drehen/drehen-profi
bz.41.05.04,bz.41.05,3,Drehen – Industrie,industrie-und-cnc/drehen/drehen-industrie
bz.41.05.05,bz.41.05,3,Drehen – Automotive,industrie-und-cnc/drehen/drehen-automotive
bz.41.05.06,bz.41.05,3,Drehen – Aerospace,industrie-und-cnc/drehen/drehen-aerospace
bz.41.05.07,bz.41.05,3,Drehen – Medical,industrie-und-cnc/drehen/drehen-medical
bz.41.05.08,bz.41.05,3,Drehen – Automation,industrie-und-cnc/drehen/drehen-automation
bz.41.05.09,bz.41.05,3,Drehen – Prototyping,industrie-und-cnc/drehen/drehen-prototyping
bz.41.05.10,bz.41.05,3,Drehen – Zubehör,industrie-und-cnc/drehen/drehen-zubehoer
bz.41.06,bz.41,2,Fräsen,industrie-und-cnc/fraesen
bz.41.06.01,bz.41.06,3,Fräsen – CNC,industrie-und-cnc/fraesen/fraesen-cnc
bz.41.06.02,bz.41.06,3,Fräsen – Manuell,industrie-und-cnc/fraesen/fraesen-manuell
bz.41.06.03,bz.41.06,3,Fräsen – Profi,industrie-und-cnc/fraesen/fraesen-profi
bz.41.06.04,bz.41.06,3,Fräsen – Industrie,industrie-und-cnc/fraesen/fraesen-industrie
bz.41.06.05,bz.41.06,3,Fräsen – Automotive,industrie-und-cnc/fraesen/fraesen-automotive
bz.41.06.06,bz.41.06,3,Fräsen – Aerospace,industrie-und-cnc/fraesen/fraesen-aerospace
bz.41.06.07,bz.41.06,3,Fräsen – Medical,industrie-und-cnc/fraesen/fraesen-medical
bz.41.06.08,bz.41.06,3,Fräsen – Automation,industrie-und-cnc/fraesen/fraesen-automation
bz.41.06.09,bz.41.06,3,Fräsen – Prototyping,industrie-und-cnc/fraesen/fraesen-prototyping
bz.41.06.10,bz.41.06,3,Fräsen – Zubehör,industrie-und-cnc/fraesen/fraesen-zubehoer
bz.41.07,bz.41,2,Bohren,industrie-und-cnc/bohren
bz.41.07.01,bz.41.07,3,Bohren – CNC,industrie-und-cnc/bohren/bohren-cnc
bz.41.07.02,bz.41.07,3,Bohren – Manuell,industrie-und-cnc/bohren/bohren-manuell
bz.41.07.03,bz.41.07,3,Bohren – Profi,industrie-und-cnc/bohren/bohren-profi
bz.41.07.04,bz.41.07,3,Bohren – Industrie,industrie-und-cnc/bohren/bohren-industrie
bz.41.07.05,bz.41.07,3,Bohren – Automotive,industrie-und-cnc/bohren/bohren-automotive
bz.41.07.06,bz.41.07,3,Bohren – Aerospace,industrie-und-cnc/bohren/bohren-aerospace
bz.41.07.07,bz.41.07,3,Bohren – Medical,industrie-und-cnc/bohren/bohren-medical
bz.41.07.08,bz.41.07,3,Bohren – Automation,industrie-und-cnc/bohren/bohren-automation
bz.41.07.09,bz.41.07,3,Bohren – Prototyping,industrie-und-cnc/bohren/bohren-prototyping
bz.41.07.10,bz.41.07,3,Bohren – Zubehör,industrie-und-cnc/bohren/bohren-zubehoer
bz.41.08,bz.41,2,Schleifen,industrie-und-cnc/schleifen
bz.41.08.01,bz.41.08,3,Schleifen – CNC,industrie-und-cnc/schleifen/schleifen-cnc
bz.41.08.02,bz.41.08,3,Schleifen – Manuell,industrie-und-cnc/schleifen/schleifen-manuell
bz.41.08.03,bz.41.08,3,Schleifen – Profi,industrie-und-cnc/schleifen/schleifen-profi
bz.41.08.04,bz.41.08,3,Schleifen – Industrie,industrie-und-cnc/schleifen/schleifen-industrie
bz.41.08.05,bz.41.08,3,Schleifen – Automotive,industrie-und-cnc/schleifen/schleifen-automotive
bz.41.08.06,bz.41.08,3,Schleifen – Aerospace,industrie-und-cnc/schleifen/schleifen-aerospace
bz.41.08.07,bz.41.08,3,Schleifen – Medical,industrie-und-cnc/schleifen/schleifen-medical
bz.41.08.08,bz.41.08,3,Schleifen – Automation,industrie-und-cnc/schleifen/schleifen-automation
bz.41.08.09,bz.41.08,3,Schleifen – Prototyping,industrie-und-cnc/schleifen/schleifen-prototyping
bz.41.08.10,bz.41.08,3,Schleifen – Zubehör,industrie-und-cnc/schleifen/schleifen-zubehoer
bz.41.09,bz.41,2,Messtechnik,industrie-und-cnc/messtechnik
bz.41.09.01,bz.41.09,3,Messtechnik – CNC,industrie-und-cnc/messtechnik/messtechnik-cnc
bz.41.09.02,bz.41.09,3,Messtechnik – Manuell,industrie-und-cnc/messtechnik/messtechnik-manuell
bz.41.09.03,bz.41.09,3,Messtechnik – Profi,industrie-und-cnc/messtechnik/messtechnik-profi
bz.41.09.04,bz.41.09,3,Messtechnik – Industrie,industrie-und-cnc/messtechnik/messtechnik-industrie
bz.41.09.05,bz.41.09,3,Messtechnik – Automotive,industrie-und-cnc/messtechnik/messtechnik-automotive
bz.41.09.06,bz.41.09,3,Messtechnik – Aerospace,industrie-und-cnc/messtechnik/messtechnik-aerospace
bz.41.09.07,bz.41.09,3,Messtechnik – Medical,industrie-und-cnc/messtechnik/messtechnik-medical
bz.41.09.08,bz.41.09,3,Messtechnik – Automation,industrie-und-cnc/messtechnik/messtechnik-automation
bz.41.09.09,bz.41.09,3,Messtechnik – Prototyping,industrie-und-cnc/messtechnik/messtechnik-prototyping
bz.41.09.10,bz.41.09,3,Messtechnik – Zubehör,industrie-und-cnc/messtechnik/messtechnik-zubehoer
bz.41.10,bz.41,2,Kühlmittel,industrie-und-cnc/kuehlmittel
bz.41.10.01,bz.41.10,3,Kühlmittel – CNC,industrie-und-cnc/kuehlmittel/kuehlmittel-cnc
bz.41.10.02,bz.41.10,3,Kühlmittel – Manuell,industrie-und-cnc/kuehlmittel/kuehlmittel-manuell
bz.41.10.03,bz.41.10,3,Kühlmittel – Profi,industrie-und-cnc/kuehlmittel/kuehlmittel-profi
bz.41.10.04,bz.41.10,3,Kühlmittel – Industrie,industrie-und-cnc/kuehlmittel/kuehlmittel-industrie
bz.41.10.05,bz.41.10,3,Kühlmittel – Automotive,industrie-und-cnc/kuehlmittel/kuehlmittel-automotive
bz.41.10.06,bz.41.10,3,Kühlmittel – Aerospace,industrie-und-cnc/kuehlmittel/kuehlmittel-aerospace
bz.41.10.07,bz.41.10,3,Kühlmittel – Medical,industrie-und-cnc/kuehlmittel/kuehlmittel-medical
bz.41.10.08,bz.41.10,3,Kühlmittel – Automation,industrie-und-cnc/kuehlmittel/kuehlmittel-automation
bz.41.10.09,bz.41.10,3,Kühlmittel – Prototyping,industrie-und-cnc/kuehlmittel/kuehlmittel-prototyping
bz.41.10.10,bz.41.10,3,Kühlmittel – Zubehör,industrie-und-cnc/kuehlmittel/kuehlmittel-zubehoer
bz.41.11,bz.41,2,Industriebedarf,industrie-und-cnc/industriebedarf
bz.41.11.01,bz.41.11,3,Industriebedarf – CNC,industrie-und-cnc/industriebedarf/industriebedarf-cnc
bz.41.11.02,bz.41.11,3,Industriebedarf – Manuell,industrie-und-cnc/industriebedarf/industriebedarf-manuell
bz.41.11.03,bz.41.11,3,Industriebedarf – Profi,industrie-und-cnc/industriebedarf/industriebedarf-profi
bz.41.11.04,bz.41.11,3,Industriebedarf – Industrie,industrie-und-cnc/industriebedarf/industriebedarf-industrie
bz.41.11.05,bz.41.11,3,Industriebedarf – Automotive,industrie-und-cnc/industriebedarf/industriebedarf-automotive
bz.41.11.06,bz.41.11,3,Industriebedarf – Aerospace,industrie-und-cnc/industriebedarf/industriebedarf-aerospace
bz.41.11.07,bz.41.11,3,Industriebedarf – Medical,industrie-und-cnc/industriebedarf/industriebedarf-medical
bz.41.11.08,bz.41.11,3,Industriebedarf – Automation,industrie-und-cnc/industriebedarf/industriebedarf-automation
bz.41.11.09,bz.41.11,3,Industriebedarf – Prototyping,industrie-und-cnc/industriebedarf/industriebedarf-prototyping
bz.41.11.10,bz.41.11,3,Industriebedarf – Zubehör,industrie-und-cnc/industriebedarf/industriebedarf-zubehoer
bz.41.12,bz.41,2,Automation,industrie-und-cnc/automation
bz.41.12.01,bz.41.12,3,Automation – CNC,industrie-und-cnc/automation/automation-cnc
bz.41.12.02,bz.41.12,3,Automation – Manuell,industrie-und-cnc/automation/automation-manuell
bz.41.12.03,bz.41.12,3,Automation – Profi,industrie-und-cnc/automation/automation-profi
bz.41.12.04,bz.41.12,3,Automation – Industrie,industrie-und-cnc/automation/automation-industrie
bz.41.12.05,bz.41.12,3,Automation – Automotive,industrie-und-cnc/automation/automation-automotive
bz.41.12.06,bz.41.12,3,Automation – Aerospace,industrie-und-cnc/automation/automation-aerospace
bz.41.12.07,bz.41.12,3,Automation – Medical,industrie-und-cnc/automation/automation-medical
bz.41.12.08,bz.41.12,3,Automation – Automation,industrie-und-cnc/automation/automation-automation
bz.41.12.09,bz.41.12,3,Automation – Prototyping,industrie-und-cnc/automation/automation-prototyping
bz.41.12.10,bz.41.12,3,Automation – Zubehör,industrie-und-cnc/automation/automation-zubehoer
bz.42,,1,Baumaschinen & Ersatzteile,baumaschinen-und-ersatzteile
bz.42.01,bz.42,2,Minibagger,baumaschinen-und-ersatzteile/minibagger
bz.42.01.01,bz.42.01,3,Minibagger – Kompakt,baumaschinen-und-ersatzteile/minibagger/minibagger-kompakt
bz.42.01.02,bz.42.01,3,Minibagger – Schwer,baumaschinen-und-ersatzteile/minibagger/minibagger-schwer
bz.42.01.03,bz.42.01,3,Minibagger – Straßenbau,baumaschinen-und-ersatzteile/minibagger/minibagger-strassenbau
bz.42.01.04,bz.42.01,3,Minibagger – Hochbau,baumaschinen-und-ersatzteile/minibagger/minibagger-hochbau
bz.42.01.05,bz.42.01,3,Minibagger – Tiefbau,baumaschinen-und-ersatzteile/minibagger/minibagger-tiefbau
bz.42.01.06,bz.42.01,3,Minibagger – Abbruch,baumaschinen-und-ersatzteile/minibagger/minibagger-abbruch
bz.42.01.07,bz.42.01,3,Minibagger – Gewerbe,baumaschinen-und-ersatzteile/minibagger/minibagger-gewerbe
bz.42.01.08,bz.42.01,3,Minibagger – Profi,baumaschinen-und-ersatzteile/minibagger/minibagger-profi
bz.42.01.09,bz.42.01,3,Minibagger – OEM,baumaschinen-und-ersatzteile/minibagger/minibagger-oem
bz.42.01.10,bz.42.01,3,Minibagger – Aftermarket,baumaschinen-und-ersatzteile/minibagger/minibagger-aftermarket
bz.42.02,bz.42,2,Bagger,baumaschinen-und-ersatzteile/bagger
bz.42.02.01,bz.42.02,3,Bagger – Kompakt,baumaschinen-und-ersatzteile/bagger/bagger-kompakt
bz.42.02.02,bz.42.02,3,Bagger – Schwer,baumaschinen-und-ersatzteile/bagger/bagger-schwer
bz.42.02.03,bz.42.02,3,Bagger – Straßenbau,baumaschinen-und-ersatzteile/bagger/bagger-strassenbau
bz.42.02.04,bz.42.02,3,Bagger – Hochbau,baumaschinen-und-ersatzteile/bagger/bagger-hochbau
bz.42.02.05,bz.42.02,3,Bagger – Tiefbau,baumaschinen-und-ersatzteile/bagger/bagger-tiefbau
bz.42.02.06,bz.42.02,3,Bagger – Abbruch,baumaschinen-und-ersatzteile/bagger/bagger-abbruch
bz.42.02.07,bz.42.02,3,Bagger – Gewerbe,baumaschinen-und-ersatzteile/bagger/bagger-gewerbe
bz.42.02.08,bz.42.02,3,Bagger – Profi,baumaschinen-und-ersatzteile/bagger/bagger-profi
bz.42.02.09,bz.42.02,3,Bagger – OEM,baumaschinen-und-ersatzteile/bagger/bagger-oem
bz.42.02.10,bz.42.02,3,Bagger – Aftermarket,baumaschinen-und-ersatzteile/bagger/bagger-aftermarket
bz.42.03,bz.42,2,Radlader,baumaschinen-und-ersatzteile/radlader
bz.42.03.01,bz.42.03,3,Radlader – Kompakt,baumaschinen-und-ersatzteile/radlader/radlader-kompakt
bz.42.03.02,bz.42.03,3,Radlader – Schwer,baumaschinen-und-ersatzteile/radlader/radlader-schwer
bz.42.03.03,bz.42.03,3,Radlader – Straßenbau,baumaschinen-und-ersatzteile/radlader/radlader-strassenbau
bz.42.03.04,bz.42.03,3,Radlader – Hochbau,baumaschinen-und-ersatzteile/radlader/radlader-hochbau
bz.42.03.05,bz.42.03,3,Radlader – Tiefbau,baumaschinen-und-ersatzteile/radlader/radlader-tiefbau
bz.42.03.06,bz.42.03,3,Radlader – Abbruch,baumaschinen-und-ersatzteile/radlader/radlader-abbruch
bz.42.03.07,bz.42.03,3,Radlader – Gewerbe,baumaschinen-und-ersatzteile/radlader/radlader-gewerbe
bz.42.03.08,bz.42.03,3,Radlader – Profi,baumaschinen-und-ersatzteile/radlader/radlader-profi
bz.42.03.09,bz.42.03,3,Radlader – OEM,baumaschinen-und-ersatzteile/radlader/radlader-oem
bz.42.03.10,bz.42.03,3,Radlader – Aftermarket,baumaschinen-und-ersatzteile/radlader/radlader-aftermarket
bz.42.04,bz.42,2,Raupenmaschinen,baumaschinen-und-ersatzteile/raupenmaschinen
bz.42.04.01,bz.42.04,3,Raupenmaschinen – Kompakt,baumaschinen-und-ersatzteile/raupenmaschinen/raupenmaschinen-kompakt
bz.42.04.02,bz.42.04,3,Raupenmaschinen – Schwer,baumaschinen-und-ersatzteile/raupenmaschinen/raupenmaschinen-schwer
bz.42.04.03,bz.42.04,3,Raupenmaschinen – Straßenbau,baumaschinen-und-ersatzteile/raupenmaschinen/raupenmaschinen-strassenbau
bz.42.04.04,bz.42.04,3,Raupenmaschinen – Hochbau,baumaschinen-und-ersatzteile/raupenmaschinen/raupenmaschinen-hochbau
bz.42.04.05,bz.42.04,3,Raupenmaschinen – Tiefbau,baumaschinen-und-ersatzteile/raupenmaschinen/raupenmaschinen-tiefbau
bz.42.04.06,bz.42.04,3,Raupenmaschinen – Abbruch,baumaschinen-und-ersatzteile/raupenmaschinen/raupenmaschinen-abbruch
bz.42.04.07,bz.42.04,3,Raupenmaschinen – Gewerbe,baumaschinen-und-ersatzteile/raupenmaschinen/raupenmaschinen-gewerbe
bz.42.04.08,bz.42.04,3,Raupenmaschinen – Profi,baumaschinen-und-ersatzteile/raupenmaschinen/raupenmaschinen-profi
bz.42.04.09,bz.42.04,3,Raupenmaschinen – OEM,baumaschinen-und-ersatzteile/raupenmaschinen/raupenmaschinen-oem
bz.42.04.10,bz.42.04,3,Raupenmaschinen – Aftermarket,baumaschinen-und-ersatzteile/raupenmaschinen/raupenmaschinen-aftermarket
bz.42.05,bz.42,2,Dumper,baumaschinen-und-ersatzteile/dumper
bz.42.05.01,bz.42.05,3,Dumper – Kompakt,baumaschinen-und-ersatzteile/dumper/dumper-kompakt
bz.42.05.02,bz.42.05,3,Dumper – Schwer,baumaschinen-und-ersatzteile/dumper/dumper-schwer
bz.42.05.03,bz.42.05,3,Dumper – Straßenbau,baumaschinen-und-ersatzteile/dumper/dumper-strassenbau
bz.42.05.04,bz.42.05,3,Dumper – Hochbau,baumaschinen-und-ersatzteile/dumper/dumper-hochbau
bz.42.05.05,bz.42.05,3,Dumper – Tiefbau,baumaschinen-und-ersatzteile/dumper/dumper-tiefbau
bz.42.05.06,bz.42.05,3,Dumper – Abbruch,baumaschinen-und-ersatzteile/dumper/dumper-abbruch
bz.42.05.07,bz.42.05,3,Dumper – Gewerbe,baumaschinen-und-ersatzteile/dumper/dumper-gewerbe
bz.42.05.08,bz.42.05,3,Dumper – Profi,baumaschinen-und-ersatzteile/dumper/dumper-profi
bz.42.05.09,bz.42.05,3,Dumper – OEM,baumaschinen-und-ersatzteile/dumper/dumper-oem
bz.42.05.10,bz.42.05,3,Dumper – Aftermarket,baumaschinen-und-ersatzteile/dumper/dumper-aftermarket
bz.42.06,bz.42,2,Straßenbau,baumaschinen-und-ersatzteile/strassenbau
bz.42.06.01,bz.42.06,3,Straßenbau – Kompakt,baumaschinen-und-ersatzteile/strassenbau/strassenbau-kompakt
bz.42.06.02,bz.42.06,3,Straßenbau – Schwer,baumaschinen-und-ersatzteile/strassenbau/strassenbau-schwer
bz.42.06.03,bz.42.06,3,Straßenbau – Straßenbau,baumaschinen-und-ersatzteile/strassenbau/strassenbau-strassenbau
bz.42.06.04,bz.42.06,3,Straßenbau – Hochbau,baumaschinen-und-ersatzteile/strassenbau/strassenbau-hochbau
bz.42.06.05,bz.42.06,3,Straßenbau – Tiefbau,baumaschinen-und-ersatzteile/strassenbau/strassenbau-tiefbau
bz.42.06.06,bz.42.06,3,Straßenbau – Abbruch,baumaschinen-und-ersatzteile/strassenbau/strassenbau-abbruch
bz.42.06.07,bz.42.06,3,Straßenbau – Gewerbe,baumaschinen-und-ersatzteile/strassenbau/strassenbau-gewerbe
bz.42.06.08,bz.42.06,3,Straßenbau – Profi,baumaschinen-und-ersatzteile/strassenbau/strassenbau-profi
bz.42.06.09,bz.42.06,3,Straßenbau – OEM,baumaschinen-und-ersatzteile/strassenbau/strassenbau-oem
bz.42.06.10,bz.42.06,3,Straßenbau – Aftermarket,baumaschinen-und-ersatzteile/strassenbau/strassenbau-aftermarket
bz.42.07,bz.42,2,Ersatzteile,baumaschinen-und-ersatzteile/ersatzteile
bz.42.07.01,bz.42.07,3,Ersatzteile – Kompakt,baumaschinen-und-ersatzteile/ersatzteile/ersatzteile-kompakt
bz.42.07.02,bz.42.07,3,Ersatzteile – Schwer,baumaschinen-und-ersatzteile/ersatzteile/ersatzteile-schwer
bz.42.07.03,bz.42.07,3,Ersatzteile – Straßenbau,baumaschinen-und-ersatzteile/ersatzteile/ersatzteile-strassenbau
bz.42.07.04,bz.42.07,3,Ersatzteile – Hochbau,baumaschinen-und-ersatzteile/ersatzteile/ersatzteile-hochbau
bz.42.07.05,bz.42.07,3,Ersatzteile – Tiefbau,baumaschinen-und-ersatzteile/ersatzteile/ersatzteile-tiefbau
bz.42.07.06,bz.42.07,3,Ersatzteile – Abbruch,baumaschinen-und-ersatzteile/ersatzteile/ersatzteile-abbruch
bz.42.07.07,bz.42.07,3,Ersatzteile – Gewerbe,baumaschinen-und-ersatzteile/ersatzteile/ersatzteile-gewerbe
bz.42.07.08,bz.42.07,3,Ersatzteile – Profi,baumaschinen-und-ersatzteile/ersatzteile/ersatzteile-profi
bz.42.07.09,bz.42.07,3,Ersatzteile – OEM,baumaschinen-und-ersatzteile/ersatzteile/ersatzteile-oem
bz.42.07.10,bz.42.07,3,Ersatzteile – Aftermarket,baumaschinen-und-ersatzteile/ersatzteile/ersatzteile-aftermarket
bz.42.08,bz.42,2,Hydraulik,baumaschinen-und-ersatzteile/hydraulik
bz.42.08.01,bz.42.08,3,Hydraulik – Kompakt,baumaschinen-und-ersatzteile/hydraulik/hydraulik-kompakt
bz.42.08.02,bz.42.08,3,Hydraulik – Schwer,baumaschinen-und-ersatzteile/hydraulik/hydraulik-schwer
bz.42.08.03,bz.42.08,3,Hydraulik – Straßenbau,baumaschinen-und-ersatzteile/hydraulik/hydraulik-strassenbau
bz.42.08.04,bz.42.08,3,Hydraulik – Hochbau,baumaschinen-und-ersatzteile/hydraulik/hydraulik-hochbau
bz.42.08.05,bz.42.08,3,Hydraulik – Tiefbau,baumaschinen-und-ersatzteile/hydraulik/hydraulik-tiefbau
bz.42.08.06,bz.42.08,3,Hydraulik – Abbruch,baumaschinen-und-ersatzteile/hydraulik/hydraulik-abbruch
bz.42.08.07,bz.42.08,3,Hydraulik – Gewerbe,baumaschinen-und-ersatzteile/hydraulik/hydraulik-gewerbe
bz.42.08.08,bz.42.08,3,Hydraulik – Profi,baumaschinen-und-ersatzteile/hydraulik/hydraulik-profi
bz.42.08.09,bz.42.08,3,Hydraulik – OEM,baumaschinen-und-ersatzteile/hydraulik/hydraulik-oem
bz.42.08.10,bz.42.08,3,Hydraulik – Aftermarket,baumaschinen-und-ersatzteile/hydraulik/hydraulik-aftermarket
bz.42.09,bz.42,2,Fahrwerk,baumaschinen-und-ersatzteile/fahrwerk
bz.42.09.01,bz.42.09,3,Fahrwerk – Kompakt,baumaschinen-und-ersatzteile/fahrwerk/fahrwerk-kompakt
bz.42.09.02,bz.42.09,3,Fahrwerk – Schwer,baumaschinen-und-ersatzteile/fahrwerk/fahrwerk-schwer
bz.42.09.03,bz.42.09,3,Fahrwerk – Straßenbau,baumaschinen-und-ersatzteile/fahrwerk/fahrwerk-strassenbau
bz.42.09.04,bz.42.09,3,Fahrwerk – Hochbau,baumaschinen-und-ersatzteile/fahrwerk/fahrwerk-hochbau
bz.42.09.05,bz.42.09,3,Fahrwerk – Tiefbau,baumaschinen-und-ersatzteile/fahrwerk/fahrwerk-tiefbau
bz.42.09.06,bz.42.09,3,Fahrwerk – Abbruch,baumaschinen-und-ersatzteile/fahrwerk/fahrwerk-abbruch
bz.42.09.07,bz.42.09,3,Fahrwerk – Gewerbe,baumaschinen-und-ersatzteile/fahrwerk/fahrwerk-gewerbe
bz.42.09.08,bz.42.09,3,Fahrwerk – Profi,baumaschinen-und-ersatzteile/fahrwerk/fahrwerk-profi
bz.42.09.09,bz.42.09,3,Fahrwerk – OEM,baumaschinen-und-ersatzteile/fahrwerk/fahrwerk-oem
bz.42.09.10,bz.42.09,3,Fahrwerk – Aftermarket,baumaschinen-und-ersatzteile/fahrwerk/fahrwerk-aftermarket
bz.42.10,bz.42,2,Motor,baumaschinen-und-ersatzteile/motor
bz.42.10.01,bz.42.10,3,Motor – Kompakt,baumaschinen-und-ersatzteile/motor/motor-kompakt
bz.42.10.02,bz.42.10,3,Motor – Schwer,baumaschinen-und-ersatzteile/motor/motor-schwer
bz.42.10.03,bz.42.10,3,Motor – Straßenbau,baumaschinen-und-ersatzteile/motor/motor-strassenbau
bz.42.10.04,bz.42.10,3,Motor – Hochbau,baumaschinen-und-ersatzteile/motor/motor-hochbau
bz.42.10.05,bz.42.10,3,Motor – Tiefbau,baumaschinen-und-ersatzteile/motor/motor-tiefbau
bz.42.10.06,bz.42.10,3,Motor – Abbruch,baumaschinen-und-ersatzteile/motor/motor-abbruch
bz.42.10.07,bz.42.10,3,Motor – Gewerbe,baumaschinen-und-ersatzteile/motor/motor-gewerbe
bz.42.10.08,bz.42.10,3,Motor – Profi,baumaschinen-und-ersatzteile/motor/motor-profi
bz.42.10.09,bz.42.10,3,Motor – OEM,baumaschinen-und-ersatzteile/motor/motor-oem
bz.42.10.10,bz.42.10,3,Motor – Aftermarket,baumaschinen-und-ersatzteile/motor/motor-aftermarket
bz.42.11,bz.42,2,Filter,baumaschinen-und-ersatzteile/filter
bz.42.11.01,bz.42.11,3,Filter – Kompakt,baumaschinen-und-ersatzteile/filter/filter-kompakt
bz.42.11.02,bz.42.11,3,Filter – Schwer,baumaschinen-und-ersatzteile/filter/filter-schwer
bz.42.11.03,bz.42.11,3,Filter – Straßenbau,baumaschinen-und-ersatzteile/filter/filter-strassenbau
bz.42.11.04,bz.42.11,3,Filter – Hochbau,baumaschinen-und-ersatzteile/filter/filter-hochbau
bz.42.11.05,bz.42.11,3,Filter – Tiefbau,baumaschinen-und-ersatzteile/filter/filter-tiefbau
bz.42.11.06,bz.42.11,3,Filter – Abbruch,baumaschinen-und-ersatzteile/filter/filter-abbruch
bz.42.11.07,bz.42.11,3,Filter – Gewerbe,baumaschinen-und-ersatzteile/filter/filter-gewerbe
bz.42.11.08,bz.42.11,3,Filter – Profi,baumaschinen-und-ersatzteile/filter/filter-profi
bz.42.11.09,bz.42.11,3,Filter – OEM,baumaschinen-und-ersatzteile/filter/filter-oem
bz.42.11.10,bz.42.11,3,Filter – Aftermarket,baumaschinen-und-ersatzteile/filter/filter-aftermarket
bz.42.12,bz.42,2,Anbaugeräte,baumaschinen-und-ersatzteile/anbaugeraete
bz.42.12.01,bz.42.12,3,Anbaugeräte – Kompakt,baumaschinen-und-ersatzteile/anbaugeraete/anbaugeraete-kompakt
bz.42.12.02,bz.42.12,3,Anbaugeräte – Schwer,baumaschinen-und-ersatzteile/anbaugeraete/anbaugeraete-schwer
bz.42.12.03,bz.42.12,3,Anbaugeräte – Straßenbau,baumaschinen-und-ersatzteile/anbaugeraete/anbaugeraete-strassenbau
bz.42.12.04,bz.42.12,3,Anbaugeräte – Hochbau,baumaschinen-und-ersatzteile/anbaugeraete/anbaugeraete-hochbau
bz.42.12.05,bz.42.12,3,Anbaugeräte – Tiefbau,baumaschinen-und-ersatzteile/anbaugeraete/anbaugeraete-tiefbau
bz.42.12.06,bz.42.12,3,Anbaugeräte – Abbruch,baumaschinen-und-ersatzteile/anbaugeraete/anbaugeraete-abbruch
bz.42.12.07,bz.42.12,3,Anbaugeräte – Gewerbe,baumaschinen-und-ersatzteile/anbaugeraete/anbaugeraete-gewerbe
bz.42.12.08,bz.42.12,3,Anbaugeräte – Profi,baumaschinen-und-ersatzteile/anbaugeraete/anbaugeraete-profi
bz.42.12.09,bz.42.12,3,Anbaugeräte – OEM,baumaschinen-und-ersatzteile/anbaugeraete/anbaugeraete-oem
bz.42.12.10,bz.42.12,3,Anbaugeräte – Aftermarket,baumaschinen-und-ersatzteile/anbaugeraete/anbaugeraete-aftermarket
bz.43,,1,Landwirtschaft & Agrartechnik,landwirtschaft-und-agrartechnik
bz.43.01,bz.43,2,Traktoren,landwirtschaft-und-agrartechnik/traktoren
bz.43.01.01,bz.43.01,3,Traktoren – Kleinbetrieb,landwirtschaft-und-agrartechnik/traktoren/traktoren-kleinbetrieb
bz.43.01.02,bz.43.01,3,Traktoren – Großbetrieb,landwirtschaft-und-agrartechnik/traktoren/traktoren-grossbetrieb
bz.43.01.03,bz.43.01,3,Traktoren – Profi,landwirtschaft-und-agrartechnik/traktoren/traktoren-profi
bz.43.01.04,bz.43.01,3,Traktoren – Kommunal,landwirtschaft-und-agrartechnik/traktoren/traktoren-kommunal
bz.43.01.05,bz.43.01,3,Traktoren – Forst,landwirtschaft-und-agrartechnik/traktoren/traktoren-forst
bz.43.01.06,bz.43.01,3,Traktoren – Ackerbau,landwirtschaft-und-agrartechnik/traktoren/traktoren-ackerbau
bz.43.01.07,bz.43.01,3,Traktoren – Grünland,landwirtschaft-und-agrartechnik/traktoren/traktoren-gruenland
bz.43.01.08,bz.43.01,3,Traktoren – Viehzucht,landwirtschaft-und-agrartechnik/traktoren/traktoren-viehzucht
bz.43.01.09,bz.43.01,3,Traktoren – Lohnunternehmen,landwirtschaft-und-agrartechnik/traktoren/traktoren-lohnunternehmen
bz.43.01.10,bz.43.01,3,Traktoren – OEM,landwirtschaft-und-agrartechnik/traktoren/traktoren-oem
bz.43.02,bz.43,2,Mähdrescher,landwirtschaft-und-agrartechnik/maehdrescher
bz.43.02.01,bz.43.02,3,Mähdrescher – Kleinbetrieb,landwirtschaft-und-agrartechnik/maehdrescher/maehdrescher-kleinbetrieb
bz.43.02.02,bz.43.02,3,Mähdrescher – Großbetrieb,landwirtschaft-und-agrartechnik/maehdrescher/maehdrescher-grossbetrieb
bz.43.02.03,bz.43.02,3,Mähdrescher – Profi,landwirtschaft-und-agrartechnik/maehdrescher/maehdrescher-profi
bz.43.02.04,bz.43.02,3,Mähdrescher – Kommunal,landwirtschaft-und-agrartechnik/maehdrescher/maehdrescher-kommunal
bz.43.02.05,bz.43.02,3,Mähdrescher – Forst,landwirtschaft-und-agrartechnik/maehdrescher/maehdrescher-forst
bz.43.02.06,bz.43.02,3,Mähdrescher – Ackerbau,landwirtschaft-und-agrartechnik/maehdrescher/maehdrescher-ackerbau
bz.43.02.07,bz.43.02,3,Mähdrescher – Grünland,landwirtschaft-und-agrartechnik/maehdrescher/maehdrescher-gruenland
bz.43.02.08,bz.43.02,3,Mähdrescher – Viehzucht,landwirtschaft-und-agrartechnik/maehdrescher/maehdrescher-viehzucht
bz.43.02.09,bz.43.02,3,Mähdrescher – Lohnunternehmen,landwirtschaft-und-agrartechnik/maehdrescher/maehdrescher-lohnunternehmen
bz.43.02.10,bz.43.02,3,Mähdrescher – OEM,landwirtschaft-und-agrartechnik/maehdrescher/maehdrescher-oem
bz.43.03,bz.43,2,Häcksler,landwirtschaft-und-agrartechnik/haecksler
bz.43.03.01,bz.43.03,3,Häcksler – Kleinbetrieb,landwirtschaft-und-agrartechnik/haecksler/haecksler-kleinbetrieb
bz.43.03.02,bz.43.03,3,Häcksler – Großbetrieb,landwirtschaft-und-agrartechnik/haecksler/haecksler-grossbetrieb
bz.43.03.03,bz.43.03,3,Häcksler – Profi,landwirtschaft-und-agrartechnik/haecksler/haecksler-profi
bz.43.03.04,bz.43.03,3,Häcksler – Kommunal,landwirtschaft-und-agrartechnik/haecksler/haecksler-kommunal
bz.43.03.05,bz.43.03,3,Häcksler – Forst,landwirtschaft-und-agrartechnik/haecksler/haecksler-forst
bz.43.03.06,bz.43.03,3,Häcksler – Ackerbau,landwirtschaft-und-agrartechnik/haecksler/haecksler-ackerbau
bz.43.03.07,bz.43.03,3,Häcksler – Grünland,landwirtschaft-und-agrartechnik/haecksler/haecksler-gruenland
bz.43.03.08,bz.43.03,3,Häcksler – Viehzucht,landwirtschaft-und-agrartechnik/haecksler/haecksler-viehzucht
bz.43.03.09,bz.43.03,3,Häcksler – Lohnunternehmen,landwirtschaft-und-agrartechnik/haecksler/haecksler-lohnunternehmen
bz.43.03.10,bz.43.03,3,Häcksler – OEM,landwirtschaft-und-agrartechnik/haecksler/haecksler-oem
bz.43.04,bz.43,2,Bodenbearbeitung,landwirtschaft-und-agrartechnik/bodenbearbeitung
bz.43.04.01,bz.43.04,3,Bodenbearbeitung – Kleinbetrieb,landwirtschaft-und-agrartechnik/bodenbearbeitung/bodenbearbeitung-kleinbetrieb
bz.43.04.02,bz.43.04,3,Bodenbearbeitung – Großbetrieb,landwirtschaft-und-agrartechnik/bodenbearbeitung/bodenbearbeitung-grossbetrieb
bz.43.04.03,bz.43.04,3,Bodenbearbeitung – Profi,landwirtschaft-und-agrartechnik/bodenbearbeitung/bodenbearbeitung-profi
bz.43.04.04,bz.43.04,3,Bodenbearbeitung – Kommunal,landwirtschaft-und-agrartechnik/bodenbearbeitung/bodenbearbeitung-kommunal
bz.43.04.05,bz.43.04,3,Bodenbearbeitung – Forst,landwirtschaft-und-agrartechnik/bodenbearbeitung/bodenbearbeitung-forst
bz.43.04.06,bz.43.04,3,Bodenbearbeitung – Ackerbau,landwirtschaft-und-agrartechnik/bodenbearbeitung/bodenbearbeitung-ackerbau
bz.43.04.07,bz.43.04,3,Bodenbearbeitung – Grünland,landwirtschaft-und-agrartechnik/bodenbearbeitung/bodenbearbeitung-gruenland
bz.43.04.08,bz.43.04,3,Bodenbearbeitung – Viehzucht,landwirtschaft-und-agrartechnik/bodenbearbeitung/bodenbearbeitung-viehzucht
bz.43.04.09,bz.43.04,3,Bodenbearbeitung – Lohnunternehmen,landwirtschaft-und-agrartechnik/bodenbearbeitung/bodenbearbeitung-lohnunternehmen
bz.43.04.10,bz.43.04,3,Bodenbearbeitung – OEM,landwirtschaft-und-agrartechnik/bodenbearbeitung/bodenbearbeitung-oem
bz.43.05,bz.43,2,Saattechnik,landwirtschaft-und-agrartechnik/saattechnik
bz.43.05.01,bz.43.05,3,Saattechnik – Kleinbetrieb,landwirtschaft-und-agrartechnik/saattechnik/saattechnik-kleinbetrieb
bz.43.05.02,bz.43.05,3,Saattechnik – Großbetrieb,landwirtschaft-und-agrartechnik/saattechnik/saattechnik-grossbetrieb
bz.43.05.03,bz.43.05,3,Saattechnik – Profi,landwirtschaft-und-agrartechnik/saattechnik/saattechnik-profi
bz.43.05.04,bz.43.05,3,Saattechnik – Kommunal,landwirtschaft-und-agrartechnik/saattechnik/saattechnik-kommunal
bz.43.05.05,bz.43.05,3,Saattechnik – Forst,landwirtschaft-und-agrartechnik/saattechnik/saattechnik-forst
bz.43.05.06,bz.43.05,3,Saattechnik – Ackerbau,landwirtschaft-und-agrartechnik/saattechnik/saattechnik-ackerbau
bz.43.05.07,bz.43.05,3,Saattechnik – Grünland,landwirtschaft-und-agrartechnik/saattechnik/saattechnik-gruenland
bz.43.05.08,bz.43.05,3,Saattechnik – Viehzucht,landwirtschaft-und-agrartechnik/saattechnik/saattechnik-viehzucht
bz.43.05.09,bz.43.05,3,Saattechnik – Lohnunternehmen,landwirtschaft-und-agrartechnik/saattechnik/saattechnik-lohnunternehmen
bz.43.05.10,bz.43.05,3,Saattechnik – OEM,landwirtschaft-und-agrartechnik/saattechnik/saattechnik-oem
bz.43.06,bz.43,2,Düngung,landwirtschaft-und-agrartechnik/duengung
bz.43.06.01,bz.43.06,3,Düngung – Kleinbetrieb,landwirtschaft-und-agrartechnik/duengung/duengung-kleinbetrieb
bz.43.06.02,bz.43.06,3,Düngung – Großbetrieb,landwirtschaft-und-agrartechnik/duengung/duengung-grossbetrieb
bz.43.06.03,bz.43.06,3,Düngung – Profi,landwirtschaft-und-agrartechnik/duengung/duengung-profi
bz.43.06.04,bz.43.06,3,Düngung – Kommunal,landwirtschaft-und-agrartechnik/duengung/duengung-kommunal
bz.43.06.05,bz.43.06,3,Düngung – Forst,landwirtschaft-und-agrartechnik/duengung/duengung-forst
bz.43.06.06,bz.43.06,3,Düngung – Ackerbau,landwirtschaft-und-agrartechnik/duengung/duengung-ackerbau
bz.43.06.07,bz.43.06,3,Düngung – Grünland,landwirtschaft-und-agrartechnik/duengung/duengung-gruenland
bz.43.06.08,bz.43.06,3,Düngung – Viehzucht,landwirtschaft-und-agrartechnik/duengung/duengung-viehzucht
bz.43.06.09,bz.43.06,3,Düngung – Lohnunternehmen,landwirtschaft-und-agrartechnik/duengung/duengung-lohnunternehmen
bz.43.06.10,bz.43.06,3,Düngung – OEM,landwirtschaft-und-agrartechnik/duengung/duengung-oem
bz.43.07,bz.43,2,Pflanzenschutz,landwirtschaft-und-agrartechnik/pflanzenschutz
bz.43.07.01,bz.43.07,3,Pflanzenschutz – Kleinbetrieb,landwirtschaft-und-agrartechnik/pflanzenschutz/pflanzenschutz-kleinbetrieb
bz.43.07.02,bz.43.07,3,Pflanzenschutz – Großbetrieb,landwirtschaft-und-agrartechnik/pflanzenschutz/pflanzenschutz-grossbetrieb
bz.43.07.03,bz.43.07,3,Pflanzenschutz – Profi,landwirtschaft-und-agrartechnik/pflanzenschutz/pflanzenschutz-profi
bz.43.07.04,bz.43.07,3,Pflanzenschutz – Kommunal,landwirtschaft-und-agrartechnik/pflanzenschutz/pflanzenschutz-kommunal
bz.43.07.05,bz.43.07,3,Pflanzenschutz – Forst,landwirtschaft-und-agrartechnik/pflanzenschutz/pflanzenschutz-forst
bz.43.07.06,bz.43.07,3,Pflanzenschutz – Ackerbau,landwirtschaft-und-agrartechnik/pflanzenschutz/pflanzenschutz-ackerbau
bz.43.07.07,bz.43.07,3,Pflanzenschutz – Grünland,landwirtschaft-und-agrartechnik/pflanzenschutz/pflanzenschutz-gruenland
bz.43.07.08,bz.43.07,3,Pflanzenschutz – Viehzucht,landwirtschaft-und-agrartechnik/pflanzenschutz/pflanzenschutz-viehzucht
bz.43.07.09,bz.43.07,3,Pflanzenschutz – Lohnunternehmen,landwirtschaft-und-agrartechnik/pflanzenschutz/pflanzenschutz-lohnunternehmen
bz.43.07.10,bz.43.07,3,Pflanzenschutz – OEM,landwirtschaft-und-agrartechnik/pflanzenschutz/pflanzenschutz-oem
bz.43.08,bz.43,2,Erntetechnik,landwirtschaft-und-agrartechnik/erntetechnik
bz.43.08.01,bz.43.08,3,Erntetechnik – Kleinbetrieb,landwirtschaft-und-agrartechnik/erntetechnik/erntetechnik-kleinbetrieb
bz.43.08.02,bz.43.08,3,Erntetechnik – Großbetrieb,landwirtschaft-und-agrartechnik/erntetechnik/erntetechnik-grossbetrieb
bz.43.08.03,bz.43.08,3,Erntetechnik – Profi,landwirtschaft-und-agrartechnik/erntetechnik/erntetechnik-profi
bz.43.08.04,bz.43.08,3,Erntetechnik – Kommunal,landwirtschaft-und-agrartechnik/erntetechnik/erntetechnik-kommunal
bz.43.08.05,bz.43.08,3,Erntetechnik – Forst,landwirtschaft-und-agrartechnik/erntetechnik/erntetechnik-forst
bz.43.08.06,bz.43.08,3,Erntetechnik – Ackerbau,landwirtschaft-und-agrartechnik/erntetechnik/erntetechnik-ackerbau
bz.43.08.07,bz.43.08,3,Erntetechnik – Grünland,landwirtschaft-und-agrartechnik/erntetechnik/erntetechnik-gruenland
bz.43.08.08,bz.43.08,3,Erntetechnik – Viehzucht,landwirtschaft-und-agrartechnik/erntetechnik/erntetechnik-viehzucht
bz.43.08.09,bz.43.08,3,Erntetechnik – Lohnunternehmen,landwirtschaft-und-agrartechnik/erntetechnik/erntetechnik-lohnunternehmen
bz.43.08.10,bz.43.08,3,Erntetechnik – OEM,landwirtschaft-und-agrartechnik/erntetechnik/erntetechnik-oem
bz.43.09,bz.43,2,Anhänger,landwirtschaft-und-agrartechnik/anhaenger
bz.43.09.01,bz.43.09,3,Anhänger – Kleinbetrieb,landwirtschaft-und-agrartechnik/anhaenger/anhaenger-kleinbetrieb
bz.43.09.02,bz.43.09,3,Anhänger – Großbetrieb,landwirtschaft-und-agrartechnik/anhaenger/anhaenger-grossbetrieb
bz.43.09.03,bz.43.09,3,Anhänger – Profi,landwirtschaft-und-agrartechnik/anhaenger/anhaenger-profi
bz.43.09.04,bz.43.09,3,Anhänger – Kommunal,landwirtschaft-und-agrartechnik/anhaenger/anhaenger-kommunal
bz.43.09.05,bz.43.09,3,Anhänger – Forst,landwirtschaft-und-agrartechnik/anhaenger/anhaenger-forst
bz.43.09.06,bz.43.09,3,Anhänger – Ackerbau,landwirtschaft-und-agrartechnik/anhaenger/anhaenger-ackerbau
bz.43.09.07,bz.43.09,3,Anhänger – Grünland,landwirtschaft-und-agrartechnik/anhaenger/anhaenger-gruenland
bz.43.09.08,bz.43.09,3,Anhänger – Viehzucht,landwirtschaft-und-agrartechnik/anhaenger/anhaenger-viehzucht
bz.43.09.09,bz.43.09,3,Anhänger – Lohnunternehmen,landwirtschaft-und-agrartechnik/anhaenger/anhaenger-lohnunternehmen
bz.43.09.10,bz.43.09,3,Anhänger – OEM,landwirtschaft-und-agrartechnik/anhaenger/anhaenger-oem
bz.43.10,bz.43,2,Agrar-Ersatzteile,landwirtschaft-und-agrartechnik/agrar-ersatzteile
bz.43.10.01,bz.43.10,3,Agrar-Ersatzteile – Kleinbetrieb,landwirtschaft-und-agrartechnik/agrar-ersatzteile/agrar-ersatzteile-kleinbetrieb
bz.43.10.02,bz.43.10,3,Agrar-Ersatzteile – Großbetrieb,landwirtschaft-und-agrartechnik/agrar-ersatzteile/agrar-ersatzteile-grossbetrieb
bz.43.10.03,bz.43.10,3,Agrar-Ersatzteile – Profi,landwirtschaft-und-agrartechnik/agrar-ersatzteile/agrar-ersatzteile-profi
bz.43.10.04,bz.43.10,3,Agrar-Ersatzteile – Kommunal,landwirtschaft-und-agrartechnik/agrar-ersatzteile/agrar-ersatzteile-kommunal
bz.43.10.05,bz.43.10,3,Agrar-Ersatzteile – Forst,landwirtschaft-und-agrartechnik/agrar-ersatzteile/agrar-ersatzteile-forst
bz.43.10.06,bz.43.10,3,Agrar-Ersatzteile – Ackerbau,landwirtschaft-und-agrartechnik/agrar-ersatzteile/agrar-ersatzteile-ackerbau
bz.43.10.07,bz.43.10,3,Agrar-Ersatzteile – Grünland,landwirtschaft-und-agrartechnik/agrar-ersatzteile/agrar-ersatzteile-gruenland
bz.43.10.08,bz.43.10,3,Agrar-Ersatzteile – Viehzucht,landwirtschaft-und-agrartechnik/agrar-ersatzteile/agrar-ersatzteile-viehzucht
bz.43.10.09,bz.43.10,3,Agrar-Ersatzteile – Lohnunternehmen,landwirtschaft-und-agrartechnik/agrar-ersatzteile/agrar-ersatzteile-lohnunternehmen
bz.43.10.10,bz.43.10,3,Agrar-Ersatzteile – OEM,landwirtschaft-und-agrartechnik/agrar-ersatzteile/agrar-ersatzteile-oem
bz.43.11,bz.43,2,Agrarreifen,landwirtschaft-und-agrartechnik/agrarreifen
bz.43.11.01,bz.43.11,3,Agrarreifen – Kleinbetrieb,landwirtschaft-und-agrartechnik/agrarreifen/agrarreifen-kleinbetrieb
bz.43.11.02,bz.43.11,3,Agrarreifen – Großbetrieb,landwirtschaft-und-agrartechnik/agrarreifen/agrarreifen-grossbetrieb
bz.43.11.03,bz.43.11,3,Agrarreifen – Profi,landwirtschaft-und-agrartechnik/agrarreifen/agrarreifen-profi
bz.43.11.04,bz.43.11,3,Agrarreifen – Kommunal,landwirtschaft-und-agrartechnik/agrarreifen/agrarreifen-kommunal
bz.43.11.05,bz.43.11,3,Agrarreifen – Forst,landwirtschaft-und-agrartechnik/agrarreifen/agrarreifen-forst
bz.43.11.06,bz.43.11,3,Agrarreifen – Ackerbau,landwirtschaft-und-agrartechnik/agrarreifen/agrarreifen-ackerbau
bz.43.11.07,bz.43.11,3,Agrarreifen – Grünland,landwirtschaft-und-agrartechnik/agrarreifen/agrarreifen-gruenland
bz.43.11.08,bz.43.11,3,Agrarreifen – Viehzucht,landwirtschaft-und-agrartechnik/agrarreifen/agrarreifen-viehzucht
bz.43.11.09,bz.43.11,3,Agrarreifen – Lohnunternehmen,landwirtschaft-und-agrartechnik/agrarreifen/agrarreifen-lohnunternehmen
bz.43.11.10,bz.43.11,3,Agrarreifen – OEM,landwirtschaft-und-agrartechnik/agrarreifen/agrarreifen-oem
bz.43.12,bz.43,2,Hydraulik,landwirtschaft-und-agrartechnik/hydraulik
bz.43.12.01,bz.43.12,3,Hydraulik – Kleinbetrieb,landwirtschaft-und-agrartechnik/hydraulik/hydraulik-kleinbetrieb
bz.43.12.02,bz.43.12,3,Hydraulik – Großbetrieb,landwirtschaft-und-agrartechnik/hydraulik/hydraulik-grossbetrieb
bz.43.12.03,bz.43.12,3,Hydraulik – Profi,landwirtschaft-und-agrartechnik/hydraulik/hydraulik-profi
bz.43.12.04,bz.43.12,3,Hydraulik – Kommunal,landwirtschaft-und-agrartechnik/hydraulik/hydraulik-kommunal
bz.43.12.05,bz.43.12,3,Hydraulik – Forst,landwirtschaft-und-agrartechnik/hydraulik/hydraulik-forst
bz.43.12.06,bz.43.12,3,Hydraulik – Ackerbau,landwirtschaft-und-agrartechnik/hydraulik/hydraulik-ackerbau
bz.43.12.07,bz.43.12,3,Hydraulik – Grünland,landwirtschaft-und-agrartechnik/hydraulik/hydraulik-gruenland
bz.43.12.08,bz.43.12,3,Hydraulik – Viehzucht,landwirtschaft-und-agrartechnik/hydraulik/hydraulik-viehzucht
bz.43.12.09,bz.43.12,3,Hydraulik – Lohnunternehmen,landwirtschaft-und-agrartechnik/hydraulik/hydraulik-lohnunternehmen
bz.43.12.10,bz.43.12,3,Hydraulik – OEM,landwirtschaft-und-agrartechnik/hydraulik/hydraulik-oem
bz.44,,1,Lastikler – Tüm Motorlu Araçlar,lastikler-tüm-motorlu-araçlar
bz.44.01,bz.44,2,Yaz Lastikleri,lastikler-tüm-motorlu-araçlar/yaz-lastikleri
bz.44.01.001,bz.44.01,3,Standart,lastikler-tüm-motorlu-araçlar/yaz-lastikleri/standart
bz.44.01.002,bz.44.01,3,Performans,lastikler-tüm-motorlu-araçlar/yaz-lastikleri/performans
bz.44.01.003,bz.44.01,3,Premium,lastikler-tüm-motorlu-araçlar/yaz-lastikleri/premium
bz.44.01.004,bz.44.01,3,Eco,lastikler-tüm-motorlu-araçlar/yaz-lastikleri/eco
bz.44.02,bz.44,2,Kış Lastikleri,lastikler-tüm-motorlu-araçlar/kış-lastikleri
bz.44.02.001,bz.44.02,3,Standart,lastikler-tüm-motorlu-araçlar/kış-lastikleri/standart
bz.44.02.002,bz.44.02,3,Performans,lastikler-tüm-motorlu-araçlar/kış-lastikleri/performans
bz.44.02.003,bz.44.02,3,Premium,lastikler-tüm-motorlu-araçlar/kış-lastikleri/premium
bz.44.02.004,bz.44.02,3,Çivili,lastikler-tüm-motorlu-araçlar/kış-lastikleri/çivili
bz.44.03,bz.44,2,4 Mevsim Lastikleri,lastikler-tüm-motorlu-araçlar/4-mevsim-lastikleri
bz.44.03.001,bz.44.03,3,Standart,lastikler-tüm-motorlu-araçlar/4-mevsim-lastikleri/standart
bz.44.03.002,bz.44.03,3,Premium,lastikler-tüm-motorlu-araçlar/4-mevsim-lastikleri/premium
bz.44.03.003,bz.44.03,3,3PMSF,lastikler-tüm-motorlu-araçlar/4-mevsim-lastikleri/3pmsf
bz.44.04,bz.44,2,Performans Lastikleri,lastikler-tüm-motorlu-araçlar/performans-lastikleri
bz.44.04.001,bz.44.04,3,UHP,lastikler-tüm-motorlu-araçlar/performans-lastikleri/uhp
bz.44.04.002,bz.44.04,3,Sport,lastikler-tüm-motorlu-araçlar/performans-lastikleri/sport
bz.44.04.003,bz.44.04,3,Track,lastikler-tüm-motorlu-araçlar/performans-lastikleri/track
bz.44.05,bz.44,2,Elektrikli Araç Lastikleri,lastikler-tüm-motorlu-araçlar/elektrikli-araç-lastikleri
bz.44.05.001,bz.44.05,3,EV Optimized,lastikler-tüm-motorlu-araçlar/elektrikli-araç-lastikleri/ev-optimized
bz.44.05.002,bz.44.05,3,Low Rolling Resistance,lastikler-tüm-motorlu-araçlar/elektrikli-araç-lastikleri/low-rolling-resistance
bz.44.05.003,bz.44.05,3,Heavy Load,lastikler-tüm-motorlu-araçlar/elektrikli-araç-lastikleri/heavy-load
bz.44.06,bz.44,2,Run-Flat Lastikler,lastikler-tüm-motorlu-araçlar/run-flat-lastikler
bz.44.06.001,bz.44.06,3,RFT,lastikler-tüm-motorlu-araçlar/run-flat-lastikler/rft
bz.44.06.002,bz.44.06,3,SSR,lastikler-tüm-motorlu-araçlar/run-flat-lastikler/ssr
bz.44.06.003,bz.44.06,3,ZP,lastikler-tüm-motorlu-araçlar/run-flat-lastikler/zp
bz.44.07,bz.44,2,XL / Reinforced Lastikler,lastikler-tüm-motorlu-araçlar/xl-reinforced-lastikler
bz.44.07.001,bz.44.07,3,XL,lastikler-tüm-motorlu-araçlar/xl-reinforced-lastikler/xl
bz.44.07.002,bz.44.07,3,Reinforced,lastikler-tüm-motorlu-araçlar/xl-reinforced-lastikler/reinforced
bz.44.07.003,bz.44.07,3,Extra Load,lastikler-tüm-motorlu-araçlar/xl-reinforced-lastikler/extra-load
bz.44.08,bz.44,2,H/T Highway Terrain,lastikler-tüm-motorlu-araçlar/ht-highway-terrain
bz.44.08.001,bz.44.08,3,Standard,lastikler-tüm-motorlu-araçlar/ht-highway-terrain/standard
bz.44.08.002,bz.44.08,3,Premium,lastikler-tüm-motorlu-araçlar/ht-highway-terrain/premium
bz.44.09,bz.44,2,A/T All Terrain,lastikler-tüm-motorlu-araçlar/at-all-terrain
bz.44.09.001,bz.44.09,3,Light A/T,lastikler-tüm-motorlu-araçlar/at-all-terrain/light-at
bz.44.09.002,bz.44.09,3,A/T,lastikler-tüm-motorlu-araçlar/at-all-terrain/at
bz.44.09.003,bz.44.09,3,Severe A/T,lastikler-tüm-motorlu-araçlar/at-all-terrain/severe-at
bz.44.10,bz.44,2,M/T Mud Terrain,lastikler-tüm-motorlu-araçlar/mt-mud-terrain
bz.44.10.001,bz.44.10,3,M/T,lastikler-tüm-motorlu-araçlar/mt-mud-terrain/mt
bz.44.10.002,bz.44.10,3,Extreme M/T,lastikler-tüm-motorlu-araçlar/mt-mud-terrain/extreme-mt
bz.44.11,bz.44,2,4x4 Kış Lastikleri,lastikler-tüm-motorlu-araçlar/4x4-kış-lastikleri
bz.44.11.001,bz.44.11,3,Winter,lastikler-tüm-motorlu-araçlar/4x4-kış-lastikleri/winter
bz.44.11.002,bz.44.11,3,3PMSF,lastikler-tüm-motorlu-araçlar/4x4-kış-lastikleri/3pmsf
bz.44.12,bz.44,2,Elektrikli SUV Lastikleri,lastikler-tüm-motorlu-araçlar/elektrikli-suv-lastikleri
bz.44.12.001,bz.44.12,3,EV,lastikler-tüm-motorlu-araçlar/elektrikli-suv-lastikleri/ev
bz.44.12.002,bz.44.12,3,XL EV,lastikler-tüm-motorlu-araçlar/elektrikli-suv-lastikleri/xl-ev
bz.44.13,bz.44,2,Yaz,lastikler-tüm-motorlu-araçlar/yaz
bz.44.13.001,bz.44.13,3,C,lastikler-tüm-motorlu-araçlar/yaz/c
bz.44.13.002,bz.44.13,3,CP,lastikler-tüm-motorlu-araçlar/yaz/cp
bz.44.13.003,bz.44.13,3,Van,lastikler-tüm-motorlu-araçlar/yaz/van
bz.44.14,bz.44,2,Kış,lastikler-tüm-motorlu-araçlar/kış
bz.44.14.001,bz.44.14,3,C,lastikler-tüm-motorlu-araçlar/kış/c
bz.44.14.002,bz.44.14,3,CP,lastikler-tüm-motorlu-araçlar/kış/cp
bz.44.14.003,bz.44.14,3,Van,lastikler-tüm-motorlu-araçlar/kış/van
bz.44.15,bz.44,2,4 Mevsim,lastikler-tüm-motorlu-araçlar/4-mevsim
bz.44.15.001,bz.44.15,3,C,lastikler-tüm-motorlu-araçlar/4-mevsim/c
bz.44.15.002,bz.44.15,3,CP,lastikler-tüm-motorlu-araçlar/4-mevsim/cp
bz.44.15.003,bz.44.15,3,Van,lastikler-tüm-motorlu-araçlar/4-mevsim/van
bz.44.16,bz.44,2,Heavy Load / Reinforced,lastikler-tüm-motorlu-araçlar/heavy-load-reinforced
bz.44.16.001,bz.44.16,3,C,lastikler-tüm-motorlu-araçlar/heavy-load-reinforced/c
bz.44.16.002,bz.44.16,3,CP,lastikler-tüm-motorlu-araçlar/heavy-load-reinforced/cp
bz.44.16.003,bz.44.16,3,XL,lastikler-tüm-motorlu-araçlar/heavy-load-reinforced/xl
bz.44.17,bz.44,2,Direksiyon Aksı Lastikleri,lastikler-tüm-motorlu-araçlar/direksiyon-aksı-lastikleri
bz.44.17.001,bz.44.17,3,Long Haul,lastikler-tüm-motorlu-araçlar/direksiyon-aksı-lastikleri/long-haul
bz.44.17.002,bz.44.17,3,Regional,lastikler-tüm-motorlu-araçlar/direksiyon-aksı-lastikleri/regional
bz.44.17.003,bz.44.17,3,Mixed Service,lastikler-tüm-motorlu-araçlar/direksiyon-aksı-lastikleri/mixed-service
bz.44.18,bz.44,2,Çekiş Aksı Lastikleri,lastikler-tüm-motorlu-araçlar/çekiş-aksı-lastikleri
bz.44.18.001,bz.44.18,3,Long Haul,lastikler-tüm-motorlu-araçlar/çekiş-aksı-lastikleri/long-haul
bz.44.18.002,bz.44.18,3,Regional,lastikler-tüm-motorlu-araçlar/çekiş-aksı-lastikleri/regional
bz.44.18.003,bz.44.18,3,On/Off,lastikler-tüm-motorlu-araçlar/çekiş-aksı-lastikleri/onoff
bz.44.19,bz.44,2,Treyler Aksı Lastikleri,lastikler-tüm-motorlu-araçlar/treyler-aksı-lastikleri
bz.44.19.001,bz.44.19,3,Long Haul,lastikler-tüm-motorlu-araçlar/treyler-aksı-lastikleri/long-haul
bz.44.19.002,bz.44.19,3,Regional,lastikler-tüm-motorlu-araçlar/treyler-aksı-lastikleri/regional
bz.44.19.003,bz.44.19,3,Heavy Duty,lastikler-tüm-motorlu-araçlar/treyler-aksı-lastikleri/heavy-duty
bz.44.20,bz.44,2,Karma Kullanım,lastikler-tüm-motorlu-araçlar/karma-kullanım
bz.44.20.001,bz.44.20,3,On/Off,lastikler-tüm-motorlu-araçlar/karma-kullanım/onoff
bz.44.20.002,bz.44.20,3,Off-Road,lastikler-tüm-motorlu-araçlar/karma-kullanım/off-road
bz.44.21,bz.44,2,Kış,lastikler-tüm-motorlu-araçlar/kış
bz.44.21.001,bz.44.21,3,Regional,lastikler-tüm-motorlu-araçlar/kış/regional
bz.44.21.002,bz.44.21,3,Severe Winter,lastikler-tüm-motorlu-araçlar/kış/severe-winter
bz.44.22,bz.44,2,Şehir Otobüsü,lastikler-tüm-motorlu-araçlar/şehir-otobüsü
bz.44.22.001,bz.44.22,3,Urban,lastikler-tüm-motorlu-araçlar/şehir-otobüsü/urban
bz.44.22.002,bz.44.22,3,Stop/Go,lastikler-tüm-motorlu-araçlar/şehir-otobüsü/stopgo
bz.44.23,bz.44,2,Turizm / Şehirlerarası,lastikler-tüm-motorlu-araçlar/turizm-şehirlerarası
bz.44.23.001,bz.44.23,3,Coach,lastikler-tüm-motorlu-araçlar/turizm-şehirlerarası/coach
bz.44.23.002,bz.44.23,3,Long Haul,lastikler-tüm-motorlu-araçlar/turizm-şehirlerarası/long-haul
bz.44.24,bz.44,2,Bölgesel,lastikler-tüm-motorlu-araçlar/bölgesel
bz.44.24.001,bz.44.24,3,Regional,lastikler-tüm-motorlu-araçlar/bölgesel/regional
bz.44.24.002,bz.44.24,3,Mixed,lastikler-tüm-motorlu-araçlar/bölgesel/mixed
bz.44.25,bz.44,2,Karavan Lastikleri,lastikler-tüm-motorlu-araçlar/karavan-lastikleri
bz.44.25.001,bz.44.25,3,CP,lastikler-tüm-motorlu-araçlar/karavan-lastikleri/cp
bz.44.25.002,bz.44.25,3,Heavy Load,lastikler-tüm-motorlu-araçlar/karavan-lastikleri/heavy-load
bz.44.26,bz.44,2,Treyler Lastikleri,lastikler-tüm-motorlu-araçlar/treyler-lastikleri
bz.44.26.001,bz.44.26,3,ST,lastikler-tüm-motorlu-araçlar/treyler-lastikleri/st
bz.44.26.002,bz.44.26,3,Regional,lastikler-tüm-motorlu-araçlar/treyler-lastikleri/regional
bz.44.26.003,bz.44.26,3,Heavy Duty,lastikler-tüm-motorlu-araçlar/treyler-lastikleri/heavy-duty
bz.44.27,bz.44,2,Tarım Römorku,lastikler-tüm-motorlu-araçlar/tarım-römorku
bz.44.27.001,bz.44.27,3,Implement,lastikler-tüm-motorlu-araçlar/tarım-römorku/implement
bz.44.27.002,bz.44.27,3,Trailer,lastikler-tüm-motorlu-araçlar/tarım-römorku/trailer
bz.44.28,bz.44,2,Sport,lastikler-tüm-motorlu-araçlar/sport
bz.44.28.001,bz.44.28,3,Hypersport,lastikler-tüm-motorlu-araçlar/sport/hypersport
bz.44.28.002,bz.44.28,3,Supersport,lastikler-tüm-motorlu-araçlar/sport/supersport
bz.44.28.003,bz.44.28,3,Track,lastikler-tüm-motorlu-araçlar/sport/track
bz.44.29,bz.44,2,Touring,lastikler-tüm-motorlu-araçlar/touring
bz.44.29.001,bz.44.29,3,Sport Touring,lastikler-tüm-motorlu-araçlar/touring/sport-touring
bz.44.29.002,bz.44.29,3,Grand Touring,lastikler-tüm-motorlu-araçlar/touring/grand-touring
bz.44.30,bz.44,2,Cruiser,lastikler-tüm-motorlu-araçlar/cruiser
bz.44.30.001,bz.44.30,3,Cruiser,lastikler-tüm-motorlu-araçlar/cruiser/cruiser
bz.44.30.002,bz.44.30,3,Custom,lastikler-tüm-motorlu-araçlar/cruiser/custom
bz.44.31,bz.44,2,Enduro / Adventure,lastikler-tüm-motorlu-araçlar/enduro-adventure
bz.44.31.001,bz.44.31,3,Road,lastikler-tüm-motorlu-araçlar/enduro-adventure/road
bz.44.31.002,bz.44.31,3,Mixed,lastikler-tüm-motorlu-araçlar/enduro-adventure/mixed
bz.44.31.003,bz.44.31,3,Off-Road,lastikler-tüm-motorlu-araçlar/enduro-adventure/off-road
bz.44.32,bz.44,2,Scooter,lastikler-tüm-motorlu-araçlar/scooter
bz.44.32.001,bz.44.32,3,City,lastikler-tüm-motorlu-araçlar/scooter/city
bz.44.32.002,bz.44.32,3,Touring,lastikler-tüm-motorlu-araçlar/scooter/touring
bz.44.32.003,bz.44.32,3,Performance,lastikler-tüm-motorlu-araçlar/scooter/performance
bz.44.33,bz.44,2,Yarış,lastikler-tüm-motorlu-araçlar/yarış
bz.44.33.001,bz.44.33,3,Slick,lastikler-tüm-motorlu-araçlar/yarış/slick
bz.44.33.002,bz.44.33,3,Rain,lastikler-tüm-motorlu-araçlar/yarış/rain
bz.44.33.003,bz.44.33,3,Race,lastikler-tüm-motorlu-araçlar/yarış/race
bz.44.34,bz.44,2,Kış,lastikler-tüm-motorlu-araçlar/kış
bz.44.34.001,bz.44.34,3,Scooter Winter,lastikler-tüm-motorlu-araçlar/kış/scooter-winter
bz.44.34.002,bz.44.34,3,Cold Weather,lastikler-tüm-motorlu-araçlar/kış/cold-weather
bz.44.35,bz.44,2,Utility,lastikler-tüm-motorlu-araçlar/utility
bz.44.35.001,bz.44.35,3,Work,lastikler-tüm-motorlu-araçlar/utility/work
bz.44.35.002,bz.44.35,3,Mud,lastikler-tüm-motorlu-araçlar/utility/mud
bz.44.35.003,bz.44.35,3,All Terrain,lastikler-tüm-motorlu-araçlar/utility/all-terrain
bz.44.36,bz.44,2,Sport,lastikler-tüm-motorlu-araçlar/sport
bz.44.36.001,bz.44.36,3,Sport,lastikler-tüm-motorlu-araçlar/sport/sport
bz.44.36.002,bz.44.36,3,Race,lastikler-tüm-motorlu-araçlar/sport/race
bz.44.37,bz.44,2,Sand,lastikler-tüm-motorlu-araçlar/sand
bz.44.37.001,bz.44.37,3,Front,lastikler-tüm-motorlu-araçlar/sand/front
bz.44.37.002,bz.44.37,3,Rear,lastikler-tüm-motorlu-araçlar/sand/rear
bz.44.38,bz.44,2,Mud,lastikler-tüm-motorlu-araçlar/mud
bz.44.38.001,bz.44.38,3,Mud,lastikler-tüm-motorlu-araçlar/mud/mud
bz.44.38.002,bz.44.38,3,Extreme Mud,lastikler-tüm-motorlu-araçlar/mud/extreme-mud
bz.44.39,bz.44,2,Ön Lastikler,lastikler-tüm-motorlu-araçlar/ön-lastikler
bz.44.39.001,bz.44.39,3,FWD,lastikler-tüm-motorlu-araçlar/ön-lastikler/fwd
bz.44.39.002,bz.44.39,3,2WD,lastikler-tüm-motorlu-araçlar/ön-lastikler/2wd
bz.44.39.003,bz.44.39,3,4WD,lastikler-tüm-motorlu-araçlar/ön-lastikler/4wd
bz.44.40,bz.44,2,Arka Lastikler,lastikler-tüm-motorlu-araçlar/arka-lastikler
bz.44.40.001,bz.44.40,3,Radial,lastikler-tüm-motorlu-araçlar/arka-lastikler/radial
bz.44.40.002,bz.44.40,3,Bias,lastikler-tüm-motorlu-araçlar/arka-lastikler/bias
bz.44.41,bz.44,2,Sıra Arası,lastikler-tüm-motorlu-araçlar/sıra-arası
bz.44.41.001,bz.44.41,3,Narrow,lastikler-tüm-motorlu-araçlar/sıra-arası/narrow
bz.44.41.002,bz.44.41,3,VF,lastikler-tüm-motorlu-araçlar/sıra-arası/vf
bz.44.41.003,bz.44.41,3,IF,lastikler-tüm-motorlu-araçlar/sıra-arası/if
bz.44.42,bz.44,2,Orman,lastikler-tüm-motorlu-araçlar/orman
bz.44.42.001,bz.44.42,3,Forestry,lastikler-tüm-motorlu-araçlar/orman/forestry
bz.44.42.002,bz.44.42,3,Reinforced,lastikler-tüm-motorlu-araçlar/orman/reinforced
bz.44.43,bz.44,2,Ekipman Lastikleri,lastikler-tüm-motorlu-araçlar/ekipman-lastikleri
bz.44.43.001,bz.44.43,3,Implement,lastikler-tüm-motorlu-araçlar/ekipman-lastikleri/implement
bz.44.43.002,bz.44.43,3,Trailer,lastikler-tüm-motorlu-araçlar/ekipman-lastikleri/trailer
bz.44.43.003,bz.44.43,3,Flotation,lastikler-tüm-motorlu-araçlar/ekipman-lastikleri/flotation
bz.44.44,bz.44,2,Biçerdöver Lastikleri,lastikler-tüm-motorlu-araçlar/biçerdöver-lastikleri
bz.44.44.001,bz.44.44,3,Front,lastikler-tüm-motorlu-araçlar/biçerdöver-lastikleri/front
bz.44.44.002,bz.44.44,3,Rear,lastikler-tüm-motorlu-araçlar/biçerdöver-lastikleri/rear
bz.44.44.003,bz.44.44,3,High Flotation,lastikler-tüm-motorlu-araçlar/biçerdöver-lastikleri/high-flotation
bz.44.45,bz.44,2,İlaçlama Makinesi Lastikleri,lastikler-tüm-motorlu-araçlar/ilaçlama-makinesi-lastikleri
bz.44.45.001,bz.44.45,3,Row Crop,lastikler-tüm-motorlu-araçlar/ilaçlama-makinesi-lastikleri/row-crop
bz.44.45.002,bz.44.45,3,VF,lastikler-tüm-motorlu-araçlar/ilaçlama-makinesi-lastikleri/vf
bz.44.45.003,bz.44.45,3,IF,lastikler-tüm-motorlu-araçlar/ilaçlama-makinesi-lastikleri/if
bz.44.46,bz.44,2,Loader,lastikler-tüm-motorlu-araçlar/loader
bz.44.46.001,bz.44.46,3,L,lastikler-tüm-motorlu-araçlar/loader/l
bz.44.46.002,bz.44.46,3,E3/L3,lastikler-tüm-motorlu-araçlar/loader/e3l3
bz.44.46.003,bz.44.46,3,L5,lastikler-tüm-motorlu-araçlar/loader/l5
bz.44.47,bz.44,2,Ekskavatör,lastikler-tüm-motorlu-araçlar/ekskavatör
bz.44.47.001,bz.44.47,3,Industrial,lastikler-tüm-motorlu-araçlar/ekskavatör/industrial
bz.44.47.002,bz.44.47,3,OTR,lastikler-tüm-motorlu-araçlar/ekskavatör/otr
bz.44.48,bz.44,2,Forklift,lastikler-tüm-motorlu-araçlar/forklift
bz.44.48.001,bz.44.48,3,Pneumatic,lastikler-tüm-motorlu-araçlar/forklift/pneumatic
bz.44.48.002,bz.44.48,3,Solid,lastikler-tüm-motorlu-araçlar/forklift/solid
bz.44.49,bz.44,2,Endüstriyel,lastikler-tüm-motorlu-araçlar/endüstriyel
bz.44.49.001,bz.44.49,3,Solid,lastikler-tüm-motorlu-araçlar/endüstriyel/solid
bz.44.49.002,bz.44.49,3,Pneumatic,lastikler-tüm-motorlu-araçlar/endüstriyel/pneumatic
bz.44.49.003,bz.44.49,3,Non-Marking,lastikler-tüm-motorlu-araçlar/endüstriyel/non-marking
bz.44.50,bz.44,2,Yarış,lastikler-tüm-motorlu-araçlar/yarış
bz.44.50.001,bz.44.50,3,Slick,lastikler-tüm-motorlu-araçlar/yarış/slick
bz.44.50.002,bz.44.50,3,Semi-Slick,lastikler-tüm-motorlu-araçlar/yarış/semi-slick
bz.44.50.003,bz.44.50,3,Rain,lastikler-tüm-motorlu-araçlar/yarış/rain
bz.44.51,bz.44,2,Klasik / Oldtimer,lastikler-tüm-motorlu-araçlar/klasik-oldtimer
bz.44.51.001,bz.44.51,3,Classic,lastikler-tüm-motorlu-araçlar/klasik-oldtimer/classic
bz.44.51.002,bz.44.51,3,Vintage,lastikler-tüm-motorlu-araçlar/klasik-oldtimer/vintage
bz.44.52,bz.44,2,Acil Durum / Stepne,lastikler-tüm-motorlu-araçlar/acil-durum-stepne
bz.44.52.001,bz.44.52,3,Temporary Spare,lastikler-tüm-motorlu-araçlar/acil-durum-stepne/temporary-spare
bz.44.52.002,bz.44.52,3,Full Size Spare,lastikler-tüm-motorlu-araçlar/acil-durum-stepne/full-size-spare
bz.45,,1,Tarım & Tarım Makineleri,tarım-ve-tarım-makineleri
bz.45.01,bz.45,2,Kompakt / Bağ / Bahçe Traktörleri,tarım-ve-tarım-makineleri/kompakt-bağ-bahçe-traktörleri
bz.45.01.001,bz.45.01,3,Motor,tarım-ve-tarım-makineleri/kompakt-bağ-bahçe-traktörleri/motor
bz.45.01.002,bz.45.01,3,Şanzıman,tarım-ve-tarım-makineleri/kompakt-bağ-bahçe-traktörleri/şanzıman
bz.45.01.003,bz.45.01,3,Hidrolik,tarım-ve-tarım-makineleri/kompakt-bağ-bahçe-traktörleri/hidrolik
bz.45.01.004,bz.45.01,3,Elektrik,tarım-ve-tarım-makineleri/kompakt-bağ-bahçe-traktörleri/elektrik
bz.45.01.005,bz.45.01,3,Fren,tarım-ve-tarım-makineleri/kompakt-bağ-bahçe-traktörleri/fren
bz.45.01.006,bz.45.01,3,Direksiyon,tarım-ve-tarım-makineleri/kompakt-bağ-bahçe-traktörleri/direksiyon
bz.45.01.007,bz.45.01,3,Kabin,tarım-ve-tarım-makineleri/kompakt-bağ-bahçe-traktörleri/kabin
bz.45.01.008,bz.45.01,3,PTO,tarım-ve-tarım-makineleri/kompakt-bağ-bahçe-traktörleri/pto
bz.45.01.009,bz.45.01,3,3 Nokta Askı,tarım-ve-tarım-makineleri/kompakt-bağ-bahçe-traktörleri/3-nokta-askı
bz.45.02,bz.45,2,Standart Traktörler,tarım-ve-tarım-makineleri/standart-traktörler
bz.45.02.001,bz.45.02,3,Motor,tarım-ve-tarım-makineleri/standart-traktörler/motor
bz.45.02.002,bz.45.02,3,Yakıt,tarım-ve-tarım-makineleri/standart-traktörler/yakıt
bz.45.02.003,bz.45.02,3,Soğutma,tarım-ve-tarım-makineleri/standart-traktörler/soğutma
bz.45.02.004,bz.45.02,3,Debriyaj,tarım-ve-tarım-makineleri/standart-traktörler/debriyaj
bz.45.02.005,bz.45.02,3,Şanzıman,tarım-ve-tarım-makineleri/standart-traktörler/şanzıman
bz.45.02.006,bz.45.02,3,Diferansiyel,tarım-ve-tarım-makineleri/standart-traktörler/diferansiyel
bz.45.02.007,bz.45.02,3,Aks,tarım-ve-tarım-makineleri/standart-traktörler/aks
bz.45.02.008,bz.45.02,3,Fren,tarım-ve-tarım-makineleri/standart-traktörler/fren
bz.45.02.009,bz.45.02,3,Hidrolik,tarım-ve-tarım-makineleri/standart-traktörler/hidrolik
bz.45.02.010,bz.45.02,3,PTO,tarım-ve-tarım-makineleri/standart-traktörler/pto
bz.45.02.011,bz.45.02,3,Elektrik,tarım-ve-tarım-makineleri/standart-traktörler/elektrik
bz.45.02.012,bz.45.02,3,Kabin,tarım-ve-tarım-makineleri/standart-traktörler/kabin
bz.45.03,bz.45,2,Sıra Arası Traktörler,tarım-ve-tarım-makineleri/sıra-arası-traktörler
bz.45.03.001,bz.45.03,3,Dar Aks,tarım-ve-tarım-makineleri/sıra-arası-traktörler/dar-aks
bz.45.03.002,bz.45.03,3,Hidrolik,tarım-ve-tarım-makineleri/sıra-arası-traktörler/hidrolik
bz.45.03.003,bz.45.03,3,Ön Yükleyici,tarım-ve-tarım-makineleri/sıra-arası-traktörler/ön-yükleyici
bz.45.03.004,bz.45.03,3,PTO,tarım-ve-tarım-makineleri/sıra-arası-traktörler/pto
bz.45.03.005,bz.45.03,3,Lastik,tarım-ve-tarım-makineleri/sıra-arası-traktörler/lastik
bz.45.04,bz.45,2,Yüksek Güçlü Traktörler,tarım-ve-tarım-makineleri/yüksek-güçlü-traktörler
bz.45.04.001,bz.45.04,3,Motor,tarım-ve-tarım-makineleri/yüksek-güçlü-traktörler/motor
bz.45.04.002,bz.45.04,3,Turbo,tarım-ve-tarım-makineleri/yüksek-güçlü-traktörler/turbo
bz.45.04.003,bz.45.04,3,Şanzıman,tarım-ve-tarım-makineleri/yüksek-güçlü-traktörler/şanzıman
bz.45.04.004,bz.45.04,3,Hidrolik,tarım-ve-tarım-makineleri/yüksek-güçlü-traktörler/hidrolik
bz.45.04.005,bz.45.04,3,Aktarma,tarım-ve-tarım-makineleri/yüksek-güçlü-traktörler/aktarma
bz.45.04.006,bz.45.04,3,Elektronik,tarım-ve-tarım-makineleri/yüksek-güçlü-traktörler/elektronik
bz.45.05,bz.45,2,Paletli Traktörler,tarım-ve-tarım-makineleri/paletli-traktörler
bz.45.05.001,bz.45.05,3,Palet,tarım-ve-tarım-makineleri/paletli-traktörler/palet
bz.45.05.002,bz.45.05,3,Yürüyüş Sistemi,tarım-ve-tarım-makineleri/paletli-traktörler/yürüyüş-sistemi
bz.45.05.003,bz.45.05,3,Final Drive,tarım-ve-tarım-makineleri/paletli-traktörler/final-drive
bz.45.05.004,bz.45.05,3,Hidrolik,tarım-ve-tarım-makineleri/paletli-traktörler/hidrolik
bz.45.05.005,bz.45.05,3,Bıçak,tarım-ve-tarım-makineleri/paletli-traktörler/bıçak
bz.45.06,bz.45,2,Özel Amaçlı Traktörler,tarım-ve-tarım-makineleri/özel-amaçlı-traktörler
bz.45.06.001,bz.45.06,3,Bağ,tarım-ve-tarım-makineleri/özel-amaçlı-traktörler/bağ
bz.45.06.002,bz.45.06,3,Bahçe,tarım-ve-tarım-makineleri/özel-amaçlı-traktörler/bahçe
bz.45.06.003,bz.45.06,3,Sera,tarım-ve-tarım-makineleri/özel-amaçlı-traktörler/sera
bz.45.06.004,bz.45.06,3,Dar Gövde,tarım-ve-tarım-makineleri/özel-amaçlı-traktörler/dar-gövde
bz.45.07,bz.45,2,Kesim & Biçme,tarım-ve-tarım-makineleri/kesim-ve-biçme
bz.45.07.001,bz.45.07,3,Biçer Bıçakları,tarım-ve-tarım-makineleri/kesim-ve-biçme/biçer-bıçakları
bz.45.07.002,bz.45.07,3,Parmaklar,tarım-ve-tarım-makineleri/kesim-ve-biçme/parmaklar
bz.45.07.003,bz.45.07,3,Tabla Parçaları,tarım-ve-tarım-makineleri/kesim-ve-biçme/tabla-parçaları
bz.45.07.004,bz.45.07,3,Makara,tarım-ve-tarım-makineleri/kesim-ve-biçme/makara
bz.45.08,bz.45,2,Döven & Harmanlama,tarım-ve-tarım-makineleri/döven-ve-harmanlama
bz.45.08.001,bz.45.08,3,Batör,tarım-ve-tarım-makineleri/döven-ve-harmanlama/batör
bz.45.08.002,bz.45.08,3,Kontrbatör,tarım-ve-tarım-makineleri/döven-ve-harmanlama/kontrbatör
bz.45.08.003,bz.45.08,3,Elek,tarım-ve-tarım-makineleri/döven-ve-harmanlama/elek
bz.45.08.004,bz.45.08,3,Rotor,tarım-ve-tarım-makineleri/döven-ve-harmanlama/rotor
bz.45.08.005,bz.45.08,3,Rasp Bar,tarım-ve-tarım-makineleri/döven-ve-harmanlama/rasp-bar
bz.45.09,bz.45,2,Temizleme,tarım-ve-tarım-makineleri/temizleme
bz.45.09.001,bz.45.09,3,Fan,tarım-ve-tarım-makineleri/temizleme/fan
bz.45.09.002,bz.45.09,3,Elek,tarım-ve-tarım-makineleri/temizleme/elek
bz.45.09.003,bz.45.09,3,Hava Sistemi,tarım-ve-tarım-makineleri/temizleme/hava-sistemi
bz.45.10,bz.45,2,Dane Aktarma,tarım-ve-tarım-makineleri/dane-aktarma
bz.45.10.001,bz.45.10,3,Elevatör,tarım-ve-tarım-makineleri/dane-aktarma/elevatör
bz.45.10.002,bz.45.10,3,Helezon,tarım-ve-tarım-makineleri/dane-aktarma/helezon
bz.45.10.003,bz.45.10,3,Zincir,tarım-ve-tarım-makineleri/dane-aktarma/zincir
bz.45.10.004,bz.45.10,3,Rulman,tarım-ve-tarım-makineleri/dane-aktarma/rulman
bz.45.11,bz.45,2,Motor & Aktarma,tarım-ve-tarım-makineleri/motor-ve-aktarma
bz.45.11.001,bz.45.11,3,Motor,tarım-ve-tarım-makineleri/motor-ve-aktarma/motor
bz.45.11.002,bz.45.11,3,Turbo,tarım-ve-tarım-makineleri/motor-ve-aktarma/turbo
bz.45.11.003,bz.45.11,3,Soğutma,tarım-ve-tarım-makineleri/motor-ve-aktarma/soğutma
bz.45.11.004,bz.45.11,3,Şanzıman,tarım-ve-tarım-makineleri/motor-ve-aktarma/şanzıman
bz.45.12,bz.45,2,Rulo Balya,tarım-ve-tarım-makineleri/rulo-balya
bz.45.12.001,bz.45.12,3,Pickup,tarım-ve-tarım-makineleri/rulo-balya/pickup
bz.45.12.002,bz.45.12,3,Bağlama,tarım-ve-tarım-makineleri/rulo-balya/bağlama
bz.45.12.003,bz.45.12,3,Rulo Mekanizması,tarım-ve-tarım-makineleri/rulo-balya/rulo-mekanizması
bz.45.12.004,bz.45.12,3,Zincir,tarım-ve-tarım-makineleri/rulo-balya/zincir
bz.45.13,bz.45,2,Kare Balya,tarım-ve-tarım-makineleri/kare-balya
bz.45.13.001,bz.45.13,3,Pickup,tarım-ve-tarım-makineleri/kare-balya/pickup
bz.45.13.002,bz.45.13,3,İğne,tarım-ve-tarım-makineleri/kare-balya/iğne
bz.45.13.003,bz.45.13,3,Düğümleyici,tarım-ve-tarım-makineleri/kare-balya/düğümleyici
bz.45.13.004,bz.45.13,3,Piston,tarım-ve-tarım-makineleri/kare-balya/piston
bz.45.14,bz.45,2,Balya Sarma,tarım-ve-tarım-makineleri/balya-sarma
bz.45.14.001,bz.45.14,3,Film Sistemi,tarım-ve-tarım-makineleri/balya-sarma/film-sistemi
bz.45.14.002,bz.45.14,3,Streç,tarım-ve-tarım-makineleri/balya-sarma/streç
bz.45.14.003,bz.45.14,3,Kesme,tarım-ve-tarım-makineleri/balya-sarma/kesme
bz.45.15,bz.45,2,Diskli Biçme,tarım-ve-tarım-makineleri/diskli-biçme
bz.45.15.001,bz.45.15,3,Disk,tarım-ve-tarım-makineleri/diskli-biçme/disk
bz.45.15.002,bz.45.15,3,Bıçak,tarım-ve-tarım-makineleri/diskli-biçme/bıçak
bz.45.15.003,bz.45.15,3,Kayış,tarım-ve-tarım-makineleri/diskli-biçme/kayış
bz.45.15.004,bz.45.15,3,Şaft,tarım-ve-tarım-makineleri/diskli-biçme/şaft
bz.45.16,bz.45,2,Tamburlu Biçme,tarım-ve-tarım-makineleri/tamburlu-biçme
bz.45.16.001,bz.45.16,3,Tambur,tarım-ve-tarım-makineleri/tamburlu-biçme/tambur
bz.45.16.002,bz.45.16,3,Bıçak,tarım-ve-tarım-makineleri/tamburlu-biçme/bıçak
bz.45.16.003,bz.45.16,3,Şanzıman,tarım-ve-tarım-makineleri/tamburlu-biçme/şanzıman
bz.45.17,bz.45,2,Biçme & Kondisyoner,tarım-ve-tarım-makineleri/biçme-ve-kondisyoner
bz.45.17.001,bz.45.17,3,Kondisyoner,tarım-ve-tarım-makineleri/biçme-ve-kondisyoner/kondisyoner
bz.45.17.002,bz.45.17,3,Silindir,tarım-ve-tarım-makineleri/biçme-ve-kondisyoner/silindir
bz.45.17.003,bz.45.17,3,Parmak,tarım-ve-tarım-makineleri/biçme-ve-kondisyoner/parmak
bz.45.18,bz.45,2,Hububat Ekim,tarım-ve-tarım-makineleri/hububat-ekim
bz.45.18.001,bz.45.18,3,Mibzer Ünitesi,tarım-ve-tarım-makineleri/hububat-ekim/mibzer-ünitesi
bz.45.18.002,bz.45.18,3,Disk,tarım-ve-tarım-makineleri/hububat-ekim/disk
bz.45.18.003,bz.45.18,3,Gübre Ünitesi,tarım-ve-tarım-makineleri/hububat-ekim/gübre-ünitesi
bz.45.18.004,bz.45.18,3,Tohum Borusu,tarım-ve-tarım-makineleri/hububat-ekim/tohum-borusu
bz.45.19,bz.45,2,Hassas Ekim,tarım-ve-tarım-makineleri/hassas-ekim
bz.45.19.001,bz.45.19,3,Ekim Ünitesi,tarım-ve-tarım-makineleri/hassas-ekim/ekim-ünitesi
bz.45.19.002,bz.45.19,3,Vakum,tarım-ve-tarım-makineleri/hassas-ekim/vakum
bz.45.19.003,bz.45.19,3,Disk,tarım-ve-tarım-makineleri/hassas-ekim/disk
bz.45.19.004,bz.45.19,3,Tohum Sensörü,tarım-ve-tarım-makineleri/hassas-ekim/tohum-sensörü
bz.45.20,bz.45,2,Dikim Makineleri,tarım-ve-tarım-makineleri/dikim-makineleri
bz.45.20.001,bz.45.20,3,Fide Ünitesi,tarım-ve-tarım-makineleri/dikim-makineleri/fide-ünitesi
bz.45.20.002,bz.45.20,3,Bant,tarım-ve-tarım-makineleri/dikim-makineleri/bant
bz.45.20.003,bz.45.20,3,Vakum,tarım-ve-tarım-makineleri/dikim-makineleri/vakum
bz.45.20.004,bz.45.20,3,Sıra Ünitesi,tarım-ve-tarım-makineleri/dikim-makineleri/sıra-ünitesi
bz.45.21,bz.45,2,Santrifüj Gübre Serpme,tarım-ve-tarım-makineleri/santrifüj-gübre-serpme
bz.45.21.001,bz.45.21,3,Disk,tarım-ve-tarım-makineleri/santrifüj-gübre-serpme/disk
bz.45.21.002,bz.45.21,3,Kanat,tarım-ve-tarım-makineleri/santrifüj-gübre-serpme/kanat
bz.45.21.003,bz.45.21,3,Dozaj,tarım-ve-tarım-makineleri/santrifüj-gübre-serpme/dozaj
bz.45.21.004,bz.45.21,3,Redüktör,tarım-ve-tarım-makineleri/santrifüj-gübre-serpme/redüktör
bz.45.22,bz.45,2,Hassas Gübreleme,tarım-ve-tarım-makineleri/hassas-gübreleme
bz.45.22.001,bz.45.22,3,Dozaj Ünitesi,tarım-ve-tarım-makineleri/hassas-gübreleme/dozaj-ünitesi
bz.45.22.002,bz.45.22,3,Sensör,tarım-ve-tarım-makineleri/hassas-gübreleme/sensör
bz.45.22.003,bz.45.22,3,Kontrol,tarım-ve-tarım-makineleri/hassas-gübreleme/kontrol
bz.45.23,bz.45,2,Sıvı Gübre,tarım-ve-tarım-makineleri/sıvı-gübre
bz.45.23.001,bz.45.23,3,Pompa,tarım-ve-tarım-makineleri/sıvı-gübre/pompa
bz.45.23.002,bz.45.23,3,Nozul,tarım-ve-tarım-makineleri/sıvı-gübre/nozul
bz.45.23.003,bz.45.23,3,Filtre,tarım-ve-tarım-makineleri/sıvı-gübre/filtre
bz.45.23.004,bz.45.23,3,Hortum,tarım-ve-tarım-makineleri/sıvı-gübre/hortum
bz.45.24,bz.45,2,Tarla Pülverizatörleri,tarım-ve-tarım-makineleri/tarla-pülverizatörleri
bz.45.24.001,bz.45.24,3,Pompa,tarım-ve-tarım-makineleri/tarla-pülverizatörleri/pompa
bz.45.24.002,bz.45.24,3,Nozul,tarım-ve-tarım-makineleri/tarla-pülverizatörleri/nozul
bz.45.24.003,bz.45.24,3,Filtre,tarım-ve-tarım-makineleri/tarla-pülverizatörleri/filtre
bz.45.24.004,bz.45.24,3,Regülatör,tarım-ve-tarım-makineleri/tarla-pülverizatörleri/regülatör
bz.45.24.005,bz.45.24,3,Boom,tarım-ve-tarım-makineleri/tarla-pülverizatörleri/boom
bz.45.25,bz.45,2,Bahçe Atomizörleri,tarım-ve-tarım-makineleri/bahçe-atomizörleri
bz.45.25.001,bz.45.25,3,Fan,tarım-ve-tarım-makineleri/bahçe-atomizörleri/fan
bz.45.25.002,bz.45.25,3,Pompa,tarım-ve-tarım-makineleri/bahçe-atomizörleri/pompa
bz.45.25.003,bz.45.25,3,Nozul,tarım-ve-tarım-makineleri/bahçe-atomizörleri/nozul
bz.45.25.004,bz.45.25,3,Depo,tarım-ve-tarım-makineleri/bahçe-atomizörleri/depo
bz.45.26,bz.45,2,Kendinden Yürür,tarım-ve-tarım-makineleri/kendinden-yürür
bz.45.26.001,bz.45.26,3,Pompa,tarım-ve-tarım-makineleri/kendinden-yürür/pompa
bz.45.26.002,bz.45.26,3,Boom,tarım-ve-tarım-makineleri/kendinden-yürür/boom
bz.45.26.003,bz.45.26,3,Elektronik,tarım-ve-tarım-makineleri/kendinden-yürür/elektronik
bz.45.26.004,bz.45.26,3,Hidrostatik,tarım-ve-tarım-makineleri/kendinden-yürür/hidrostatik
bz.45.27,bz.45,2,Pulluklar,tarım-ve-tarım-makineleri/pulluklar
bz.45.27.001,bz.45.27,3,Kulak,tarım-ve-tarım-makineleri/pulluklar/kulak
bz.45.27.002,bz.45.27,3,Bıçak,tarım-ve-tarım-makineleri/pulluklar/bıçak
bz.45.27.003,bz.45.27,3,Saban Ucu,tarım-ve-tarım-makineleri/pulluklar/saban-ucu
bz.45.27.004,bz.45.27,3,Bağlantı,tarım-ve-tarım-makineleri/pulluklar/bağlantı
bz.45.28,bz.45,2,Diskarolar,tarım-ve-tarım-makineleri/diskarolar
bz.45.28.001,bz.45.28,3,Disk,tarım-ve-tarım-makineleri/diskarolar/disk
bz.45.28.002,bz.45.28,3,Makaralar,tarım-ve-tarım-makineleri/diskarolar/makaralar
bz.45.28.003,bz.45.28,3,Rulman,tarım-ve-tarım-makineleri/diskarolar/rulman
bz.45.28.004,bz.45.28,3,Şase,tarım-ve-tarım-makineleri/diskarolar/şase
bz.45.29,bz.45,2,Kültivatörler,tarım-ve-tarım-makineleri/kültivatörler
bz.45.29.001,bz.45.29,3,Ayak,tarım-ve-tarım-makineleri/kültivatörler/ayak
bz.45.29.002,bz.45.29,3,Bıçak,tarım-ve-tarım-makineleri/kültivatörler/bıçak
bz.45.29.003,bz.45.29,3,Yay,tarım-ve-tarım-makineleri/kültivatörler/yay
bz.45.29.004,bz.45.29,3,Merdane,tarım-ve-tarım-makineleri/kültivatörler/merdane
bz.45.30,bz.45,2,Rotovatörler,tarım-ve-tarım-makineleri/rotovatörler
bz.45.30.001,bz.45.30,3,Bıçak,tarım-ve-tarım-makineleri/rotovatörler/bıçak
bz.45.30.002,bz.45.30,3,Rotor,tarım-ve-tarım-makineleri/rotovatörler/rotor
bz.45.30.003,bz.45.30,3,Şanzıman,tarım-ve-tarım-makineleri/rotovatörler/şanzıman
bz.45.30.004,bz.45.30,3,PTO,tarım-ve-tarım-makineleri/rotovatörler/pto
bz.45.31,bz.45,2,Dipkazanlar,tarım-ve-tarım-makineleri/dipkazanlar
bz.45.31.001,bz.45.31,3,Ayak,tarım-ve-tarım-makineleri/dipkazanlar/ayak
bz.45.31.002,bz.45.31,3,Uç,tarım-ve-tarım-makineleri/dipkazanlar/uç
bz.45.31.003,bz.45.31,3,Şase,tarım-ve-tarım-makineleri/dipkazanlar/şase
bz.45.32,bz.45,2,Mısır Hasat,tarım-ve-tarım-makineleri/mısır-hasat
bz.45.32.001,bz.45.32,3,Tabla,tarım-ve-tarım-makineleri/mısır-hasat/tabla
bz.45.32.002,bz.45.32,3,Bıçak,tarım-ve-tarım-makineleri/mısır-hasat/bıçak
bz.45.32.003,bz.45.32,3,Zincir,tarım-ve-tarım-makineleri/mısır-hasat/zincir
bz.45.32.004,bz.45.32,3,Şanzıman,tarım-ve-tarım-makineleri/mısır-hasat/şanzıman
bz.45.33,bz.45,2,Patates Hasat,tarım-ve-tarım-makineleri/patates-hasat
bz.45.33.001,bz.45.33,3,Elek,tarım-ve-tarım-makineleri/patates-hasat/elek
bz.45.33.002,bz.45.33,3,Bant,tarım-ve-tarım-makineleri/patates-hasat/bant
bz.45.33.003,bz.45.33,3,Zincir,tarım-ve-tarım-makineleri/patates-hasat/zincir
bz.45.33.004,bz.45.33,3,Ayırıcı,tarım-ve-tarım-makineleri/patates-hasat/ayırıcı
bz.45.34,bz.45,2,Pancar Hasat,tarım-ve-tarım-makineleri/pancar-hasat
bz.45.34.001,bz.45.34,3,Sökücü,tarım-ve-tarım-makineleri/pancar-hasat/sökücü
bz.45.34.002,bz.45.34,3,Temizleme,tarım-ve-tarım-makineleri/pancar-hasat/temizleme
bz.45.34.003,bz.45.34,3,Aktarma,tarım-ve-tarım-makineleri/pancar-hasat/aktarma
bz.45.35,bz.45,2,Yem Hasat,tarım-ve-tarım-makineleri/yem-hasat
bz.45.35.001,bz.45.35,3,Kesici,tarım-ve-tarım-makineleri/yem-hasat/kesici
bz.45.35.002,bz.45.35,3,Pickup,tarım-ve-tarım-makineleri/yem-hasat/pickup
bz.45.35.003,bz.45.35,3,Rotor,tarım-ve-tarım-makineleri/yem-hasat/rotor
bz.45.35.004,bz.45.35,3,Üfleme,tarım-ve-tarım-makineleri/yem-hasat/üfleme
bz.45.36,bz.45,2,Yem Karma Makineleri,tarım-ve-tarım-makineleri/yem-karma-makineleri
bz.45.36.001,bz.45.36,3,Helezon,tarım-ve-tarım-makineleri/yem-karma-makineleri/helezon
bz.45.36.002,bz.45.36,3,Bıçak,tarım-ve-tarım-makineleri/yem-karma-makineleri/bıçak
bz.45.36.003,bz.45.36,3,Redüktör,tarım-ve-tarım-makineleri/yem-karma-makineleri/redüktör
bz.45.36.004,bz.45.36,3,Load Cell,tarım-ve-tarım-makineleri/yem-karma-makineleri/load-cell
bz.45.37,bz.45,2,Yemleme Sistemleri,tarım-ve-tarım-makineleri/yemleme-sistemleri
bz.45.37.001,bz.45.37,3,Konveyör,tarım-ve-tarım-makineleri/yemleme-sistemleri/konveyör
bz.45.37.002,bz.45.37,3,Helezon,tarım-ve-tarım-makineleri/yemleme-sistemleri/helezon
bz.45.37.003,bz.45.37,3,Dozaj,tarım-ve-tarım-makineleri/yemleme-sistemleri/dozaj
bz.45.38,bz.45,2,Silaj Makineleri,tarım-ve-tarım-makineleri/silaj-makineleri
bz.45.38.001,bz.45.38,3,Kesici,tarım-ve-tarım-makineleri/silaj-makineleri/kesici
bz.45.38.002,bz.45.38,3,Pickup,tarım-ve-tarım-makineleri/silaj-makineleri/pickup
bz.45.38.003,bz.45.38,3,Rotor,tarım-ve-tarım-makineleri/silaj-makineleri/rotor
bz.45.38.004,bz.45.38,3,Bıçak,tarım-ve-tarım-makineleri/silaj-makineleri/bıçak
bz.45.39,bz.45,2,Römorklar,tarım-ve-tarım-makineleri/römorklar
bz.45.39.001,bz.45.39,3,Dingil,tarım-ve-tarım-makineleri/römorklar/dingil
bz.45.39.002,bz.45.39,3,Fren,tarım-ve-tarım-makineleri/römorklar/fren
bz.45.39.003,bz.45.39,3,Kasa,tarım-ve-tarım-makineleri/römorklar/kasa
bz.45.39.004,bz.45.39,3,Hidrolik,tarım-ve-tarım-makineleri/römorklar/hidrolik
bz.45.40,bz.45,2,Damperli Römork,tarım-ve-tarım-makineleri/damperli-römork
bz.45.40.001,bz.45.40,3,Hidrolik Silindir,tarım-ve-tarım-makineleri/damperli-römork/hidrolik-silindir
bz.45.40.002,bz.45.40,3,Kasa,tarım-ve-tarım-makineleri/damperli-römork/kasa
bz.45.40.003,bz.45.40,3,Kilit,tarım-ve-tarım-makineleri/damperli-römork/kilit
bz.45.41,bz.45,2,Platform Taşıyıcılar,tarım-ve-tarım-makineleri/platform-taşıyıcılar
bz.45.41.001,bz.45.41,3,Şase,tarım-ve-tarım-makineleri/platform-taşıyıcılar/şase
bz.45.41.002,bz.45.41,3,Aks,tarım-ve-tarım-makineleri/platform-taşıyıcılar/aks
bz.45.41.003,bz.45.41,3,Rampalar,tarım-ve-tarım-makineleri/platform-taşıyıcılar/rampalar
bz.45.42,bz.45,2,Damla Sulama,tarım-ve-tarım-makineleri/damla-sulama
bz.45.42.001,bz.45.42,3,Damlatıcı,tarım-ve-tarım-makineleri/damla-sulama/damlatıcı
bz.45.42.002,bz.45.42,3,Boru,tarım-ve-tarım-makineleri/damla-sulama/boru
bz.45.42.003,bz.45.42,3,Filtre,tarım-ve-tarım-makineleri/damla-sulama/filtre
bz.45.42.004,bz.45.42,3,Vana,tarım-ve-tarım-makineleri/damla-sulama/vana
bz.45.42.005,bz.45.42,3,Bağlantı,tarım-ve-tarım-makineleri/damla-sulama/bağlantı
bz.45.43,bz.45,2,Yağmurlama,tarım-ve-tarım-makineleri/yağmurlama
bz.45.43.001,bz.45.43,3,Sprinkler,tarım-ve-tarım-makineleri/yağmurlama/sprinkler
bz.45.43.002,bz.45.43,3,Boru,tarım-ve-tarım-makineleri/yağmurlama/boru
bz.45.43.003,bz.45.43,3,Pompa,tarım-ve-tarım-makineleri/yağmurlama/pompa
bz.45.43.004,bz.45.43,3,Vana,tarım-ve-tarım-makineleri/yağmurlama/vana
bz.45.44,bz.45,2,Sulama Pompaları,tarım-ve-tarım-makineleri/sulama-pompaları
bz.45.44.001,bz.45.44,3,Santrifüj,tarım-ve-tarım-makineleri/sulama-pompaları/santrifüj
bz.45.44.002,bz.45.44,3,Dalgıç,tarım-ve-tarım-makineleri/sulama-pompaları/dalgıç
bz.45.44.003,bz.45.44,3,Motor,tarım-ve-tarım-makineleri/sulama-pompaları/motor
bz.45.44.004,bz.45.44,3,Kontrol,tarım-ve-tarım-makineleri/sulama-pompaları/kontrol
bz.45.45,bz.45,2,Filtrasyon,tarım-ve-tarım-makineleri/filtrasyon
bz.45.45.001,bz.45.45,3,Disk,tarım-ve-tarım-makineleri/filtrasyon/disk
bz.45.45.002,bz.45.45,3,Kum,tarım-ve-tarım-makineleri/filtrasyon/kum
bz.45.45.003,bz.45.45,3,Elek,tarım-ve-tarım-makineleri/filtrasyon/elek
bz.45.45.004,bz.45.45,3,Hidro-Siklon,tarım-ve-tarım-makineleri/filtrasyon/hidro-siklon
bz.45.46,bz.45,2,Sera Yapısı,tarım-ve-tarım-makineleri/sera-yapısı
bz.45.46.001,bz.45.46,3,Profil,tarım-ve-tarım-makineleri/sera-yapısı/profil
bz.45.46.002,bz.45.46,3,Bağlantı,tarım-ve-tarım-makineleri/sera-yapısı/bağlantı
bz.45.46.003,bz.45.46,3,Kapı,tarım-ve-tarım-makineleri/sera-yapısı/kapı
bz.45.46.004,bz.45.46,3,Havalandırma,tarım-ve-tarım-makineleri/sera-yapısı/havalandırma
bz.45.47,bz.45,2,Örtü & Film,tarım-ve-tarım-makineleri/örtü-ve-film
bz.45.47.001,bz.45.47,3,PE Film,tarım-ve-tarım-makineleri/örtü-ve-film/pe-film
bz.45.47.002,bz.45.47,3,Örtü,tarım-ve-tarım-makineleri/örtü-ve-film/örtü
bz.45.47.003,bz.45.47,3,Gölgeleme,tarım-ve-tarım-makineleri/örtü-ve-film/gölgeleme
bz.45.48,bz.45,2,İklimlendirme,tarım-ve-tarım-makineleri/iklimlendirme
bz.45.48.001,bz.45.48,3,Fan,tarım-ve-tarım-makineleri/iklimlendirme/fan
bz.45.48.002,bz.45.48,3,Isıtma,tarım-ve-tarım-makineleri/iklimlendirme/isıtma
bz.45.48.003,bz.45.48,3,Soğutma,tarım-ve-tarım-makineleri/iklimlendirme/soğutma
bz.45.48.004,bz.45.48,3,Nemlendirme,tarım-ve-tarım-makineleri/iklimlendirme/nemlendirme
bz.45.49,bz.45,2,Sera Otomasyonu,tarım-ve-tarım-makineleri/sera-otomasyonu
bz.45.49.001,bz.45.49,3,Sensör,tarım-ve-tarım-makineleri/sera-otomasyonu/sensör
bz.45.49.002,bz.45.49,3,Kontrolör,tarım-ve-tarım-makineleri/sera-otomasyonu/kontrolör
bz.45.49.003,bz.45.49,3,Aktüatör,tarım-ve-tarım-makineleri/sera-otomasyonu/aktüatör
bz.45.50,bz.45,2,Budama,tarım-ve-tarım-makineleri/budama
bz.45.50.001,bz.45.50,3,Budama Makası,tarım-ve-tarım-makineleri/budama/budama-makası
bz.45.50.002,bz.45.50,3,Testere,tarım-ve-tarım-makineleri/budama/testere
bz.45.50.003,bz.45.50,3,Elektrikli Budama,tarım-ve-tarım-makineleri/budama/elektrikli-budama
bz.45.51,bz.45,2,Dal Öğütücüler,tarım-ve-tarım-makineleri/dal-öğütücüler
bz.45.51.001,bz.45.51,3,Bıçak,tarım-ve-tarım-makineleri/dal-öğütücüler/bıçak
bz.45.51.002,bz.45.51,3,Rotor,tarım-ve-tarım-makineleri/dal-öğütücüler/rotor
bz.45.51.003,bz.45.51,3,Motor,tarım-ve-tarım-makineleri/dal-öğütücüler/motor
bz.45.52,bz.45,2,Meyve Hasat,tarım-ve-tarım-makineleri/meyve-hasat
bz.45.52.001,bz.45.52,3,Titreşim,tarım-ve-tarım-makineleri/meyve-hasat/titreşim
bz.45.52.002,bz.45.52,3,Toplama,tarım-ve-tarım-makineleri/meyve-hasat/toplama
bz.45.52.003,bz.45.52,3,Konveyör,tarım-ve-tarım-makineleri/meyve-hasat/konveyör
bz.45.53,bz.45,2,Bahçe Toprak İşleme,tarım-ve-tarım-makineleri/bahçe-toprak-işleme
bz.45.53.001,bz.45.53,3,Freze,tarım-ve-tarım-makineleri/bahçe-toprak-işleme/freze
bz.45.53.002,bz.45.53,3,Kültivatör,tarım-ve-tarım-makineleri/bahçe-toprak-işleme/kültivatör
bz.45.53.003,bz.45.53,3,Çapa,tarım-ve-tarım-makineleri/bahçe-toprak-işleme/çapa
bz.45.54,bz.45,2,Motor Parçaları,tarım-ve-tarım-makineleri/motor-parçaları
bz.45.54.001,bz.45.54,3,Piston,tarım-ve-tarım-makineleri/motor-parçaları/piston
bz.45.54.002,bz.45.54,3,Segman,tarım-ve-tarım-makineleri/motor-parçaları/segman
bz.45.54.003,bz.45.54,3,Gömlek,tarım-ve-tarım-makineleri/motor-parçaları/gömlek
bz.45.54.004,bz.45.54,3,Conta,tarım-ve-tarım-makineleri/motor-parçaları/conta
bz.45.54.005,bz.45.54,3,Krank,tarım-ve-tarım-makineleri/motor-parçaları/krank
bz.45.54.006,bz.45.54,3,Eksantrik,tarım-ve-tarım-makineleri/motor-parçaları/eksantrik
bz.45.54.007,bz.45.54,3,Supap,tarım-ve-tarım-makineleri/motor-parçaları/supap
bz.45.54.008,bz.45.54,3,Turbo,tarım-ve-tarım-makineleri/motor-parçaları/turbo
bz.45.55,bz.45,2,Yakıt Sistemi,tarım-ve-tarım-makineleri/yakıt-sistemi
bz.45.55.001,bz.45.55,3,Enjektör,tarım-ve-tarım-makineleri/yakıt-sistemi/enjektör
bz.45.55.002,bz.45.55,3,Yakıt Pompası,tarım-ve-tarım-makineleri/yakıt-sistemi/yakıt-pompası
bz.45.55.003,bz.45.55,3,Filtre,tarım-ve-tarım-makineleri/yakıt-sistemi/filtre
bz.45.55.004,bz.45.55,3,Depo,tarım-ve-tarım-makineleri/yakıt-sistemi/depo
bz.45.56,bz.45,2,Soğutma,tarım-ve-tarım-makineleri/soğutma
bz.45.56.001,bz.45.56,3,Radyatör,tarım-ve-tarım-makineleri/soğutma/radyatör
bz.45.56.002,bz.45.56,3,Su Pompası,tarım-ve-tarım-makineleri/soğutma/su-pompası
bz.45.56.003,bz.45.56,3,Termostat,tarım-ve-tarım-makineleri/soğutma/termostat
bz.45.56.004,bz.45.56,3,Fan,tarım-ve-tarım-makineleri/soğutma/fan
bz.45.57,bz.45,2,Şanzıman & Aktarma,tarım-ve-tarım-makineleri/şanzıman-ve-aktarma
bz.45.57.001,bz.45.57,3,Dişli,tarım-ve-tarım-makineleri/şanzıman-ve-aktarma/dişli
bz.45.57.002,bz.45.57,3,Rulman,tarım-ve-tarım-makineleri/şanzıman-ve-aktarma/rulman
bz.45.57.003,bz.45.57,3,Senkromeç,tarım-ve-tarım-makineleri/şanzıman-ve-aktarma/senkromeç
bz.45.57.004,bz.45.57,3,Debriyaj,tarım-ve-tarım-makineleri/şanzıman-ve-aktarma/debriyaj
bz.45.57.005,bz.45.57,3,Diferansiyel,tarım-ve-tarım-makineleri/şanzıman-ve-aktarma/diferansiyel
bz.45.58,bz.45,2,Hidrolik,tarım-ve-tarım-makineleri/hidrolik
bz.45.58.001,bz.45.58,3,Pompa,tarım-ve-tarım-makineleri/hidrolik/pompa
bz.45.58.002,bz.45.58,3,Valf,tarım-ve-tarım-makineleri/hidrolik/valf
bz.45.58.003,bz.45.58,3,Silindir,tarım-ve-tarım-makineleri/hidrolik/silindir
bz.45.58.004,bz.45.58,3,Hortum,tarım-ve-tarım-makineleri/hidrolik/hortum
bz.45.58.005,bz.45.58,3,Rakor,tarım-ve-tarım-makineleri/hidrolik/rakor
bz.45.59,bz.45,2,PTO & Şaft,tarım-ve-tarım-makineleri/pto-ve-şaft
bz.45.59.001,bz.45.59,3,PTO Mili,tarım-ve-tarım-makineleri/pto-ve-şaft/pto-mili
bz.45.59.002,bz.45.59,3,Kavrama,tarım-ve-tarım-makineleri/pto-ve-şaft/kavrama
bz.45.59.003,bz.45.59,3,Koruyucu,tarım-ve-tarım-makineleri/pto-ve-şaft/koruyucu
bz.45.59.004,bz.45.59,3,Kardan,tarım-ve-tarım-makineleri/pto-ve-şaft/kardan
bz.45.60,bz.45,2,Elektrik & Elektronik,tarım-ve-tarım-makineleri/elektrik-ve-elektronik
bz.45.60.001,bz.45.60,3,Alternatör,tarım-ve-tarım-makineleri/elektrik-ve-elektronik/alternatör
bz.45.60.002,bz.45.60,3,Marş,tarım-ve-tarım-makineleri/elektrik-ve-elektronik/marş
bz.45.60.003,bz.45.60,3,Akü,tarım-ve-tarım-makineleri/elektrik-ve-elektronik/akü
bz.45.60.004,bz.45.60,3,Sensör,tarım-ve-tarım-makineleri/elektrik-ve-elektronik/sensör
bz.45.60.005,bz.45.60,3,ECU,tarım-ve-tarım-makineleri/elektrik-ve-elektronik/ecu
bz.45.60.006,bz.45.60,3,Kablo,tarım-ve-tarım-makineleri/elektrik-ve-elektronik/kablo
bz.45.61,bz.45,2,Fren,tarım-ve-tarım-makineleri/fren
bz.45.61.001,bz.45.61,3,Balata,tarım-ve-tarım-makineleri/fren/balata
bz.45.61.002,bz.45.61,3,Disk,tarım-ve-tarım-makineleri/fren/disk
bz.45.61.003,bz.45.61,3,Kampana,tarım-ve-tarım-makineleri/fren/kampana
bz.45.61.004,bz.45.61,3,Silindir,tarım-ve-tarım-makineleri/fren/silindir
bz.45.62,bz.45,2,Direksiyon,tarım-ve-tarım-makineleri/direksiyon
bz.45.62.001,bz.45.62,3,Pompa,tarım-ve-tarım-makineleri/direksiyon/pompa
bz.45.62.002,bz.45.62,3,Direksiyon Kutusu,tarım-ve-tarım-makineleri/direksiyon/direksiyon-kutusu
bz.45.62.003,bz.45.62,3,Rot,tarım-ve-tarım-makineleri/direksiyon/rot
bz.45.62.004,bz.45.62,3,Rot Başı,tarım-ve-tarım-makineleri/direksiyon/rot-başı
bz.45.63,bz.45,2,Filtreler,tarım-ve-tarım-makineleri/filtreler
bz.45.63.001,bz.45.63,3,Hava,tarım-ve-tarım-makineleri/filtreler/hava
bz.45.63.002,bz.45.63,3,Yağ,tarım-ve-tarım-makineleri/filtreler/yağ
bz.45.63.003,bz.45.63,3,Yakıt,tarım-ve-tarım-makineleri/filtreler/yakıt
bz.45.63.004,bz.45.63,3,Hidrolik,tarım-ve-tarım-makineleri/filtreler/hidrolik
bz.45.63.005,bz.45.63,3,Kabin,tarım-ve-tarım-makineleri/filtreler/kabin
bz.45.64,bz.45,2,Kayışlar & Rulmanlar,tarım-ve-tarım-makineleri/kayışlar-ve-rulmanlar
bz.45.64.001,bz.45.64,3,V-Kayış,tarım-ve-tarım-makineleri/kayışlar-ve-rulmanlar/v-kayış
bz.45.64.002,bz.45.64,3,Triger,tarım-ve-tarım-makineleri/kayışlar-ve-rulmanlar/triger
bz.45.64.003,bz.45.64,3,Zincir,tarım-ve-tarım-makineleri/kayışlar-ve-rulmanlar/zincir
bz.45.64.004,bz.45.64,3,Rulman,tarım-ve-tarım-makineleri/kayışlar-ve-rulmanlar/rulman
bz.45.64.005,bz.45.64,3,Gergi,tarım-ve-tarım-makineleri/kayışlar-ve-rulmanlar/gergi
bz.45.65,bz.45,2,Kesici & Aşınma Parçaları,tarım-ve-tarım-makineleri/kesici-ve-aşınma-parçaları
bz.45.65.001,bz.45.65,3,Bıçak,tarım-ve-tarım-makineleri/kesici-ve-aşınma-parçaları/bıçak
bz.45.65.002,bz.45.65,3,Saban Ucu,tarım-ve-tarım-makineleri/kesici-ve-aşınma-parçaları/saban-ucu
bz.45.65.003,bz.45.65,3,Disk,tarım-ve-tarım-makineleri/kesici-ve-aşınma-parçaları/disk
bz.45.65.004,bz.45.65,3,Diş,tarım-ve-tarım-makineleri/kesici-ve-aşınma-parçaları/diş
bz.45.65.005,bz.45.65,3,Kazıyıcı,tarım-ve-tarım-makineleri/kesici-ve-aşınma-parçaları/kazıyıcı
bz.45.66,bz.45,2,Kabin & Gövde,tarım-ve-tarım-makineleri/kabin-ve-gövde
bz.45.66.001,bz.45.66,3,Cam,tarım-ve-tarım-makineleri/kabin-ve-gövde/cam
bz.45.66.002,bz.45.66,3,Kapı,tarım-ve-tarım-makineleri/kabin-ve-gövde/kapı
bz.45.66.003,bz.45.66,3,Ayna,tarım-ve-tarım-makineleri/kabin-ve-gövde/ayna
bz.45.66.004,bz.45.66,3,Koltuk,tarım-ve-tarım-makineleri/kabin-ve-gövde/koltuk
bz.45.66.005,bz.45.66,3,Çamurluk,tarım-ve-tarım-makineleri/kabin-ve-gövde/çamurluk
bz.45.67,bz.45,2,Aydınlatma,tarım-ve-tarım-makineleri/aydınlatma
bz.45.67.001,bz.45.67,3,Far,tarım-ve-tarım-makineleri/aydınlatma/far
bz.45.67.002,bz.45.67,3,Stop,tarım-ve-tarım-makineleri/aydınlatma/stop
bz.45.67.003,bz.45.67,3,Sinyal,tarım-ve-tarım-makineleri/aydınlatma/sinyal
bz.45.67.004,bz.45.67,3,LED,tarım-ve-tarım-makineleri/aydınlatma/led
bz.45.67.005,bz.45.67,3,Ampul,tarım-ve-tarım-makineleri/aydınlatma/ampul
bz.45.68,bz.45,2,Yağlar & Gresler,tarım-ve-tarım-makineleri/yağlar-ve-gresler
bz.45.68.001,bz.45.68,3,Motor Yağı,tarım-ve-tarım-makineleri/yağlar-ve-gresler/motor-yağı
bz.45.68.002,bz.45.68,3,Hidrolik Yağ,tarım-ve-tarım-makineleri/yağlar-ve-gresler/hidrolik-yağ
bz.45.68.003,bz.45.68,3,Şanzıman Yağı,tarım-ve-tarım-makineleri/yağlar-ve-gresler/şanzıman-yağı
bz.45.68.004,bz.45.68,3,Diferansiyel Yağı,tarım-ve-tarım-makineleri/yağlar-ve-gresler/diferansiyel-yağı
bz.45.68.005,bz.45.68,3,Gres,tarım-ve-tarım-makineleri/yağlar-ve-gresler/gres
bz.45.69,bz.45,2,Sıvılar,tarım-ve-tarım-makineleri/sıvılar
bz.45.69.001,bz.45.69,3,Antifriz,tarım-ve-tarım-makineleri/sıvılar/antifriz
bz.45.69.002,bz.45.69,3,Fren Hidroliği,tarım-ve-tarım-makineleri/sıvılar/fren-hidroliği
bz.45.69.003,bz.45.69,3,Cam Suyu,tarım-ve-tarım-makineleri/sıvılar/cam-suyu
bz.45.69.004,bz.45.69,3,AdBlue,tarım-ve-tarım-makineleri/sıvılar/adblue
bz.45.70,bz.45,2,Filtreler,tarım-ve-tarım-makineleri/filtreler
bz.45.70.001,bz.45.70,3,Motor,tarım-ve-tarım-makineleri/filtreler/motor
bz.45.70.002,bz.45.70,3,Yakıt,tarım-ve-tarım-makineleri/filtreler/yakıt
bz.45.70.003,bz.45.70,3,Hava,tarım-ve-tarım-makineleri/filtreler/hava
bz.45.70.004,bz.45.70,3,Hidrolik,tarım-ve-tarım-makineleri/filtreler/hidrolik
bz.45.70.005,bz.45.70,3,Kabin,tarım-ve-tarım-makineleri/filtreler/kabin
bz.45.71,bz.45,2,Bağlantı & Montaj,tarım-ve-tarım-makineleri/bağlantı-ve-montaj
bz.45.71.001,bz.45.71,3,Civata,tarım-ve-tarım-makineleri/bağlantı-ve-montaj/civata
bz.45.71.002,bz.45.71,3,Somun,tarım-ve-tarım-makineleri/bağlantı-ve-montaj/somun
bz.45.71.003,bz.45.71,3,Pul,tarım-ve-tarım-makineleri/bağlantı-ve-montaj/pul
bz.45.71.004,bz.45.71,3,Pim,tarım-ve-tarım-makineleri/bağlantı-ve-montaj/pim
bz.45.71.005,bz.45.71,3,Segman,tarım-ve-tarım-makineleri/bağlantı-ve-montaj/segman
bz.45.72,bz.45,2,Keçe & Contalar,tarım-ve-tarım-makineleri/keçe-ve-contalar
bz.45.72.001,bz.45.72,3,O-Ring,tarım-ve-tarım-makineleri/keçe-ve-contalar/o-ring
bz.45.72.002,bz.45.72,3,Yağ Keçesi,tarım-ve-tarım-makineleri/keçe-ve-contalar/yağ-keçesi
bz.45.72.003,bz.45.72,3,Conta Seti,tarım-ve-tarım-makineleri/keçe-ve-contalar/conta-seti
bz.45.73,bz.45,2,Ön Yükleyici Ekipmanları,tarım-ve-tarım-makineleri/ön-yükleyici-ekipmanları
bz.45.73.001,bz.45.73,3,Kepçe,tarım-ve-tarım-makineleri/ön-yükleyici-ekipmanları/kepçe
bz.45.73.002,bz.45.73,3,Çatal,tarım-ve-tarım-makineleri/ön-yükleyici-ekipmanları/çatal
bz.45.73.003,bz.45.73,3,Balya Ataşmanı,tarım-ve-tarım-makineleri/ön-yükleyici-ekipmanları/balya-ataşmanı
bz.45.74,bz.45,2,3 Nokta Ekipmanları,tarım-ve-tarım-makineleri/3-nokta-ekipmanları
bz.45.74.001,bz.45.74,3,Kaldırma,tarım-ve-tarım-makineleri/3-nokta-ekipmanları/kaldırma
bz.45.74.002,bz.45.74,3,Bağlantı,tarım-ve-tarım-makineleri/3-nokta-ekipmanları/bağlantı
bz.45.74.003,bz.45.74,3,Askı,tarım-ve-tarım-makineleri/3-nokta-ekipmanları/askı
bz.45.75,bz.45,2,PTO Ekipmanları,tarım-ve-tarım-makineleri/pto-ekipmanları
bz.45.75.001,bz.45.75,3,Şaft,tarım-ve-tarım-makineleri/pto-ekipmanları/şaft
bz.45.75.002,bz.45.75,3,Pompa,tarım-ve-tarım-makineleri/pto-ekipmanları/pompa
bz.45.75.003,bz.45.75,3,Jeneratör,tarım-ve-tarım-makineleri/pto-ekipmanları/jeneratör
bz.45.76,bz.45,2,Hidrolik Ekipmanlar,tarım-ve-tarım-makineleri/hidrolik-ekipmanlar
bz.45.76.001,bz.45.76,3,Valf,tarım-ve-tarım-makineleri/hidrolik-ekipmanlar/valf
bz.45.76.002,bz.45.76,3,Hortum,tarım-ve-tarım-makineleri/hidrolik-ekipmanlar/hortum
bz.45.76.003,bz.45.76,3,Silindir,tarım-ve-tarım-makineleri/hidrolik-ekipmanlar/silindir
bz.45.76.004,bz.45.76,3,Hızlı Bağlantı,tarım-ve-tarım-makineleri/hidrolik-ekipmanlar/hızlı-bağlantı
bz.45.77,bz.45,2,El Aletleri,tarım-ve-tarım-makineleri/el-aletleri
bz.45.77.001,bz.45.77,3,Budama,tarım-ve-tarım-makineleri/el-aletleri/budama
bz.45.77.002,bz.45.77,3,Kesme,tarım-ve-tarım-makineleri/el-aletleri/kesme
bz.45.77.003,bz.45.77,3,Çapa,tarım-ve-tarım-makineleri/el-aletleri/çapa
bz.45.77.004,bz.45.77,3,Kürek,tarım-ve-tarım-makineleri/el-aletleri/kürek
bz.45.78,bz.45,2,Atölye Ekipmanları,tarım-ve-tarım-makineleri/atölye-ekipmanları
bz.45.78.001,bz.45.78,3,Kriko,tarım-ve-tarım-makineleri/atölye-ekipmanları/kriko
bz.45.78.002,bz.45.78,3,Pres,tarım-ve-tarım-makineleri/atölye-ekipmanları/pres
bz.45.78.003,bz.45.78,3,Kompresör,tarım-ve-tarım-makineleri/atölye-ekipmanları/kompresör
bz.45.78.004,bz.45.78,3,Kaynak,tarım-ve-tarım-makineleri/atölye-ekipmanları/kaynak
bz.45.79,bz.45,2,Diagnostik,tarım-ve-tarım-makineleri/diagnostik
bz.45.79.001,bz.45.79,3,Traktör Diagnostik,tarım-ve-tarım-makineleri/diagnostik/traktör-diagnostik
bz.45.79.002,bz.45.79,3,OBD/ECU,tarım-ve-tarım-makineleri/diagnostik/obdecu
bz.45.79.003,bz.45.79,3,Test Cihazları,tarım-ve-tarım-makineleri/diagnostik/test-cihazları
bz.46,,1,Hayvancılık,hayvancılık
bz.46.01,bz.46,2,Süt Sığırcılığı,hayvancılık/süt-sığırcılığı
bz.46.01.001,bz.46.01,3,Sağım,hayvancılık/süt-sığırcılığı/sağım
bz.46.01.002,bz.46.01,3,Süt Soğutma,hayvancılık/süt-sığırcılığı/süt-soğutma
bz.46.01.003,bz.46.01,3,Yemleme,hayvancılık/süt-sığırcılığı/yemleme
bz.46.01.004,bz.46.01,3,Sulama,hayvancılık/süt-sığırcılığı/sulama
bz.46.01.005,bz.46.01,3,Ahır,hayvancılık/süt-sığırcılığı/ahır
bz.46.01.006,bz.46.01,3,Hijyen,hayvancılık/süt-sığırcılığı/hijyen
bz.46.01.007,bz.46.01,3,Buzağı Ekipmanları,hayvancılık/süt-sığırcılığı/buzağı-ekipmanları
bz.46.02,bz.46,2,Besi Sığırcılığı,hayvancılık/besi-sığırcılığı
bz.46.02.001,bz.46.02,3,Yemleme,hayvancılık/besi-sığırcılığı/yemleme
bz.46.02.002,bz.46.02,3,Sulama,hayvancılık/besi-sığırcılığı/sulama
bz.46.02.003,bz.46.02,3,Barınak,hayvancılık/besi-sığırcılığı/barınak
bz.46.02.004,bz.46.02,3,Gübre Yönetimi,hayvancılık/besi-sığırcılığı/gübre-yönetimi
bz.46.02.005,bz.46.02,3,Hayvan Taşıma,hayvancılık/besi-sığırcılığı/hayvan-taşıma
bz.46.03,bz.46,2,Buzağı Yetiştiriciliği,hayvancılık/buzağı-yetiştiriciliği
bz.46.03.001,bz.46.03,3,Buzağı Kulübeleri,hayvancılık/buzağı-yetiştiriciliği/buzağı-kulübeleri
bz.46.03.002,bz.46.03,3,Süt Besleme,hayvancılık/buzağı-yetiştiriciliği/süt-besleme
bz.46.03.003,bz.46.03,3,Otomatik Besleyici,hayvancılık/buzağı-yetiştiriciliği/otomatik-besleyici
bz.46.03.004,bz.46.03,3,Suluk,hayvancılık/buzağı-yetiştiriciliği/suluk
bz.46.03.005,bz.46.03,3,Isıtma,hayvancılık/buzağı-yetiştiriciliği/isıtma
bz.46.04,bz.46,2,Damızlık,hayvancılık/damızlık
bz.46.04.001,bz.46.04,3,Barınak,hayvancılık/damızlık/barınak
bz.46.04.002,bz.46.04,3,Yemleme,hayvancılık/damızlık/yemleme
bz.46.04.003,bz.46.04,3,Kimliklendirme,hayvancılık/damızlık/kimliklendirme
bz.46.04.004,bz.46.04,3,Üreme Yönetimi Ekipmanları,hayvancılık/damızlık/üreme-yönetimi-ekipmanları
bz.46.05,bz.46,2,Koyunculuk,hayvancılık/koyunculuk
bz.46.05.001,bz.46.05,3,Yemleme,hayvancılık/koyunculuk/yemleme
bz.46.05.002,bz.46.05,3,Sulama,hayvancılık/koyunculuk/sulama
bz.46.05.003,bz.46.05,3,Ağıl,hayvancılık/koyunculuk/ağıl
bz.46.05.004,bz.46.05,3,Kırkım,hayvancılık/koyunculuk/kırkım
bz.46.05.005,bz.46.05,3,Taşıma,hayvancılık/koyunculuk/taşıma
bz.46.05.006,bz.46.05,3,Kuzu Ekipmanları,hayvancılık/koyunculuk/kuzu-ekipmanları
bz.46.06,bz.46,2,Keçicilik,hayvancılık/keçicilik
bz.46.06.001,bz.46.06,3,Yemleme,hayvancılık/keçicilik/yemleme
bz.46.06.002,bz.46.06,3,Sulama,hayvancılık/keçicilik/sulama
bz.46.06.003,bz.46.06,3,Barınak,hayvancılık/keçicilik/barınak
bz.46.06.004,bz.46.06,3,Sağım,hayvancılık/keçicilik/sağım
bz.46.06.005,bz.46.06,3,Oğlak Ekipmanları,hayvancılık/keçicilik/oğlak-ekipmanları
bz.46.07,bz.46,2,Koyun/Keçi Sağım,hayvancılık/koyunkeçi-sağım
bz.46.07.001,bz.46.07,3,Sağım Ünitesi,hayvancılık/koyunkeçi-sağım/sağım-ünitesi
bz.46.07.002,bz.46.07,3,Vakum,hayvancılık/koyunkeçi-sağım/vakum
bz.46.07.003,bz.46.07,3,Süt Hattı,hayvancılık/koyunkeçi-sağım/süt-hattı
bz.46.07.004,bz.46.07,3,Hortum,hayvancılık/koyunkeçi-sağım/hortum
bz.46.07.005,bz.46.07,3,Süt Soğutma,hayvancılık/koyunkeçi-sağım/süt-soğutma
bz.46.08,bz.46,2,Tavukçuluk,hayvancılık/tavukçuluk
bz.46.08.001,bz.46.08,3,Etlik,hayvancılık/tavukçuluk/etlik
bz.46.08.002,bz.46.08,3,Yumurtacı,hayvancılık/tavukçuluk/yumurtacı
bz.46.08.003,bz.46.08,3,Kümes,hayvancılık/tavukçuluk/kümes
bz.46.08.004,bz.46.08,3,Yemleme,hayvancılık/tavukçuluk/yemleme
bz.46.08.005,bz.46.08,3,Sulama,hayvancılık/tavukçuluk/sulama
bz.46.08.006,bz.46.08,3,Aydınlatma,hayvancılık/tavukçuluk/aydınlatma
bz.46.08.007,bz.46.08,3,Havalandırma,hayvancılık/tavukçuluk/havalandırma
bz.46.09,bz.46,2,Hindi Yetiştiriciliği,hayvancılık/hindi-yetiştiriciliği
bz.46.09.001,bz.46.09,3,Kümes,hayvancılık/hindi-yetiştiriciliği/kümes
bz.46.09.002,bz.46.09,3,Yemleme,hayvancılık/hindi-yetiştiriciliği/yemleme
bz.46.09.003,bz.46.09,3,Sulama,hayvancılık/hindi-yetiştiriciliği/sulama
bz.46.09.004,bz.46.09,3,İklimlendirme,hayvancılık/hindi-yetiştiriciliği/iklimlendirme
bz.46.10,bz.46,2,Ördek & Kaz,hayvancılık/ördek-ve-kaz
bz.46.10.001,bz.46.10,3,Barınak,hayvancılık/ördek-ve-kaz/barınak
bz.46.10.002,bz.46.10,3,Sulama,hayvancılık/ördek-ve-kaz/sulama
bz.46.10.003,bz.46.10,3,Yemleme,hayvancılık/ördek-ve-kaz/yemleme
bz.46.10.004,bz.46.10,3,Kuluçka,hayvancılık/ördek-ve-kaz/kuluçka
bz.46.11,bz.46,2,Bıldırcın,hayvancılık/bıldırcın
bz.46.11.001,bz.46.11,3,Kafes,hayvancılık/bıldırcın/kafes
bz.46.11.002,bz.46.11,3,Yemleme,hayvancılık/bıldırcın/yemleme
bz.46.11.003,bz.46.11,3,Sulama,hayvancılık/bıldırcın/sulama
bz.46.11.004,bz.46.11,3,Yumurta Ekipmanları,hayvancılık/bıldırcın/yumurta-ekipmanları
bz.46.12,bz.46,2,Kuluçka,hayvancılık/kuluçka
bz.46.12.001,bz.46.12,3,Kuluçka Makineleri,hayvancılık/kuluçka/kuluçka-makineleri
bz.46.12.002,bz.46.12,3,Yumurta Tepsileri,hayvancılık/kuluçka/yumurta-tepsileri
bz.46.12.003,bz.46.12,3,Nemlendirme,hayvancılık/kuluçka/nemlendirme
bz.46.12.004,bz.46.12,3,Isıtma,hayvancılık/kuluçka/isıtma
bz.46.12.005,bz.46.12,3,Kontrol,hayvancılık/kuluçka/kontrol
bz.46.13,bz.46,2,Barınak,hayvancılık/barınak
bz.46.13.001,bz.46.13,3,Bölmeler,hayvancılık/barınak/bölmeler
bz.46.13.002,bz.46.13,3,Zemin,hayvancılık/barınak/zemin
bz.46.13.003,bz.46.13,3,Kapılar,hayvancılık/barınak/kapılar
bz.46.13.004,bz.46.13,3,Havalandırma,hayvancılık/barınak/havalandırma
bz.46.14,bz.46,2,Yemleme,hayvancılık/yemleme
bz.46.14.001,bz.46.14,3,Otomatik Yemlik,hayvancılık/yemleme/otomatik-yemlik
bz.46.14.002,bz.46.14,3,Yem Hattı,hayvancılık/yemleme/yem-hattı
bz.46.14.003,bz.46.14,3,Silo,hayvancılık/yemleme/silo
bz.46.15,bz.46,2,Sulama,hayvancılık/sulama
bz.46.15.001,bz.46.15,3,Nipel Suluk,hayvancılık/sulama/nipel-suluk
bz.46.15.002,bz.46.15,3,Su Hattı,hayvancılık/sulama/su-hattı
bz.46.15.003,bz.46.15,3,Filtre,hayvancılık/sulama/filtre
bz.46.16,bz.46,2,Gübre Yönetimi,hayvancılık/gübre-yönetimi
bz.46.16.001,bz.46.16,3,Sıyırıcı,hayvancılık/gübre-yönetimi/sıyırıcı
bz.46.16.002,bz.46.16,3,Pompa,hayvancılık/gübre-yönetimi/pompa
bz.46.16.003,bz.46.16,3,Depolama,hayvancılık/gübre-yönetimi/depolama
bz.46.17,bz.46,2,Ahır & Tavla,hayvancılık/ahır-ve-tavla
bz.46.17.001,bz.46.17,3,Bölmeler,hayvancılık/ahır-ve-tavla/bölmeler
bz.46.17.002,bz.46.17,3,Kapılar,hayvancılık/ahır-ve-tavla/kapılar
bz.46.17.003,bz.46.17,3,Yemlik,hayvancılık/ahır-ve-tavla/yemlik
bz.46.17.004,bz.46.17,3,Suluk,hayvancılık/ahır-ve-tavla/suluk
bz.46.17.005,bz.46.17,3,Zemin,hayvancılık/ahır-ve-tavla/zemin
bz.46.18,bz.46,2,At Bakımı,hayvancılık/at-bakımı
bz.46.18.001,bz.46.18,3,Tımar,hayvancılık/at-bakımı/tımar
bz.46.18.002,bz.46.18,3,Fırça,hayvancılık/at-bakımı/fırça
bz.46.18.003,bz.46.18,3,Bakım Ekipmanları,hayvancılık/at-bakımı/bakım-ekipmanları
bz.46.18.004,bz.46.18,3,Toynak Bakımı,hayvancılık/at-bakımı/toynak-bakımı
bz.46.19,bz.46,2,Binicilik,hayvancılık/binicilik
bz.46.19.001,bz.46.19,3,Eyer,hayvancılık/binicilik/eyer
bz.46.19.002,bz.46.19,3,Dizgin,hayvancılık/binicilik/dizgin
bz.46.19.003,bz.46.19,3,Üzengi,hayvancılık/binicilik/üzengi
bz.46.19.004,bz.46.19,3,Binici Ekipmanları,hayvancılık/binicilik/binici-ekipmanları
bz.46.20,bz.46,2,At Taşıma,hayvancılık/at-taşıma
bz.46.20.001,bz.46.20,3,At Römorku,hayvancılık/at-taşıma/at-römorku
bz.46.20.002,bz.46.20,3,Bağlama,hayvancılık/at-taşıma/bağlama
bz.46.20.003,bz.46.20,3,Rampalar,hayvancılık/at-taşıma/rampalar
bz.46.21,bz.46,2,Kovanlar,hayvancılık/kovanlar
bz.46.21.001,bz.46.21,3,Langstroth,hayvancılık/kovanlar/langstroth
bz.46.21.002,bz.46.21,3,Dadant,hayvancılık/kovanlar/dadant
bz.46.21.003,bz.46.21,3,Ahşap,hayvancılık/kovanlar/ahşap
bz.46.21.004,bz.46.21,3,Polen Tuzaklı,hayvancılık/kovanlar/polen-tuzaklı
bz.46.22,bz.46,2,Çerçeve & Temel Petek,hayvancılık/çerçeve-ve-temel-petek
bz.46.22.001,bz.46.22,3,Çerçeve,hayvancılık/çerçeve-ve-temel-petek/çerçeve
bz.46.22.002,bz.46.22,3,Temel Petek,hayvancılık/çerçeve-ve-temel-petek/temel-petek
bz.46.22.003,bz.46.22,3,Tel,hayvancılık/çerçeve-ve-temel-petek/tel
bz.46.22.004,bz.46.22,3,Kovan Parçaları,hayvancılık/çerçeve-ve-temel-petek/kovan-parçaları
bz.46.23,bz.46,2,Arı Besleme,hayvancılık/arı-besleme
bz.46.23.001,bz.46.23,3,Şurup Besleyici,hayvancılık/arı-besleme/şurup-besleyici
bz.46.23.002,bz.46.23,3,Kek Besleyici,hayvancılık/arı-besleme/kek-besleyici
bz.46.23.003,bz.46.23,3,Besleme Kapları,hayvancılık/arı-besleme/besleme-kapları
bz.46.24,bz.46,2,Bal Hasat,hayvancılık/bal-hasat
bz.46.24.001,bz.46.24,3,Bal Süzme,hayvancılık/bal-hasat/bal-süzme
bz.46.24.002,bz.46.24,3,Santrifüj,hayvancılık/bal-hasat/santrifüj
bz.46.24.003,bz.46.24,3,Süzgeç,hayvancılık/bal-hasat/süzgeç
bz.46.24.004,bz.46.24,3,Dinlendirme,hayvancılık/bal-hasat/dinlendirme
bz.46.25,bz.46,2,Arıcılık Koruyucu Ekipmanları,hayvancılık/arıcılık-koruyucu-ekipmanları
bz.46.25.001,bz.46.25,3,Arıcı Elbisesi,hayvancılık/arıcılık-koruyucu-ekipmanları/arıcı-elbisesi
bz.46.25.002,bz.46.25,3,Eldiven,hayvancılık/arıcılık-koruyucu-ekipmanları/eldiven
bz.46.25.003,bz.46.25,3,Maske,hayvancılık/arıcılık-koruyucu-ekipmanları/maske
bz.46.25.004,bz.46.25,3,Körük,hayvancılık/arıcılık-koruyucu-ekipmanları/körük
bz.46.25.005,bz.46.25,3,El Aletleri,hayvancılık/arıcılık-koruyucu-ekipmanları/el-aletleri
bz.46.26,bz.46,2,Havuz Sistemleri,hayvancılık/havuz-sistemleri
bz.46.26.001,bz.46.26,3,Havuz,hayvancılık/havuz-sistemleri/havuz
bz.46.26.002,bz.46.26,3,Kaplama,hayvancılık/havuz-sistemleri/kaplama
bz.46.26.003,bz.46.26,3,Giriş/Çıkış,hayvancılık/havuz-sistemleri/girişçıkış
bz.46.27,bz.46,2,Su Yönetimi,hayvancılık/su-yönetimi
bz.46.27.001,bz.46.27,3,Pompa,hayvancılık/su-yönetimi/pompa
bz.46.27.002,bz.46.27,3,Filtre,hayvancılık/su-yönetimi/filtre
bz.46.27.003,bz.46.27,3,Oksijenlendirme,hayvancılık/su-yönetimi/oksijenlendirme
bz.46.27.004,bz.46.27,3,UV,hayvancılık/su-yönetimi/uv
bz.46.28,bz.46,2,Yemleme,hayvancılık/yemleme
bz.46.28.001,bz.46.28,3,Otomatik Yemleyici,hayvancılık/yemleme/otomatik-yemleyici
bz.46.28.002,bz.46.28,3,Yem Deposu,hayvancılık/yemleme/yem-deposu
bz.46.28.003,bz.46.28,3,Dozaj,hayvancılık/yemleme/dozaj
bz.46.29,bz.46,2,Kuluçkahane,hayvancılık/kuluçkahane
bz.46.29.001,bz.46.29,3,Tank,hayvancılık/kuluçkahane/tank
bz.46.29.002,bz.46.29,3,Oksijen,hayvancılık/kuluçkahane/oksijen
bz.46.29.003,bz.46.29,3,Filtrasyon,hayvancılık/kuluçkahane/filtrasyon
bz.46.29.004,bz.46.29,3,Kontrol,hayvancılık/kuluçkahane/kontrol
bz.46.30,bz.46,2,Ahır Sistemleri,hayvancılık/ahır-sistemleri
bz.46.30.001,bz.46.30,3,Bölmeler,hayvancılık/ahır-sistemleri/bölmeler
bz.46.30.002,bz.46.30,3,Kapılar,hayvancılık/ahır-sistemleri/kapılar
bz.46.30.003,bz.46.30,3,Yemlik,hayvancılık/ahır-sistemleri/yemlik
bz.46.30.004,bz.46.30,3,Suluk,hayvancılık/ahır-sistemleri/suluk
bz.46.30.005,bz.46.30,3,Zemin,hayvancılık/ahır-sistemleri/zemin
bz.46.31,bz.46,2,Çit & Güvenlik,hayvancılık/çit-ve-güvenlik
bz.46.31.001,bz.46.31,3,Elektrikli Çit,hayvancılık/çit-ve-güvenlik/elektrikli-çit
bz.46.31.002,bz.46.31,3,Tel Çit,hayvancılık/çit-ve-güvenlik/tel-çit
bz.46.31.003,bz.46.31,3,Direk,hayvancılık/çit-ve-güvenlik/direk
bz.46.31.004,bz.46.31,3,İzolatör,hayvancılık/çit-ve-güvenlik/izolatör
bz.46.32,bz.46,2,Havalandırma,hayvancılık/havalandırma
bz.46.32.001,bz.46.32,3,Fan,hayvancılık/havalandırma/fan
bz.46.32.002,bz.46.32,3,Hava Girişi,hayvancılık/havalandırma/hava-girişi
bz.46.32.003,bz.46.32,3,Kontrol,hayvancılık/havalandırma/kontrol
bz.46.33,bz.46,2,Isıtma & Soğutma,hayvancılık/isıtma-ve-soğutma
bz.46.33.001,bz.46.33,3,Isıtıcı,hayvancılık/isıtma-ve-soğutma/isıtıcı
bz.46.33.002,bz.46.33,3,Fan,hayvancılık/isıtma-ve-soğutma/fan
bz.46.33.003,bz.46.33,3,Soğutma,hayvancılık/isıtma-ve-soğutma/soğutma
bz.46.33.004,bz.46.33,3,Kontrol,hayvancılık/isıtma-ve-soğutma/kontrol
bz.46.34,bz.46,2,Aydınlatma,hayvancılık/aydınlatma
bz.46.34.001,bz.46.34,3,LED,hayvancılık/aydınlatma/led
bz.46.34.002,bz.46.34,3,Kümes Aydınlatması,hayvancılık/aydınlatma/kümes-aydınlatması
bz.46.34.003,bz.46.34,3,Zamanlayıcı,hayvancılık/aydınlatma/zamanlayıcı
bz.46.35,bz.46,2,Yemlikler,hayvancılık/yemlikler
bz.46.35.001,bz.46.35,3,Büyükbaş,hayvancılık/yemlikler/büyükbaş
bz.46.35.002,bz.46.35,3,Küçükbaş,hayvancılık/yemlikler/küçükbaş
bz.46.35.003,bz.46.35,3,Kanatlı,hayvancılık/yemlikler/kanatlı
bz.46.35.004,bz.46.35,3,At,hayvancılık/yemlikler/at
bz.46.35.005,bz.46.35,3,Otomatik,hayvancılık/yemlikler/otomatik
bz.46.36,bz.46,2,Yem Karma & Hazırlama,hayvancılık/yem-karma-ve-hazırlama
bz.46.36.001,bz.46.36,3,Yem Karma,hayvancılık/yem-karma-ve-hazırlama/yem-karma
bz.46.36.002,bz.46.36,3,Helezon,hayvancılık/yem-karma-ve-hazırlama/helezon
bz.46.36.003,bz.46.36,3,Kesici,hayvancılık/yem-karma-ve-hazırlama/kesici
bz.46.36.004,bz.46.36,3,Dozaj,hayvancılık/yem-karma-ve-hazırlama/dozaj
bz.46.37,bz.46,2,Yem Dağıtım,hayvancılık/yem-dağıtım
bz.46.37.001,bz.46.37,3,Yem Arabası,hayvancılık/yem-dağıtım/yem-arabası
bz.46.37.002,bz.46.37,3,Konveyör,hayvancılık/yem-dağıtım/konveyör
bz.46.37.003,bz.46.37,3,Helezon,hayvancılık/yem-dağıtım/helezon
bz.46.37.004,bz.46.37,3,Robotik,hayvancılık/yem-dağıtım/robotik
bz.46.38,bz.46,2,Yem Depolama,hayvancılık/yem-depolama
bz.46.38.001,bz.46.38,3,Silo,hayvancılık/yem-depolama/silo
bz.46.38.002,bz.46.38,3,Hazne,hayvancılık/yem-depolama/hazne
bz.46.38.003,bz.46.38,3,Bunker,hayvancılık/yem-depolama/bunker
bz.46.38.004,bz.46.38,3,Helezon,hayvancılık/yem-depolama/helezon
bz.46.39,bz.46,2,Suluklar,hayvancılık/suluklar
bz.46.39.001,bz.46.39,3,Nipel,hayvancılık/suluklar/nipel
bz.46.39.002,bz.46.39,3,Şamandıralı,hayvancılık/suluklar/şamandıralı
bz.46.39.003,bz.46.39,3,Kase,hayvancılık/suluklar/kase
bz.46.39.004,bz.46.39,3,Otomatik,hayvancılık/suluklar/otomatik
bz.46.40,bz.46,2,Su Hatları,hayvancılık/su-hatları
bz.46.40.001,bz.46.40,3,Boru,hayvancılık/su-hatları/boru
bz.46.40.002,bz.46.40,3,Hortum,hayvancılık/su-hatları/hortum
bz.46.40.003,bz.46.40,3,Vana,hayvancılık/su-hatları/vana
bz.46.40.004,bz.46.40,3,Bağlantı,hayvancılık/su-hatları/bağlantı
bz.46.41,bz.46,2,Su Filtrasyonu,hayvancılık/su-filtrasyonu
bz.46.41.001,bz.46.41,3,Disk,hayvancılık/su-filtrasyonu/disk
bz.46.41.002,bz.46.41,3,Elek,hayvancılık/su-filtrasyonu/elek
bz.46.41.003,bz.46.41,3,Karbon,hayvancılık/su-filtrasyonu/karbon
bz.46.42,bz.46,2,Su Pompaları,hayvancılık/su-pompaları
bz.46.42.001,bz.46.42,3,Santrifüj,hayvancılık/su-pompaları/santrifüj
bz.46.42.002,bz.46.42,3,Dalgıç,hayvancılık/su-pompaları/dalgıç
bz.46.42.003,bz.46.42,3,Basınç,hayvancılık/su-pompaları/basınç
bz.46.43,bz.46,2,Sağım Üniteleri,hayvancılık/sağım-üniteleri
bz.46.43.001,bz.46.43,3,Tekli,hayvancılık/sağım-üniteleri/tekli
bz.46.43.002,bz.46.43,3,Çoklu,hayvancılık/sağım-üniteleri/çoklu
bz.46.43.003,bz.46.43,3,Mobil,hayvancılık/sağım-üniteleri/mobil
bz.46.44,bz.46,2,Vakum Sistemleri,hayvancılık/vakum-sistemleri
bz.46.44.001,bz.46.44,3,Vakum Pompası,hayvancılık/vakum-sistemleri/vakum-pompası
bz.46.44.002,bz.46.44,3,Regülatör,hayvancılık/vakum-sistemleri/regülatör
bz.46.44.003,bz.46.44,3,Vakum Tankı,hayvancılık/vakum-sistemleri/vakum-tankı
bz.46.45,bz.46,2,Süt Hattı,hayvancılık/süt-hattı
bz.46.45.001,bz.46.45,3,Hortum,hayvancılık/süt-hattı/hortum
bz.46.45.002,bz.46.45,3,Boru,hayvancılık/süt-hattı/boru
bz.46.45.003,bz.46.45,3,Pençe,hayvancılık/süt-hattı/pençe
bz.46.45.004,bz.46.45,3,Contalar,hayvancılık/süt-hattı/contalar
bz.46.46,bz.46,2,Süt Soğutma,hayvancılık/süt-soğutma
bz.46.46.001,bz.46.46,3,Süt Tankı,hayvancılık/süt-soğutma/süt-tankı
bz.46.46.002,bz.46.46,3,Soğutma Ünitesi,hayvancılık/süt-soğutma/soğutma-ünitesi
bz.46.46.003,bz.46.46,3,Karıştırıcı,hayvancılık/süt-soğutma/karıştırıcı
bz.46.47,bz.46,2,Sağım Hijyeni,hayvancılık/sağım-hijyeni
bz.46.47.001,bz.46.47,3,Temizlik,hayvancılık/sağım-hijyeni/temizlik
bz.46.47.002,bz.46.47,3,Dezenfeksiyon,hayvancılık/sağım-hijyeni/dezenfeksiyon
bz.46.47.003,bz.46.47,3,Daldırma Sistemleri,hayvancılık/sağım-hijyeni/daldırma-sistemleri
bz.46.48,bz.46,2,Gübre Sıyırıcıları,hayvancılık/gübre-sıyırıcıları
bz.46.48.001,bz.46.48,3,Zincirli,hayvancılık/gübre-sıyırıcıları/zincirli
bz.46.48.002,bz.46.48,3,Halatlı,hayvancılık/gübre-sıyırıcıları/halatlı
bz.46.48.003,bz.46.48,3,Hidrolik,hayvancılık/gübre-sıyırıcıları/hidrolik
bz.46.49,bz.46,2,Gübre Pompaları,hayvancılık/gübre-pompaları
bz.46.49.001,bz.46.49,3,Dalgıç,hayvancılık/gübre-pompaları/dalgıç
bz.46.49.002,bz.46.49,3,Kesicili,hayvancılık/gübre-pompaları/kesicili
bz.46.49.003,bz.46.49,3,Vakum,hayvancılık/gübre-pompaları/vakum
bz.46.50,bz.46,2,Karıştırma,hayvancılık/karıştırma
bz.46.50.001,bz.46.50,3,Mixer,hayvancılık/karıştırma/mixer
bz.46.50.002,bz.46.50,3,Agitatör,hayvancılık/karıştırma/agitatör
bz.46.50.003,bz.46.50,3,Pervane,hayvancılık/karıştırma/pervane
bz.46.51,bz.46,2,Depolama,hayvancılık/depolama
bz.46.51.001,bz.46.51,3,Gübre Çukuru,hayvancılık/depolama/gübre-çukuru
bz.46.51.002,bz.46.51,3,Tank,hayvancılık/depolama/tank
bz.46.51.003,bz.46.51,3,Lagün,hayvancılık/depolama/lagün
bz.46.52,bz.46,2,Ayırma,hayvancılık/ayırma
bz.46.52.001,bz.46.52,3,Katı/Sıvı Ayırıcı,hayvancılık/ayırma/katısıvı-ayırıcı
bz.46.52.002,bz.46.52,3,Filtre,hayvancılık/ayırma/filtre
bz.46.52.003,bz.46.52,3,Pres,hayvancılık/ayırma/pres
bz.46.53,bz.46,2,Hayvan Muayene & Sabitleme,hayvancılık/hayvan-muayene-ve-sabitleme
bz.46.53.001,bz.46.53,3,Hayvan Yakalama,hayvancılık/hayvan-muayene-ve-sabitleme/hayvan-yakalama
bz.46.53.002,bz.46.53,3,Sıkıştırma,hayvancılık/hayvan-muayene-ve-sabitleme/sıkıştırma
bz.46.53.003,bz.46.53,3,Muayene Masası,hayvancılık/hayvan-muayene-ve-sabitleme/muayene-masası
bz.46.54,bz.46,2,Kimliklendirme,hayvancılık/kimliklendirme
bz.46.54.001,bz.46.54,3,Kulak Küpesi,hayvancılık/kimliklendirme/kulak-küpesi
bz.46.54.002,bz.46.54,3,RFID,hayvancılık/kimliklendirme/rfid
bz.46.54.003,bz.46.54,3,Elektronik Kimlik,hayvancılık/kimliklendirme/elektronik-kimlik
bz.46.55,bz.46,2,İzleme & Sensörler,hayvancılık/izleme-ve-sensörler
bz.46.55.001,bz.46.55,3,Aktivite,hayvancılık/izleme-ve-sensörler/aktivite
bz.46.55.002,bz.46.55,3,Geviş,hayvancılık/izleme-ve-sensörler/geviş
bz.46.55.003,bz.46.55,3,Sıcaklık,hayvancılık/izleme-ve-sensörler/sıcaklık
bz.46.55.004,bz.46.55,3,Konum,hayvancılık/izleme-ve-sensörler/konum
bz.46.56,bz.46,2,Çiftlik Hijyeni,hayvancılık/çiftlik-hijyeni
bz.46.56.001,bz.46.56,3,Dezenfeksiyon,hayvancılık/çiftlik-hijyeni/dezenfeksiyon
bz.46.56.002,bz.46.56,3,Temizlik,hayvancılık/çiftlik-hijyeni/temizlik
bz.46.56.003,bz.46.56,3,Ayak Banyosu,hayvancılık/çiftlik-hijyeni/ayak-banyosu
bz.46.57,bz.46,2,Hayvan Römorkları,hayvancılık/hayvan-römorkları
bz.46.57.001,bz.46.57,3,Büyükbaş,hayvancılık/hayvan-römorkları/büyükbaş
bz.46.57.002,bz.46.57,3,Küçükbaş,hayvancılık/hayvan-römorkları/küçükbaş
bz.46.57.003,bz.46.57,3,At,hayvancılık/hayvan-römorkları/at
bz.46.58,bz.46,2,Yükleme Ekipmanları,hayvancılık/yükleme-ekipmanları
bz.46.58.001,bz.46.58,3,Rampa,hayvancılık/yükleme-ekipmanları/rampa
bz.46.58.002,bz.46.58,3,Kapı,hayvancılık/yükleme-ekipmanları/kapı
bz.46.58.003,bz.46.58,3,Bariyer,hayvancılık/yükleme-ekipmanları/bariyer
bz.46.59,bz.46,2,Sabitleme,hayvancılık/sabitleme
bz.46.59.001,bz.46.59,3,Bölme,hayvancılık/sabitleme/bölme
bz.46.59.002,bz.46.59,3,Bağlama,hayvancılık/sabitleme/bağlama
bz.46.59.003,bz.46.59,3,Güvenlik,hayvancılık/sabitleme/güvenlik
bz.46.60,bz.46,2,Yem Karma Makinesi Parçaları,hayvancılık/yem-karma-makinesi-parçaları
bz.46.60.001,bz.46.60,3,Helezon,hayvancılık/yem-karma-makinesi-parçaları/helezon
bz.46.60.002,bz.46.60,3,Bıçak,hayvancılık/yem-karma-makinesi-parçaları/bıçak
bz.46.60.003,bz.46.60,3,Redüktör,hayvancılık/yem-karma-makinesi-parçaları/redüktör
bz.46.60.004,bz.46.60,3,Rulman,hayvancılık/yem-karma-makinesi-parçaları/rulman
bz.46.60.005,bz.46.60,3,Motor,hayvancılık/yem-karma-makinesi-parçaları/motor
bz.46.61,bz.46,2,Sağım Makinesi Parçaları,hayvancılık/sağım-makinesi-parçaları
bz.46.61.001,bz.46.61,3,Vakum Pompası,hayvancılık/sağım-makinesi-parçaları/vakum-pompası
bz.46.61.002,bz.46.61,3,Pulsatör,hayvancılık/sağım-makinesi-parçaları/pulsatör
bz.46.61.003,bz.46.61,3,Pençe,hayvancılık/sağım-makinesi-parçaları/pençe
bz.46.61.004,bz.46.61,3,Hortum,hayvancılık/sağım-makinesi-parçaları/hortum
bz.46.61.005,bz.46.61,3,Conta,hayvancılık/sağım-makinesi-parçaları/conta
bz.46.62,bz.46,2,Gübre Ekipmanı Parçaları,hayvancılık/gübre-ekipmanı-parçaları
bz.46.62.001,bz.46.62,3,Pompa,hayvancılık/gübre-ekipmanı-parçaları/pompa
bz.46.62.002,bz.46.62,3,Sıyırıcı,hayvancılık/gübre-ekipmanı-parçaları/sıyırıcı
bz.46.62.003,bz.46.62,3,Zincir,hayvancılık/gübre-ekipmanı-parçaları/zincir
bz.46.62.004,bz.46.62,3,Motor,hayvancılık/gübre-ekipmanı-parçaları/motor
bz.46.63,bz.46,2,Havalandırma Parçaları,hayvancılık/havalandırma-parçaları
bz.46.63.001,bz.46.63,3,Fan Motoru,hayvancılık/havalandırma-parçaları/fan-motoru
bz.46.63.002,bz.46.63,3,Pervane,hayvancılık/havalandırma-parçaları/pervane
bz.46.63.003,bz.46.63,3,Panjur,hayvancılık/havalandırma-parçaları/panjur
bz.46.63.004,bz.46.63,3,Kontrol,hayvancılık/havalandırma-parçaları/kontrol
bz.46.64,bz.46,2,Yemleme Sistemi Parçaları,hayvancılık/yemleme-sistemi-parçaları
bz.46.64.001,bz.46.64,3,Motor,hayvancılık/yemleme-sistemi-parçaları/motor
bz.46.64.002,bz.46.64,3,Helezon,hayvancılık/yemleme-sistemi-parçaları/helezon
bz.46.64.003,bz.46.64,3,Dozaj,hayvancılık/yemleme-sistemi-parçaları/dozaj
bz.46.64.004,bz.46.64,3,Sensör,hayvancılık/yemleme-sistemi-parçaları/sensör
bz.46.65,bz.46,2,Sulama/Suluk Parçaları,hayvancılık/sulamasuluk-parçaları
bz.46.65.001,bz.46.65,3,Nipel,hayvancılık/sulamasuluk-parçaları/nipel
bz.46.65.002,bz.46.65,3,Valf,hayvancılık/sulamasuluk-parçaları/valf
bz.46.65.003,bz.46.65,3,Pompa,hayvancılık/sulamasuluk-parçaları/pompa
bz.46.65.004,bz.46.65,3,Filtre,hayvancılık/sulamasuluk-parçaları/filtre
bz.46.65.005,bz.46.65,3,Hortum,hayvancılık/sulamasuluk-parçaları/hortum
bz.46.66,bz.46,2,Temizlik & Hijyen,hayvancılık/temizlik-ve-hijyen
bz.46.66.001,bz.46.66,3,Sağım Temizleyici,hayvancılık/temizlik-ve-hijyen/sağım-temizleyici
bz.46.66.002,bz.46.66,3,Dezenfektan,hayvancılık/temizlik-ve-hijyen/dezenfektan
bz.46.66.003,bz.46.66,3,Fırça,hayvancılık/temizlik-ve-hijyen/fırça
bz.46.66.004,bz.46.66,3,Bez,hayvancılık/temizlik-ve-hijyen/bez
bz.46.67,bz.46,2,Bakım,hayvancılık/bakım
bz.46.67.001,bz.46.67,3,Yağ,hayvancılık/bakım/yağ
bz.46.67.002,bz.46.67,3,Gres,hayvancılık/bakım/gres
bz.46.67.003,bz.46.67,3,Kayış,hayvancılık/bakım/kayış
bz.46.67.004,bz.46.67,3,Rulman,hayvancılık/bakım/rulman
bz.46.67.005,bz.46.67,3,Keçe,hayvancılık/bakım/keçe
bz.46.67.006,bz.46.67,3,Conta,hayvancılık/bakım/conta
bz.46.68,bz.46,2,Sarf Parçalar,hayvancılık/sarf-parçalar
bz.46.68.001,bz.46.68,3,Hortum,hayvancılık/sarf-parçalar/hortum
bz.46.68.002,bz.46.68,3,Filtre,hayvancılık/sarf-parçalar/filtre
bz.46.68.003,bz.46.68,3,Nozul,hayvancılık/sarf-parçalar/nozul
bz.46.68.004,bz.46.68,3,Valf,hayvancılık/sarf-parçalar/valf
bz.46.68.005,bz.46.68,3,Bağlantı,hayvancılık/sarf-parçalar/bağlantı
bz.46.69,bz.46,2,Sensörler,hayvancılık/sensörler
bz.46.69.001,bz.46.69,3,Sıcaklık,hayvancılık/sensörler/sıcaklık
bz.46.69.002,bz.46.69,3,Nem,hayvancılık/sensörler/nem
bz.46.69.003,bz.46.69,3,Aktivite,hayvancılık/sensörler/aktivite
bz.46.69.004,bz.46.69,3,Su Tüketimi,hayvancılık/sensörler/su-tüketimi
bz.46.69.005,bz.46.69,3,Yem Tüketimi,hayvancılık/sensörler/yem-tüketimi
bz.46.70,bz.46,2,Kontrol Sistemleri,hayvancılık/kontrol-sistemleri
bz.46.70.001,bz.46.70,3,PLC,hayvancılık/kontrol-sistemleri/plc
bz.46.70.002,bz.46.70,3,Kontrol Paneli,hayvancılık/kontrol-sistemleri/kontrol-paneli
bz.46.70.003,bz.46.70,3,Gateway,hayvancılık/kontrol-sistemleri/gateway
bz.46.71,bz.46,2,Robotik Sistemler,hayvancılık/robotik-sistemler
bz.46.71.001,bz.46.71,3,Sağım Robotu,hayvancılık/robotik-sistemler/sağım-robotu
bz.46.71.002,bz.46.71,3,Yemleme Robotu,hayvancılık/robotik-sistemler/yemleme-robotu
bz.46.71.003,bz.46.71,3,Gübre Robotu,hayvancılık/robotik-sistemler/gübre-robotu
bz.46.72,bz.46,2,Çiftlik Yazılımı & İzleme,hayvancılık/çiftlik-yazılımı-ve-izleme
bz.46.72.001,bz.46.72,3,Hayvan Takibi,hayvancılık/çiftlik-yazılımı-ve-izleme/hayvan-takibi
bz.46.72.002,bz.46.72,3,Sürü Yönetimi,hayvancılık/çiftlik-yazılımı-ve-izleme/sürü-yönetimi
bz.46.72.003,bz.46.72,3,Yem Yönetimi,hayvancılık/çiftlik-yazılımı-ve-izleme/yem-yönetimi
bz.46.72.004,bz.46.72,3,Üretim Takibi,hayvancılık/çiftlik-yazılımı-ve-izleme/üretim-takibi
bz.47,,1,Güneş & Rüzgâr Enerjisi,güneş-ve-rüzgr-enerjisi
bz.47.01,bz.47,2,Güneş Panelleri,güneş-ve-rüzgr-enerjisi/güneş-panelleri
bz.47.01.001,bz.47.01,3,Monokristal,güneş-ve-rüzgr-enerjisi/güneş-panelleri/monokristal
bz.47.01.002,bz.47.01,3,Polikristal,güneş-ve-rüzgr-enerjisi/güneş-panelleri/polikristal
bz.47.01.003,bz.47.01,3,Bifacial,güneş-ve-rüzgr-enerjisi/güneş-panelleri/bifacial
bz.47.01.004,bz.47.01,3,Esnek Paneller,güneş-ve-rüzgr-enerjisi/güneş-panelleri/esnek-paneller
bz.47.01.005,bz.47.01,3,Taşınabilir Paneller,güneş-ve-rüzgr-enerjisi/güneş-panelleri/taşınabilir-paneller
bz.47.01.006,bz.47.01,3,Cam-Cam Paneller,güneş-ve-rüzgr-enerjisi/güneş-panelleri/cam-cam-paneller
bz.47.01.007,bz.47.01,3,Çatı Panelleri,güneş-ve-rüzgr-enerjisi/güneş-panelleri/çatı-panelleri
bz.47.01.008,bz.47.01,3,Arazi Panelleri,güneş-ve-rüzgr-enerjisi/güneş-panelleri/arazi-panelleri
bz.47.02,bz.47,2,Solar İnverterler,güneş-ve-rüzgr-enerjisi/solar-inverterler
bz.47.02.001,bz.47.02,3,On-Grid,güneş-ve-rüzgr-enerjisi/solar-inverterler/on-grid
bz.47.02.002,bz.47.02,3,Off-Grid,güneş-ve-rüzgr-enerjisi/solar-inverterler/off-grid
bz.47.02.003,bz.47.02,3,Hybrid,güneş-ve-rüzgr-enerjisi/solar-inverterler/hybrid
bz.47.02.004,bz.47.02,3,Mikro İnverter,güneş-ve-rüzgr-enerjisi/solar-inverterler/mikro-inverter
bz.47.02.005,bz.47.02,3,String İnverter,güneş-ve-rüzgr-enerjisi/solar-inverterler/string-inverter
bz.47.02.006,bz.47.02,3,Merkezi İnverter,güneş-ve-rüzgr-enerjisi/solar-inverterler/merkezi-inverter
bz.47.03,bz.47,2,Solar Enerji Depolama,güneş-ve-rüzgr-enerjisi/solar-enerji-depolama
bz.47.03.001,bz.47.03,3,LiFePO4,güneş-ve-rüzgr-enerjisi/solar-enerji-depolama/lifepo4
bz.47.03.002,bz.47.03,3,Lityum-Iyon,güneş-ve-rüzgr-enerjisi/solar-enerji-depolama/lityum-iyon
bz.47.03.003,bz.47.03,3,AGM,güneş-ve-rüzgr-enerjisi/solar-enerji-depolama/agm
bz.47.03.004,bz.47.03,3,Jel,güneş-ve-rüzgr-enerjisi/solar-enerji-depolama/jel
bz.47.03.005,bz.47.03,3,Batarya Modülü,güneş-ve-rüzgr-enerjisi/solar-enerji-depolama/batarya-modülü
bz.47.03.006,bz.47.03,3,BMS,güneş-ve-rüzgr-enerjisi/solar-enerji-depolama/bms
bz.47.03.007,bz.47.03,3,Batarya Kabini,güneş-ve-rüzgr-enerjisi/solar-enerji-depolama/batarya-kabini
bz.47.04,bz.47,2,Solar Şarj Kontrol Cihazları,güneş-ve-rüzgr-enerjisi/solar-şarj-kontrol-cihazları
bz.47.04.001,bz.47.04,3,MPPT,güneş-ve-rüzgr-enerjisi/solar-şarj-kontrol-cihazları/mppt
bz.47.04.002,bz.47.04,3,PWM,güneş-ve-rüzgr-enerjisi/solar-şarj-kontrol-cihazları/pwm
bz.47.04.003,bz.47.04,3,DC-DC,güneş-ve-rüzgr-enerjisi/solar-şarj-kontrol-cihazları/dc-dc
bz.47.04.004,bz.47.04,3,Solar Regülatör,güneş-ve-rüzgr-enerjisi/solar-şarj-kontrol-cihazları/solar-regülatör
bz.47.05,bz.47,2,Panel Montaj Sistemleri,güneş-ve-rüzgr-enerjisi/panel-montaj-sistemleri
bz.47.05.001,bz.47.05,3,Çatı,güneş-ve-rüzgr-enerjisi/panel-montaj-sistemleri/çatı
bz.47.05.002,bz.47.05,3,Arazi,güneş-ve-rüzgr-enerjisi/panel-montaj-sistemleri/arazi
bz.47.05.003,bz.47.05,3,Balkon,güneş-ve-rüzgr-enerjisi/panel-montaj-sistemleri/balkon
bz.47.05.004,bz.47.05,3,Cephe,güneş-ve-rüzgr-enerjisi/panel-montaj-sistemleri/cephe
bz.47.05.005,bz.47.05,3,Carport,güneş-ve-rüzgr-enerjisi/panel-montaj-sistemleri/carport
bz.47.05.006,bz.47.05,3,Konstrüksiyon,güneş-ve-rüzgr-enerjisi/panel-montaj-sistemleri/konstrüksiyon
bz.47.05.007,bz.47.05,3,Ray,güneş-ve-rüzgr-enerjisi/panel-montaj-sistemleri/ray
bz.47.05.008,bz.47.05,3,Kelepçe,güneş-ve-rüzgr-enerjisi/panel-montaj-sistemleri/kelepçe
bz.47.05.009,bz.47.05,3,Kanca,güneş-ve-rüzgr-enerjisi/panel-montaj-sistemleri/kanca
bz.47.06,bz.47,2,Solar Kablo & Bağlantı,güneş-ve-rüzgr-enerjisi/solar-kablo-ve-bağlantı
bz.47.06.001,bz.47.06,3,Solar Kablo,güneş-ve-rüzgr-enerjisi/solar-kablo-ve-bağlantı/solar-kablo
bz.47.06.002,bz.47.06,3,MC4,güneş-ve-rüzgr-enerjisi/solar-kablo-ve-bağlantı/mc4
bz.47.06.003,bz.47.06,3,Konnektör,güneş-ve-rüzgr-enerjisi/solar-kablo-ve-bağlantı/konnektör
bz.47.06.004,bz.47.06,3,DC Sigorta,güneş-ve-rüzgr-enerjisi/solar-kablo-ve-bağlantı/dc-sigorta
bz.47.06.005,bz.47.06,3,DC Şalter,güneş-ve-rüzgr-enerjisi/solar-kablo-ve-bağlantı/dc-şalter
bz.47.06.006,bz.47.06,3,Parafudr,güneş-ve-rüzgr-enerjisi/solar-kablo-ve-bağlantı/parafudr
bz.47.06.007,bz.47.06,3,Kablo Pabuçları,güneş-ve-rüzgr-enerjisi/solar-kablo-ve-bağlantı/kablo-pabuçları
bz.47.06.008,bz.47.06,3,Dağıtım Kutusu,güneş-ve-rüzgr-enerjisi/solar-kablo-ve-bağlantı/dağıtım-kutusu
bz.47.07,bz.47,2,Solar İzleme & Haberleşme,güneş-ve-rüzgr-enerjisi/solar-izleme-ve-haberleşme
bz.47.07.001,bz.47.07,3,Wi-Fi Gateway,güneş-ve-rüzgr-enerjisi/solar-izleme-ve-haberleşme/wi-fi-gateway
bz.47.07.002,bz.47.07,3,Ethernet Gateway,güneş-ve-rüzgr-enerjisi/solar-izleme-ve-haberleşme/ethernet-gateway
bz.47.07.003,bz.47.07,3,GSM Gateway,güneş-ve-rüzgr-enerjisi/solar-izleme-ve-haberleşme/gsm-gateway
bz.47.07.004,bz.47.07,3,Enerji Metre,güneş-ve-rüzgr-enerjisi/solar-izleme-ve-haberleşme/enerji-metre
bz.47.07.005,bz.47.07,3,Akıllı Sayaç,güneş-ve-rüzgr-enerjisi/solar-izleme-ve-haberleşme/akıllı-sayaç
bz.47.07.006,bz.47.07,3,Data Logger,güneş-ve-rüzgr-enerjisi/solar-izleme-ve-haberleşme/data-logger
bz.47.07.007,bz.47.07,3,Bulut İzleme,güneş-ve-rüzgr-enerjisi/solar-izleme-ve-haberleşme/bulut-izleme
bz.47.08,bz.47,2,Solar Bakım & Temizlik,güneş-ve-rüzgr-enerjisi/solar-bakım-ve-temizlik
bz.47.08.001,bz.47.08,3,Panel Temizleme,güneş-ve-rüzgr-enerjisi/solar-bakım-ve-temizlik/panel-temizleme
bz.47.08.002,bz.47.08,3,Fırça,güneş-ve-rüzgr-enerjisi/solar-bakım-ve-temizlik/fırça
bz.47.08.003,bz.47.08,3,Temizlik Sistemi,güneş-ve-rüzgr-enerjisi/solar-bakım-ve-temizlik/temizlik-sistemi
bz.47.08.004,bz.47.08,3,Termal Kontrol,güneş-ve-rüzgr-enerjisi/solar-bakım-ve-temizlik/termal-kontrol
bz.47.08.005,bz.47.08,3,Test Cihazları,güneş-ve-rüzgr-enerjisi/solar-bakım-ve-temizlik/test-cihazları
bz.47.09,bz.47,2,Solar Yedek Parçaları,güneş-ve-rüzgr-enerjisi/solar-yedek-parçaları
bz.47.09.001,bz.47.09,3,İnverter Fanı,güneş-ve-rüzgr-enerjisi/solar-yedek-parçaları/inverter-fanı
bz.47.09.002,bz.47.09,3,Sigorta,güneş-ve-rüzgr-enerjisi/solar-yedek-parçaları/sigorta
bz.47.09.003,bz.47.09,3,Röle,güneş-ve-rüzgr-enerjisi/solar-yedek-parçaları/röle
bz.47.09.004,bz.47.09,3,Kontrol Kartı,güneş-ve-rüzgr-enerjisi/solar-yedek-parçaları/kontrol-kartı
bz.47.09.005,bz.47.09,3,Konnektör,güneş-ve-rüzgr-enerjisi/solar-yedek-parçaları/konnektör
bz.47.09.006,bz.47.09,3,Sensör,güneş-ve-rüzgr-enerjisi/solar-yedek-parçaları/sensör
bz.47.09.007,bz.47.09,3,Kablo,güneş-ve-rüzgr-enerjisi/solar-yedek-parçaları/kablo
bz.47.09.008,bz.47.09,3,Soğutma Parçası,güneş-ve-rüzgr-enerjisi/solar-yedek-parçaları/soğutma-parçası
bz.47.10,bz.47,2,Rüzgâr Türbinleri,güneş-ve-rüzgr-enerjisi/rüzgr-türbinleri
bz.47.10.001,bz.47.10,3,Yatay Eksenli,güneş-ve-rüzgr-enerjisi/rüzgr-türbinleri/yatay-eksenli
bz.47.10.002,bz.47.10,3,Dikey Eksenli,güneş-ve-rüzgr-enerjisi/rüzgr-türbinleri/dikey-eksenli
bz.47.10.003,bz.47.10,3,Ev Tipi,güneş-ve-rüzgr-enerjisi/rüzgr-türbinleri/ev-tipi
bz.47.10.004,bz.47.10,3,Çiftlik Tipi,güneş-ve-rüzgr-enerjisi/rüzgr-türbinleri/çiftlik-tipi
bz.47.10.005,bz.47.10,3,Off-Grid,güneş-ve-rüzgr-enerjisi/rüzgr-türbinleri/off-grid
bz.47.10.006,bz.47.10,3,Şebeke Bağlantılı,güneş-ve-rüzgr-enerjisi/rüzgr-türbinleri/şebeke-bağlantılı
bz.47.11,bz.47,2,Rüzgâr Jeneratörleri,güneş-ve-rüzgr-enerjisi/rüzgr-jeneratörleri
bz.47.11.001,bz.47.11,3,Permanent Magnet,güneş-ve-rüzgr-enerjisi/rüzgr-jeneratörleri/permanent-magnet
bz.47.11.002,bz.47.11,3,Alternatör,güneş-ve-rüzgr-enerjisi/rüzgr-jeneratörleri/alternatör
bz.47.11.003,bz.47.11,3,Jeneratör Başlığı,güneş-ve-rüzgr-enerjisi/rüzgr-jeneratörleri/jeneratör-başlığı
bz.47.11.004,bz.47.11,3,Düşük Devir Jeneratör,güneş-ve-rüzgr-enerjisi/rüzgr-jeneratörleri/düşük-devir-jeneratör
bz.47.12,bz.47,2,Türbin Kanatları,güneş-ve-rüzgr-enerjisi/türbin-kanatları
bz.47.12.001,bz.47.12,3,Kompozit Kanat,güneş-ve-rüzgr-enerjisi/türbin-kanatları/kompozit-kanat
bz.47.12.002,bz.47.12,3,Yedek Kanat,güneş-ve-rüzgr-enerjisi/türbin-kanatları/yedek-kanat
bz.47.12.003,bz.47.12,3,Kanat Bağlantısı,güneş-ve-rüzgr-enerjisi/türbin-kanatları/kanat-bağlantısı
bz.47.12.004,bz.47.12,3,Burun Konisi,güneş-ve-rüzgr-enerjisi/türbin-kanatları/burun-konisi
bz.47.13,bz.47,2,Kule & Direk Sistemleri,güneş-ve-rüzgr-enerjisi/kule-ve-direk-sistemleri
bz.47.13.001,bz.47.13,3,Direk,güneş-ve-rüzgr-enerjisi/kule-ve-direk-sistemleri/direk
bz.47.13.002,bz.47.13,3,Kafes Kule,güneş-ve-rüzgr-enerjisi/kule-ve-direk-sistemleri/kafes-kule
bz.47.13.003,bz.47.13,3,Gergili Kule,güneş-ve-rüzgr-enerjisi/kule-ve-direk-sistemleri/gergili-kule
bz.47.13.004,bz.47.13,3,Flanş,güneş-ve-rüzgr-enerjisi/kule-ve-direk-sistemleri/flanş
bz.47.13.005,bz.47.13,3,Halat,güneş-ve-rüzgr-enerjisi/kule-ve-direk-sistemleri/halat
bz.47.13.006,bz.47.13,3,Ankraj,güneş-ve-rüzgr-enerjisi/kule-ve-direk-sistemleri/ankraj
bz.47.14,bz.47,2,Rüzgâr Kontrol Sistemleri,güneş-ve-rüzgr-enerjisi/rüzgr-kontrol-sistemleri
bz.47.14.001,bz.47.14,3,Şarj Kontrol,güneş-ve-rüzgr-enerjisi/rüzgr-kontrol-sistemleri/şarj-kontrol
bz.47.14.002,bz.47.14,3,Dump Load,güneş-ve-rüzgr-enerjisi/rüzgr-kontrol-sistemleri/dump-load
bz.47.14.003,bz.47.14,3,Fren Kontrol,güneş-ve-rüzgr-enerjisi/rüzgr-kontrol-sistemleri/fren-kontrol
bz.47.14.004,bz.47.14,3,Türbin Kontrolörü,güneş-ve-rüzgr-enerjisi/rüzgr-kontrol-sistemleri/türbin-kontrolörü
bz.47.15,bz.47,2,Rüzgâr İnverterleri,güneş-ve-rüzgr-enerjisi/rüzgr-inverterleri
bz.47.15.001,bz.47.15,3,Off-Grid,güneş-ve-rüzgr-enerjisi/rüzgr-inverterleri/off-grid
bz.47.15.002,bz.47.15,3,On-Grid,güneş-ve-rüzgr-enerjisi/rüzgr-inverterleri/on-grid
bz.47.15.003,bz.47.15,3,Hybrid,güneş-ve-rüzgr-enerjisi/rüzgr-inverterleri/hybrid
bz.47.15.004,bz.47.15,3,Grid-Tie,güneş-ve-rüzgr-enerjisi/rüzgr-inverterleri/grid-tie
bz.47.16,bz.47,2,Mekanik Sistemler,güneş-ve-rüzgr-enerjisi/mekanik-sistemler
bz.47.16.001,bz.47.16,3,Rulman,güneş-ve-rüzgr-enerjisi/mekanik-sistemler/rulman
bz.47.16.002,bz.47.16,3,Mil,güneş-ve-rüzgr-enerjisi/mekanik-sistemler/mil
bz.47.16.003,bz.47.16,3,Fren,güneş-ve-rüzgr-enerjisi/mekanik-sistemler/fren
bz.47.16.004,bz.47.16,3,Dişli,güneş-ve-rüzgr-enerjisi/mekanik-sistemler/dişli
bz.47.16.005,bz.47.16,3,Kaplin,güneş-ve-rüzgr-enerjisi/mekanik-sistemler/kaplin
bz.47.16.006,bz.47.16,3,Yaw Sistemi,güneş-ve-rüzgr-enerjisi/mekanik-sistemler/yaw-sistemi
bz.47.16.007,bz.47.16,3,Pitch Sistemi,güneş-ve-rüzgr-enerjisi/mekanik-sistemler/pitch-sistemi
bz.47.17,bz.47,2,Elektrik & Elektronik,güneş-ve-rüzgr-enerjisi/elektrik-ve-elektronik
bz.47.17.001,bz.47.17,3,Kablo,güneş-ve-rüzgr-enerjisi/elektrik-ve-elektronik/kablo
bz.47.17.002,bz.47.17,3,Konnektör,güneş-ve-rüzgr-enerjisi/elektrik-ve-elektronik/konnektör
bz.47.17.003,bz.47.17,3,Sigorta,güneş-ve-rüzgr-enerjisi/elektrik-ve-elektronik/sigorta
bz.47.17.004,bz.47.17,3,Sensör,güneş-ve-rüzgr-enerjisi/elektrik-ve-elektronik/sensör
bz.47.17.005,bz.47.17,3,Kontrol Kartı,güneş-ve-rüzgr-enerjisi/elektrik-ve-elektronik/kontrol-kartı
bz.47.17.006,bz.47.17,3,Redresör,güneş-ve-rüzgr-enerjisi/elektrik-ve-elektronik/redresör
bz.47.18,bz.47,2,Rüzgâr İzleme,güneş-ve-rüzgr-enerjisi/rüzgr-izleme
bz.47.18.001,bz.47.18,3,Anemometre,güneş-ve-rüzgr-enerjisi/rüzgr-izleme/anemometre
bz.47.18.002,bz.47.18,3,Rüzgâr Yön Sensörü,güneş-ve-rüzgr-enerjisi/rüzgr-izleme/rüzgr-yön-sensörü
bz.47.18.003,bz.47.18,3,Data Logger,güneş-ve-rüzgr-enerjisi/rüzgr-izleme/data-logger
bz.47.18.004,bz.47.18,3,Gateway,güneş-ve-rüzgr-enerjisi/rüzgr-izleme/gateway
bz.47.18.005,bz.47.18,3,Enerji Metre,güneş-ve-rüzgr-enerjisi/rüzgr-izleme/enerji-metre
bz.47.19,bz.47,2,Rüzgâr Türbini Yedek Parçaları,güneş-ve-rüzgr-enerjisi/rüzgr-türbini-yedek-parçaları
bz.47.19.001,bz.47.19,3,Kanat,güneş-ve-rüzgr-enerjisi/rüzgr-türbini-yedek-parçaları/kanat
bz.47.19.002,bz.47.19,3,Rulman,güneş-ve-rüzgr-enerjisi/rüzgr-türbini-yedek-parçaları/rulman
bz.47.19.003,bz.47.19,3,Fren,güneş-ve-rüzgr-enerjisi/rüzgr-türbini-yedek-parçaları/fren
bz.47.19.004,bz.47.19,3,Jeneratör Parçası,güneş-ve-rüzgr-enerjisi/rüzgr-türbini-yedek-parçaları/jeneratör-parçası
bz.47.19.005,bz.47.19,3,Sensör,güneş-ve-rüzgr-enerjisi/rüzgr-türbini-yedek-parçaları/sensör
bz.47.19.006,bz.47.19,3,Kontrol Kartı,güneş-ve-rüzgr-enerjisi/rüzgr-türbini-yedek-parçaları/kontrol-kartı
bz.47.19.007,bz.47.19,3,Kablo,güneş-ve-rüzgr-enerjisi/rüzgr-türbini-yedek-parçaları/kablo
bz.47.19.008,bz.47.19,3,Kaplin,güneş-ve-rüzgr-enerjisi/rüzgr-türbini-yedek-parçaları/kaplin
bz.47.20,bz.47,2,Ev Tipi Depolama,güneş-ve-rüzgr-enerjisi/ev-tipi-depolama
bz.47.20.001,bz.47.20,3,5 kWh Sınıfı,güneş-ve-rüzgr-enerjisi/ev-tipi-depolama/5-kwh-sınıfı
bz.47.20.002,bz.47.20,3,10 kWh Sınıfı,güneş-ve-rüzgr-enerjisi/ev-tipi-depolama/10-kwh-sınıfı
bz.47.20.003,bz.47.20,3,15 kWh+,güneş-ve-rüzgr-enerjisi/ev-tipi-depolama/15-kwh
bz.47.20.004,bz.47.20,3,Duvar Tipi,güneş-ve-rüzgr-enerjisi/ev-tipi-depolama/duvar-tipi
bz.47.20.005,bz.47.20,3,Zemin Tipi,güneş-ve-rüzgr-enerjisi/ev-tipi-depolama/zemin-tipi
bz.47.21,bz.47,2,Ticari Depolama,güneş-ve-rüzgr-enerjisi/ticari-depolama
bz.47.21.001,bz.47.21,3,Rack Sistem,güneş-ve-rüzgr-enerjisi/ticari-depolama/rack-sistem
bz.47.21.002,bz.47.21,3,Kabinet,güneş-ve-rüzgr-enerjisi/ticari-depolama/kabinet
bz.47.21.003,bz.47.21,3,Modüler Sistem,güneş-ve-rüzgr-enerjisi/ticari-depolama/modüler-sistem
bz.47.21.004,bz.47.21,3,Peak Shaving,güneş-ve-rüzgr-enerjisi/ticari-depolama/peak-shaving
bz.47.22,bz.47,2,Endüstriyel Depolama,güneş-ve-rüzgr-enerjisi/endüstriyel-depolama
bz.47.22.001,bz.47.22,3,Container BESS,güneş-ve-rüzgr-enerjisi/endüstriyel-depolama/container-bess
bz.47.22.002,bz.47.22,3,Yüksek Kapasiteli Sistem,güneş-ve-rüzgr-enerjisi/endüstriyel-depolama/yüksek-kapasiteli-sistem
bz.47.22.003,bz.47.22,3,PCS,güneş-ve-rüzgr-enerjisi/endüstriyel-depolama/pcs
bz.47.22.004,bz.47.22,3,EMS,güneş-ve-rüzgr-enerjisi/endüstriyel-depolama/ems
bz.47.23,bz.47,2,Bataryalar,güneş-ve-rüzgr-enerjisi/bataryalar
bz.47.23.001,bz.47.23,3,LiFePO4,güneş-ve-rüzgr-enerjisi/bataryalar/lifepo4
bz.47.23.002,bz.47.23,3,Lityum-Iyon,güneş-ve-rüzgr-enerjisi/bataryalar/lityum-iyon
bz.47.23.003,bz.47.23,3,AGM,güneş-ve-rüzgr-enerjisi/bataryalar/agm
bz.47.23.004,bz.47.23,3,Jel,güneş-ve-rüzgr-enerjisi/bataryalar/jel
bz.47.23.005,bz.47.23,3,Batarya Modülü,güneş-ve-rüzgr-enerjisi/bataryalar/batarya-modülü
bz.47.24,bz.47,2,Batarya Yönetimi,güneş-ve-rüzgr-enerjisi/batarya-yönetimi
bz.47.24.001,bz.47.24,3,BMS,güneş-ve-rüzgr-enerjisi/batarya-yönetimi/bms
bz.47.24.002,bz.47.24,3,Balanslama,güneş-ve-rüzgr-enerjisi/batarya-yönetimi/balanslama
bz.47.24.003,bz.47.24,3,Hücre İzleme,güneş-ve-rüzgr-enerjisi/batarya-yönetimi/hücre-izleme
bz.47.24.004,bz.47.24,3,Sıcaklık İzleme,güneş-ve-rüzgr-enerjisi/batarya-yönetimi/sıcaklık-izleme
bz.47.25,bz.47,2,Enerji Yönetim Sistemleri,güneş-ve-rüzgr-enerjisi/enerji-yönetim-sistemleri
bz.47.25.001,bz.47.25,3,EMS,güneş-ve-rüzgr-enerjisi/enerji-yönetim-sistemleri/ems
bz.47.25.002,bz.47.25,3,Load Management,güneş-ve-rüzgr-enerjisi/enerji-yönetim-sistemleri/load-management
bz.47.25.003,bz.47.25,3,Peak Shaving,güneş-ve-rüzgr-enerjisi/enerji-yönetim-sistemleri/peak-shaving
bz.47.25.004,bz.47.25,3,Self-Consumption,güneş-ve-rüzgr-enerjisi/enerji-yönetim-sistemleri/self-consumption
bz.47.25.005,bz.47.25,3,Remote Monitoring,güneş-ve-rüzgr-enerjisi/enerji-yönetim-sistemleri/remote-monitoring
bz.47.26,bz.47,2,Güneş + Rüzgâr,güneş-ve-rüzgr-enerjisi/güneş-rüzgr
bz.47.26.001,bz.47.26,3,Hybrid Controller,güneş-ve-rüzgr-enerjisi/güneş-rüzgr/hybrid-controller
bz.47.26.002,bz.47.26,3,Hybrid Inverter,güneş-ve-rüzgr-enerjisi/güneş-rüzgr/hybrid-inverter
bz.47.26.003,bz.47.26,3,Kombine Sistem,güneş-ve-rüzgr-enerjisi/güneş-rüzgr/kombine-sistem
bz.47.26.004,bz.47.26,3,Enerji Yönetimi,güneş-ve-rüzgr-enerjisi/güneş-rüzgr/enerji-yönetimi
bz.47.27,bz.47,2,Güneş + Batarya,güneş-ve-rüzgr-enerjisi/güneş-batarya
bz.47.27.001,bz.47.27,3,Hybrid Inverter,güneş-ve-rüzgr-enerjisi/güneş-batarya/hybrid-inverter
bz.47.27.002,bz.47.27,3,Battery Storage,güneş-ve-rüzgr-enerjisi/güneş-batarya/battery-storage
bz.47.27.003,bz.47.27,3,Backup,güneş-ve-rüzgr-enerjisi/güneş-batarya/backup
bz.47.27.004,bz.47.27,3,Self-Consumption,güneş-ve-rüzgr-enerjisi/güneş-batarya/self-consumption
bz.47.28,bz.47,2,Rüzgâr + Batarya,güneş-ve-rüzgr-enerjisi/rüzgr-batarya
bz.47.28.001,bz.47.28,3,Wind Controller,güneş-ve-rüzgr-enerjisi/rüzgr-batarya/wind-controller
bz.47.28.002,bz.47.28,3,Battery Storage,güneş-ve-rüzgr-enerjisi/rüzgr-batarya/battery-storage
bz.47.28.003,bz.47.28,3,Dump Load,güneş-ve-rüzgr-enerjisi/rüzgr-batarya/dump-load
bz.47.28.004,bz.47.28,3,Backup,güneş-ve-rüzgr-enerjisi/rüzgr-batarya/backup
bz.47.29,bz.47,2,Komple Off-Grid,güneş-ve-rüzgr-enerjisi/komple-off-grid
bz.47.29.001,bz.47.29,3,Ev,güneş-ve-rüzgr-enerjisi/komple-off-grid/ev
bz.47.29.002,bz.47.29,3,Çiftlik,güneş-ve-rüzgr-enerjisi/komple-off-grid/çiftlik
bz.47.29.003,bz.47.29,3,Sera,güneş-ve-rüzgr-enerjisi/komple-off-grid/sera
bz.47.29.004,bz.47.29,3,Bağ-Bahçe,güneş-ve-rüzgr-enerjisi/komple-off-grid/bağ-bahçe
bz.47.29.005,bz.47.29,3,Karavan,güneş-ve-rüzgr-enerjisi/komple-off-grid/karavan
bz.47.29.006,bz.47.29,3,Tekne,güneş-ve-rüzgr-enerjisi/komple-off-grid/tekne
bz.47.29.007,bz.47.29,3,Şantiye,güneş-ve-rüzgr-enerjisi/komple-off-grid/şantiye
bz.47.29.008,bz.47.29,3,Acil Durum,güneş-ve-rüzgr-enerjisi/komple-off-grid/acil-durum
bz.47.30,bz.47,2,Mikro Şebeke,güneş-ve-rüzgr-enerjisi/mikro-şebeke
bz.47.30.001,bz.47.30,3,EMS,güneş-ve-rüzgr-enerjisi/mikro-şebeke/ems
bz.47.30.002,bz.47.30,3,PCS,güneş-ve-rüzgr-enerjisi/mikro-şebeke/pcs
bz.47.30.003,bz.47.30,3,Load Management,güneş-ve-rüzgr-enerjisi/mikro-şebeke/load-management
bz.47.30.004,bz.47.30,3,Grid Interface,güneş-ve-rüzgr-enerjisi/mikro-şebeke/grid-interface
bz.47.31,bz.47,2,Balkon Güneş Sistemleri,güneş-ve-rüzgr-enerjisi/balkon-güneş-sistemleri
bz.47.31.001,bz.47.31,3,Plug-in Solar,güneş-ve-rüzgr-enerjisi/balkon-güneş-sistemleri/plug-in-solar
bz.47.31.002,bz.47.31,3,Mikro İnverter,güneş-ve-rüzgr-enerjisi/balkon-güneş-sistemleri/mikro-inverter
bz.47.31.003,bz.47.31,3,Montaj,güneş-ve-rüzgr-enerjisi/balkon-güneş-sistemleri/montaj
bz.47.31.004,bz.47.31,3,Monitoring,güneş-ve-rüzgr-enerjisi/balkon-güneş-sistemleri/monitoring
bz.47.32,bz.47,2,Çatı Sistemleri,güneş-ve-rüzgr-enerjisi/çatı-sistemleri
bz.47.32.001,bz.47.32,3,Konstrüksiyon,güneş-ve-rüzgr-enerjisi/çatı-sistemleri/konstrüksiyon
bz.47.32.002,bz.47.32,3,Panel,güneş-ve-rüzgr-enerjisi/çatı-sistemleri/panel
bz.47.32.003,bz.47.32,3,İnverter,güneş-ve-rüzgr-enerjisi/çatı-sistemleri/inverter
bz.47.32.004,bz.47.32,3,Kablo,güneş-ve-rüzgr-enerjisi/çatı-sistemleri/kablo
bz.47.32.005,bz.47.32,3,Koruma,güneş-ve-rüzgr-enerjisi/çatı-sistemleri/koruma
bz.47.33,bz.47,2,Enerji & Elektrikli Araç Entegrasyonu,güneş-ve-rüzgr-enerjisi/enerji-ve-elektrikli-araç-entegrasyonu
bz.47.33.001,bz.47.33,3,EV Şarj,güneş-ve-rüzgr-enerjisi/enerji-ve-elektrikli-araç-entegrasyonu/ev-şarj
bz.47.33.002,bz.47.33,3,Solar Şarj,güneş-ve-rüzgr-enerjisi/enerji-ve-elektrikli-araç-entegrasyonu/solar-şarj
bz.47.33.003,bz.47.33,3,Load Balancing,güneş-ve-rüzgr-enerjisi/enerji-ve-elektrikli-araç-entegrasyonu/load-balancing
bz.47.33.004,bz.47.33,3,Wallbox,güneş-ve-rüzgr-enerjisi/enerji-ve-elektrikli-araç-entegrasyonu/wallbox
bz.47.34,bz.47,2,Enerji & Isı Pompası Entegrasyonu,güneş-ve-rüzgr-enerjisi/enerji-ve-isı-pompası-entegrasyonu
bz.47.34.001,bz.47.34,3,Enerji Yönetimi,güneş-ve-rüzgr-enerjisi/enerji-ve-isı-pompası-entegrasyonu/enerji-yönetimi
bz.47.34.002,bz.47.34,3,Akıllı Sayaç,güneş-ve-rüzgr-enerjisi/enerji-ve-isı-pompası-entegrasyonu/akıllı-sayaç
bz.47.34.003,bz.47.34,3,Load Management,güneş-ve-rüzgr-enerjisi/enerji-ve-isı-pompası-entegrasyonu/load-management
bz.47.35,bz.47,2,Akıllı Enerji Yönetimi,güneş-ve-rüzgr-enerjisi/akıllı-enerji-yönetimi
bz.47.35.001,bz.47.35,3,Enerji Ölçümü,güneş-ve-rüzgr-enerjisi/akıllı-enerji-yönetimi/enerji-ölçümü
bz.47.35.002,bz.47.35,3,Akıllı Röle,güneş-ve-rüzgr-enerjisi/akıllı-enerji-yönetimi/akıllı-röle
bz.47.35.003,bz.47.35,3,Gateway,güneş-ve-rüzgr-enerjisi/akıllı-enerji-yönetimi/gateway
bz.47.35.004,bz.47.35,3,Otomasyon,güneş-ve-rüzgr-enerjisi/akıllı-enerji-yönetimi/otomasyon
bz.47.36,bz.47,2,Solar Sulama,güneş-ve-rüzgr-enerjisi/solar-sulama
bz.47.36.001,bz.47.36,3,Solar Pompa,güneş-ve-rüzgr-enerjisi/solar-sulama/solar-pompa
bz.47.36.002,bz.47.36,3,Pompa İnverteri,güneş-ve-rüzgr-enerjisi/solar-sulama/pompa-inverteri
bz.47.36.003,bz.47.36,3,Kontrol,güneş-ve-rüzgr-enerjisi/solar-sulama/kontrol
bz.47.36.004,bz.47.36,3,Su Depolama,güneş-ve-rüzgr-enerjisi/solar-sulama/su-depolama
bz.47.37,bz.47,2,Sera Enerjisi,güneş-ve-rüzgr-enerjisi/sera-enerjisi
bz.47.37.001,bz.47.37,3,Solar,güneş-ve-rüzgr-enerjisi/sera-enerjisi/solar
bz.47.37.002,bz.47.37,3,Depolama,güneş-ve-rüzgr-enerjisi/sera-enerjisi/depolama
bz.47.37.003,bz.47.37,3,Havalandırma,güneş-ve-rüzgr-enerjisi/sera-enerjisi/havalandırma
bz.47.37.004,bz.47.37,3,İklim Kontrol,güneş-ve-rüzgr-enerjisi/sera-enerjisi/iklim-kontrol
bz.47.38,bz.47,2,Hayvancılık Enerjisi,güneş-ve-rüzgr-enerjisi/hayvancılık-enerjisi
bz.47.38.001,bz.47.38,3,Ahır Solar,güneş-ve-rüzgr-enerjisi/hayvancılık-enerjisi/ahır-solar
bz.47.38.002,bz.47.38,3,Sağım Enerjisi,güneş-ve-rüzgr-enerjisi/hayvancılık-enerjisi/sağım-enerjisi
bz.47.38.003,bz.47.38,3,Yemleme Enerjisi,güneş-ve-rüzgr-enerjisi/hayvancılık-enerjisi/yemleme-enerjisi
bz.47.38.004,bz.47.38,3,Sulama Enerjisi,güneş-ve-rüzgr-enerjisi/hayvancılık-enerjisi/sulama-enerjisi
bz.47.38.005,bz.47.38,3,Depolama,güneş-ve-rüzgr-enerjisi/hayvancılık-enerjisi/depolama
bz.47.39,bz.47,2,Çiftlik Off-Grid,güneş-ve-rüzgr-enerjisi/çiftlik-off-grid
bz.47.39.001,bz.47.39,3,Ev,güneş-ve-rüzgr-enerjisi/çiftlik-off-grid/ev
bz.47.39.002,bz.47.39,3,Atölye,güneş-ve-rüzgr-enerjisi/çiftlik-off-grid/atölye
bz.47.39.003,bz.47.39,3,Depo,güneş-ve-rüzgr-enerjisi/çiftlik-off-grid/depo
bz.47.39.004,bz.47.39,3,Sulama,güneş-ve-rüzgr-enerjisi/çiftlik-off-grid/sulama
bz.47.39.005,bz.47.39,3,Çit Sistemi,güneş-ve-rüzgr-enerjisi/çiftlik-off-grid/çit-sistemi
bz.47.39.006,bz.47.39,3,Aydınlatma,güneş-ve-rüzgr-enerjisi/çiftlik-off-grid/aydınlatma
bz.47.40,bz.47,2,Elektrikli Çit Enerjisi,güneş-ve-rüzgr-enerjisi/elektrikli-çit-enerjisi
bz.47.40.001,bz.47.40,3,Solar Çit Enerjisi,güneş-ve-rüzgr-enerjisi/elektrikli-çit-enerjisi/solar-çit-enerjisi
bz.47.40.002,bz.47.40,3,Akü,güneş-ve-rüzgr-enerjisi/elektrikli-çit-enerjisi/akü
bz.47.40.003,bz.47.40,3,Çit Cihazı,güneş-ve-rüzgr-enerjisi/elektrikli-çit-enerjisi/çit-cihazı
bz.47.40.004,bz.47.40,3,Topraklama,güneş-ve-rüzgr-enerjisi/elektrikli-çit-enerjisi/topraklama
bz.47.41,bz.47,2,DC Koruma,güneş-ve-rüzgr-enerjisi/dc-koruma
bz.47.41.001,bz.47.41,3,DC Sigorta,güneş-ve-rüzgr-enerjisi/dc-koruma/dc-sigorta
bz.47.41.002,bz.47.41,3,DC Şalter,güneş-ve-rüzgr-enerjisi/dc-koruma/dc-şalter
bz.47.41.003,bz.47.41,3,DC Parafudr,güneş-ve-rüzgr-enerjisi/dc-koruma/dc-parafudr
bz.47.41.004,bz.47.41,3,DC Ayırıcı,güneş-ve-rüzgr-enerjisi/dc-koruma/dc-ayırıcı
bz.47.42,bz.47,2,AC Koruma,güneş-ve-rüzgr-enerjisi/ac-koruma
bz.47.42.001,bz.47.42,3,AC Sigorta,güneş-ve-rüzgr-enerjisi/ac-koruma/ac-sigorta
bz.47.42.002,bz.47.42,3,AC Şalter,güneş-ve-rüzgr-enerjisi/ac-koruma/ac-şalter
bz.47.42.003,bz.47.42,3,AC Parafudr,güneş-ve-rüzgr-enerjisi/ac-koruma/ac-parafudr
bz.47.42.004,bz.47.42,3,Kaçak Akım,güneş-ve-rüzgr-enerjisi/ac-koruma/kaçak-akım
bz.47.43,bz.47,2,Topraklama,güneş-ve-rüzgr-enerjisi/topraklama
bz.47.43.001,bz.47.43,3,Topraklama Çubuğu,güneş-ve-rüzgr-enerjisi/topraklama/topraklama-çubuğu
bz.47.43.002,bz.47.43,3,Kablo,güneş-ve-rüzgr-enerjisi/topraklama/kablo
bz.47.43.003,bz.47.43,3,Klemens,güneş-ve-rüzgr-enerjisi/topraklama/klemens
bz.47.43.004,bz.47.43,3,Parafudr,güneş-ve-rüzgr-enerjisi/topraklama/parafudr
bz.47.44,bz.47,2,Kablolar,güneş-ve-rüzgr-enerjisi/kablolar
bz.47.44.001,bz.47.44,3,Solar DC,güneş-ve-rüzgr-enerjisi/kablolar/solar-dc
bz.47.44.002,bz.47.44,3,AC,güneş-ve-rüzgr-enerjisi/kablolar/ac
bz.47.44.003,bz.47.44,3,Akü Kablosu,güneş-ve-rüzgr-enerjisi/kablolar/akü-kablosu
bz.47.44.004,bz.47.44,3,Topraklama,güneş-ve-rüzgr-enerjisi/kablolar/topraklama
bz.47.45,bz.47,2,Montaj & Bağlantı,güneş-ve-rüzgr-enerjisi/montaj-ve-bağlantı
bz.47.45.001,bz.47.45,3,Kablo Kanalı,güneş-ve-rüzgr-enerjisi/montaj-ve-bağlantı/kablo-kanalı
bz.47.45.002,bz.47.45,3,Ray,güneş-ve-rüzgr-enerjisi/montaj-ve-bağlantı/ray
bz.47.45.003,bz.47.45,3,Kelepçe,güneş-ve-rüzgr-enerjisi/montaj-ve-bağlantı/kelepçe
bz.47.45.004,bz.47.45,3,Konnektör,güneş-ve-rüzgr-enerjisi/montaj-ve-bağlantı/konnektör
bz.47.45.005,bz.47.45,3,Bağlantı Elemanı,güneş-ve-rüzgr-enerjisi/montaj-ve-bağlantı/bağlantı-elemanı
bz.47.46,bz.47,2,Solar Servis,güneş-ve-rüzgr-enerjisi/solar-servis
bz.47.46.001,bz.47.46,3,İnverter Servisi,güneş-ve-rüzgr-enerjisi/solar-servis/inverter-servisi
bz.47.46.002,bz.47.46,3,Panel Testi,güneş-ve-rüzgr-enerjisi/solar-servis/panel-testi
bz.47.46.003,bz.47.46,3,Termal Test,güneş-ve-rüzgr-enerjisi/solar-servis/termal-test
bz.47.46.004,bz.47.46,3,Kablo Testi,güneş-ve-rüzgr-enerjisi/solar-servis/kablo-testi
bz.47.47,bz.47,2,Rüzgâr Servisi,güneş-ve-rüzgr-enerjisi/rüzgr-servisi
bz.47.47.001,bz.47.47,3,Türbin Bakımı,güneş-ve-rüzgr-enerjisi/rüzgr-servisi/türbin-bakımı
bz.47.47.002,bz.47.47,3,Kanat Kontrolü,güneş-ve-rüzgr-enerjisi/rüzgr-servisi/kanat-kontrolü
bz.47.47.003,bz.47.47,3,Rulman,güneş-ve-rüzgr-enerjisi/rüzgr-servisi/rulman
bz.47.47.004,bz.47.47,3,Fren,güneş-ve-rüzgr-enerjisi/rüzgr-servisi/fren
bz.47.47.005,bz.47.47,3,Jeneratör,güneş-ve-rüzgr-enerjisi/rüzgr-servisi/jeneratör
bz.47.48,bz.47,2,Elektronik Yedek Parçalar,güneş-ve-rüzgr-enerjisi/elektronik-yedek-parçalar
bz.47.48.001,bz.47.48,3,PCB,güneş-ve-rüzgr-enerjisi/elektronik-yedek-parçalar/pcb
bz.47.48.002,bz.47.48,3,Röle,güneş-ve-rüzgr-enerjisi/elektronik-yedek-parçalar/röle
bz.47.48.003,bz.47.48,3,Sensör,güneş-ve-rüzgr-enerjisi/elektronik-yedek-parçalar/sensör
bz.47.48.004,bz.47.48,3,Fan,güneş-ve-rüzgr-enerjisi/elektronik-yedek-parçalar/fan
bz.47.48.005,bz.47.48,3,Kontrol Kartı,güneş-ve-rüzgr-enerjisi/elektronik-yedek-parçalar/kontrol-kartı
bz.47.49,bz.47,2,Mekanik Yedek Parçalar,güneş-ve-rüzgr-enerjisi/mekanik-yedek-parçalar
bz.47.49.001,bz.47.49,3,Rulman,güneş-ve-rüzgr-enerjisi/mekanik-yedek-parçalar/rulman
bz.47.49.002,bz.47.49,3,Mil,güneş-ve-rüzgr-enerjisi/mekanik-yedek-parçalar/mil
bz.47.49.003,bz.47.49,3,Dişli,güneş-ve-rüzgr-enerjisi/mekanik-yedek-parçalar/dişli
bz.47.49.004,bz.47.49,3,Kaplin,güneş-ve-rüzgr-enerjisi/mekanik-yedek-parçalar/kaplin
bz.47.49.005,bz.47.49,3,Cıvata,güneş-ve-rüzgr-enerjisi/mekanik-yedek-parçalar/cıvata
bz.47.49.006,bz.47.49,3,Conta,güneş-ve-rüzgr-enerjisi/mekanik-yedek-parçalar/conta
bz.47.50,bz.47,2,Ölçüm & Test,güneş-ve-rüzgr-enerjisi/ölçüm-ve-test
bz.47.50.001,bz.47.50,3,Multimetre,güneş-ve-rüzgr-enerjisi/ölçüm-ve-test/multimetre
bz.47.50.002,bz.47.50,3,Pensampermetre,güneş-ve-rüzgr-enerjisi/ölçüm-ve-test/pensampermetre
bz.47.50.003,bz.47.50,3,İzolasyon Testi,güneş-ve-rüzgr-enerjisi/ölçüm-ve-test/izolasyon-testi
bz.47.50.004,bz.47.50,3,IV Curve,güneş-ve-rüzgr-enerjisi/ölçüm-ve-test/iv-curve
bz.47.50.005,bz.47.50,3,Termal Kamera,güneş-ve-rüzgr-enerjisi/ölçüm-ve-test/termal-kamera
bz.47.51,bz.47,2,Ticari Çatı,güneş-ve-rüzgr-enerjisi/ticari-çatı
bz.47.51.001,bz.47.51,3,Panel,güneş-ve-rüzgr-enerjisi/ticari-çatı/panel
bz.47.51.002,bz.47.51,3,İnverter,güneş-ve-rüzgr-enerjisi/ticari-çatı/inverter
bz.47.51.003,bz.47.51,3,Konstrüksiyon,güneş-ve-rüzgr-enerjisi/ticari-çatı/konstrüksiyon
bz.47.51.004,bz.47.51,3,Depolama,güneş-ve-rüzgr-enerjisi/ticari-çatı/depolama
bz.47.51.005,bz.47.51,3,EMS,güneş-ve-rüzgr-enerjisi/ticari-çatı/ems
bz.47.52,bz.47,2,Arazi GES,güneş-ve-rüzgr-enerjisi/arazi-ges
bz.47.52.001,bz.47.52,3,Konstrüksiyon,güneş-ve-rüzgr-enerjisi/arazi-ges/konstrüksiyon
bz.47.52.002,bz.47.52,3,Panel,güneş-ve-rüzgr-enerjisi/arazi-ges/panel
bz.47.52.003,bz.47.52,3,İnverter,güneş-ve-rüzgr-enerjisi/arazi-ges/inverter
bz.47.52.004,bz.47.52,3,Trafo,güneş-ve-rüzgr-enerjisi/arazi-ges/trafo
bz.47.52.005,bz.47.52,3,Kablo,güneş-ve-rüzgr-enerjisi/arazi-ges/kablo
bz.47.53,bz.47,2,Rüzgâr Santrali Ekipmanları,güneş-ve-rüzgr-enerjisi/rüzgr-santrali-ekipmanları
bz.47.53.001,bz.47.53,3,Türbin Parçaları,güneş-ve-rüzgr-enerjisi/rüzgr-santrali-ekipmanları/türbin-parçaları
bz.47.53.002,bz.47.53,3,Elektrik,güneş-ve-rüzgr-enerjisi/rüzgr-santrali-ekipmanları/elektrik
bz.47.53.003,bz.47.53,3,Kablo,güneş-ve-rüzgr-enerjisi/rüzgr-santrali-ekipmanları/kablo
bz.47.53.004,bz.47.53,3,Kontrol,güneş-ve-rüzgr-enerjisi/rüzgr-santrali-ekipmanları/kontrol
bz.47.53.005,bz.47.53,3,Bakım,güneş-ve-rüzgr-enerjisi/rüzgr-santrali-ekipmanları/bakım
bz.47.54,bz.47,2,BESS,güneş-ve-rüzgr-enerjisi/bess
bz.47.54.001,bz.47.54,3,Battery Rack,güneş-ve-rüzgr-enerjisi/bess/battery-rack
bz.47.54.002,bz.47.54,3,PCS,güneş-ve-rüzgr-enerjisi/bess/pcs
bz.47.54.003,bz.47.54,3,EMS,güneş-ve-rüzgr-enerjisi/bess/ems
bz.47.54.004,bz.47.54,3,HVAC,güneş-ve-rüzgr-enerjisi/bess/hvac
bz.47.54.005,bz.47.54,3,Yangın Güvenliği,güneş-ve-rüzgr-enerjisi/bess/yangın-güvenliği
bz.47.54.006,bz.47.54,3,Kabinet,güneş-ve-rüzgr-enerjisi/bess/kabinet
bz.47.55,bz.47,2,SCADA & İzleme,güneş-ve-rüzgr-enerjisi/scada-ve-izleme
bz.47.55.001,bz.47.55,3,SCADA,güneş-ve-rüzgr-enerjisi/scada-ve-izleme/scada
bz.47.55.002,bz.47.55,3,Gateway,güneş-ve-rüzgr-enerjisi/scada-ve-izleme/gateway
bz.47.55.003,bz.47.55,3,Data Logger,güneş-ve-rüzgr-enerjisi/scada-ve-izleme/data-logger
bz.47.55.004,bz.47.55,3,Enerji Analizi,güneş-ve-rüzgr-enerjisi/scada-ve-izleme/enerji-analizi
bz.48,,1,İnşaat & İnşaat Makineleri,inşaat-ve-inşaat-makineleri
bz.48.01,bz.48,2,İnşaat Malzemeleri,inşaat-ve-inşaat-makineleri/inşaat-malzemeleri
bz.48.01.001,bz.48.01,3,Çimento,inşaat-ve-inşaat-makineleri/inşaat-malzemeleri/çimento
bz.48.01.002,bz.48.01,3,Harç & Beton Katkıları,inşaat-ve-inşaat-makineleri/inşaat-malzemeleri/harç-ve-beton-katkıları
bz.48.01.003,bz.48.01,3,Tuğla & Blok,inşaat-ve-inşaat-makineleri/inşaat-malzemeleri/tuğla-ve-blok
bz.48.01.004,bz.48.01,3,Kiremit,inşaat-ve-inşaat-makineleri/inşaat-malzemeleri/kiremit
bz.48.01.005,bz.48.01,3,Yalıtım,inşaat-ve-inşaat-makineleri/inşaat-malzemeleri/yalıtım
bz.48.01.006,bz.48.01,3,Su Yalıtımı,inşaat-ve-inşaat-makineleri/inşaat-malzemeleri/su-yalıtımı
bz.48.01.007,bz.48.01,3,Alçı & Alçıpan,inşaat-ve-inşaat-makineleri/inşaat-malzemeleri/alçı-ve-alçıpan
bz.48.01.008,bz.48.01,3,Boya & Kaplama,inşaat-ve-inşaat-makineleri/inşaat-malzemeleri/boya-ve-kaplama
bz.48.01.009,bz.48.01,3,Ahşap Yapı Ürünleri,inşaat-ve-inşaat-makineleri/inşaat-malzemeleri/ahşap-yapı-ürünleri
bz.48.01.010,bz.48.01,3,Çelik & Metal,inşaat-ve-inşaat-makineleri/inşaat-malzemeleri/çelik-ve-metal
bz.48.01.011,bz.48.01,3,Yapıştırıcı & Mastik,inşaat-ve-inşaat-makineleri/inşaat-malzemeleri/yapıştırıcı-ve-mastik
bz.48.01.012,bz.48.01,3,Sızdırmazlık,inşaat-ve-inşaat-makineleri/inşaat-malzemeleri/sızdırmazlık
bz.48.01.013,bz.48.01,3,Drenaj,inşaat-ve-inşaat-makineleri/inşaat-malzemeleri/drenaj
bz.48.01.014,bz.48.01,3,Bağlantı Elemanları,inşaat-ve-inşaat-makineleri/inşaat-malzemeleri/bağlantı-elemanları
bz.48.02,bz.48,2,Hafriyat & Toprak İşleme Makineleri,inşaat-ve-inşaat-makineleri/hafriyat-ve-toprak-işleme-makineleri
bz.48.02.001,bz.48.02,3,Ekskavatör,inşaat-ve-inşaat-makineleri/hafriyat-ve-toprak-işleme-makineleri/ekskavatör
bz.48.02.002,bz.48.02,3,Mini Ekskavatör,inşaat-ve-inşaat-makineleri/hafriyat-ve-toprak-işleme-makineleri/mini-ekskavatör
bz.48.02.003,bz.48.02,3,Paletli Yükleyici,inşaat-ve-inşaat-makineleri/hafriyat-ve-toprak-işleme-makineleri/paletli-yükleyici
bz.48.02.004,bz.48.02,3,Lastikli Yükleyici,inşaat-ve-inşaat-makineleri/hafriyat-ve-toprak-işleme-makineleri/lastikli-yükleyici
bz.48.02.005,bz.48.02,3,Kazıcı-Yükleyici,inşaat-ve-inşaat-makineleri/hafriyat-ve-toprak-işleme-makineleri/kazıcı-yükleyici
bz.48.02.006,bz.48.02,3,Dozer,inşaat-ve-inşaat-makineleri/hafriyat-ve-toprak-işleme-makineleri/dozer
bz.48.02.007,bz.48.02,3,Greyder,inşaat-ve-inşaat-makineleri/hafriyat-ve-toprak-işleme-makineleri/greyder
bz.48.02.008,bz.48.02,3,Skid Steer,inşaat-ve-inşaat-makineleri/hafriyat-ve-toprak-işleme-makineleri/skid-steer
bz.48.02.009,bz.48.02,3,Kompakt Yükleyici,inşaat-ve-inşaat-makineleri/hafriyat-ve-toprak-işleme-makineleri/kompakt-yükleyici
bz.48.03,bz.48,2,Beton & Harç Makineleri,inşaat-ve-inşaat-makineleri/beton-ve-harç-makineleri
bz.48.03.001,bz.48.03,3,Beton Mikseri,inşaat-ve-inşaat-makineleri/beton-ve-harç-makineleri/beton-mikseri
bz.48.03.002,bz.48.03,3,Transmikser Ekipmanı,inşaat-ve-inşaat-makineleri/beton-ve-harç-makineleri/transmikser-ekipmanı
bz.48.03.003,bz.48.03,3,Beton Pompası,inşaat-ve-inşaat-makineleri/beton-ve-harç-makineleri/beton-pompası
bz.48.03.004,bz.48.03,3,Harç Makinesi,inşaat-ve-inşaat-makineleri/beton-ve-harç-makineleri/harç-makinesi
bz.48.03.005,bz.48.03,3,Şap Makinesi,inşaat-ve-inşaat-makineleri/beton-ve-harç-makineleri/şap-makinesi
bz.48.03.006,bz.48.03,3,Beton Vibratörü,inşaat-ve-inşaat-makineleri/beton-ve-harç-makineleri/beton-vibratörü
bz.48.03.007,bz.48.03,3,Beton Kesme,inşaat-ve-inşaat-makineleri/beton-ve-harç-makineleri/beton-kesme
bz.48.03.008,bz.48.03,3,Beton Taşlama,inşaat-ve-inşaat-makineleri/beton-ve-harç-makineleri/beton-taşlama
bz.48.04,bz.48,2,Yol Yapım Makineleri,inşaat-ve-inşaat-makineleri/yol-yapım-makineleri
bz.48.04.001,bz.48.04,3,Asfalt Finişeri,inşaat-ve-inşaat-makineleri/yol-yapım-makineleri/asfalt-finişeri
bz.48.04.002,bz.48.04,3,Asfalt Silindiri,inşaat-ve-inşaat-makineleri/yol-yapım-makineleri/asfalt-silindiri
bz.48.04.003,bz.48.04,3,Toprak Silindiri,inşaat-ve-inşaat-makineleri/yol-yapım-makineleri/toprak-silindiri
bz.48.04.004,bz.48.04,3,Tandem Silindir,inşaat-ve-inşaat-makineleri/yol-yapım-makineleri/tandem-silindir
bz.48.04.005,bz.48.04,3,Kompaktör,inşaat-ve-inşaat-makineleri/yol-yapım-makineleri/kompaktör
bz.48.04.006,bz.48.04,3,Freze,inşaat-ve-inşaat-makineleri/yol-yapım-makineleri/freze
bz.48.04.007,bz.48.04,3,Bitüm Ekipmanları,inşaat-ve-inşaat-makineleri/yol-yapım-makineleri/bitüm-ekipmanları
bz.48.04.008,bz.48.04,3,Yol Süpürme,inşaat-ve-inşaat-makineleri/yol-yapım-makineleri/yol-süpürme
bz.48.05,bz.48,2,Vinç & Kaldırma Ekipmanları,inşaat-ve-inşaat-makineleri/vinç-ve-kaldırma-ekipmanları
bz.48.05.001,bz.48.05,3,Mobil Vinç,inşaat-ve-inşaat-makineleri/vinç-ve-kaldırma-ekipmanları/mobil-vinç
bz.48.05.002,bz.48.05,3,Paletli Vinç,inşaat-ve-inşaat-makineleri/vinç-ve-kaldırma-ekipmanları/paletli-vinç
bz.48.05.003,bz.48.05,3,Kule Vinç,inşaat-ve-inşaat-makineleri/vinç-ve-kaldırma-ekipmanları/kule-vinç
bz.48.05.004,bz.48.05,3,Teleskopik Yükleyici,inşaat-ve-inşaat-makineleri/vinç-ve-kaldırma-ekipmanları/teleskopik-yükleyici
bz.48.05.005,bz.48.05,3,Forklift,inşaat-ve-inşaat-makineleri/vinç-ve-kaldırma-ekipmanları/forklift
bz.48.05.006,bz.48.05,3,Manlift,inşaat-ve-inşaat-makineleri/vinç-ve-kaldırma-ekipmanları/manlift
bz.48.05.007,bz.48.05,3,Platform,inşaat-ve-inşaat-makineleri/vinç-ve-kaldırma-ekipmanları/platform
bz.48.05.008,bz.48.05,3,Ceraskal,inşaat-ve-inşaat-makineleri/vinç-ve-kaldırma-ekipmanları/ceraskal
bz.48.05.009,bz.48.05,3,Vinç Aksesuarları,inşaat-ve-inşaat-makineleri/vinç-ve-kaldırma-ekipmanları/vinç-aksesuarları
bz.48.06,bz.48,2,"Delme, Kırma & Kazı Ekipmanları",inşaat-ve-inşaat-makineleri/delme-kırma-ve-kazı-ekipmanları
bz.48.06.001,bz.48.06,3,Hidrolik Kırıcı,inşaat-ve-inşaat-makineleri/delme-kırma-ve-kazı-ekipmanları/hidrolik-kırıcı
bz.48.06.002,bz.48.06,3,Kaya Kırıcı,inşaat-ve-inşaat-makineleri/delme-kırma-ve-kazı-ekipmanları/kaya-kırıcı
bz.48.06.003,bz.48.06,3,Delici,inşaat-ve-inşaat-makineleri/delme-kırma-ve-kazı-ekipmanları/delici
bz.48.06.004,bz.48.06,3,Kaya Matkabı,inşaat-ve-inşaat-makineleri/delme-kırma-ve-kazı-ekipmanları/kaya-matkabı
bz.48.06.005,bz.48.06,3,Sondaj,inşaat-ve-inşaat-makineleri/delme-kırma-ve-kazı-ekipmanları/sondaj
bz.48.06.006,bz.48.06,3,Kırıcı Uç,inşaat-ve-inşaat-makineleri/delme-kırma-ve-kazı-ekipmanları/kırıcı-uç
bz.48.06.007,bz.48.06,3,Kesici Disk,inşaat-ve-inşaat-makineleri/delme-kırma-ve-kazı-ekipmanları/kesici-disk
bz.48.06.008,bz.48.06,3,Karot Makinesi,inşaat-ve-inşaat-makineleri/delme-kırma-ve-kazı-ekipmanları/karot-makinesi
bz.48.07,bz.48,2,Sıkıştırma Makineleri,inşaat-ve-inşaat-makineleri/sıkıştırma-makineleri
bz.48.07.001,bz.48.07,3,Titreşimli Plaka,inşaat-ve-inşaat-makineleri/sıkıştırma-makineleri/titreşimli-plaka
bz.48.07.002,bz.48.07,3,Tokmak,inşaat-ve-inşaat-makineleri/sıkıştırma-makineleri/tokmak
bz.48.07.003,bz.48.07,3,Silindir,inşaat-ve-inşaat-makineleri/sıkıştırma-makineleri/silindir
bz.48.07.004,bz.48.07,3,Kompaktör,inşaat-ve-inşaat-makineleri/sıkıştırma-makineleri/kompaktör
bz.48.07.005,bz.48.07,3,Tambur,inşaat-ve-inşaat-makineleri/sıkıştırma-makineleri/tambur
bz.48.07.006,bz.48.07,3,Vibrasyon Sistemi,inşaat-ve-inşaat-makineleri/sıkıştırma-makineleri/vibrasyon-sistemi
bz.48.08,bz.48,2,Elektrikli & Akülü İnşaat Aletleri,inşaat-ve-inşaat-makineleri/elektrikli-ve-akülü-inşaat-aletleri
bz.48.08.001,bz.48.08,3,Darbeli Matkap,inşaat-ve-inşaat-makineleri/elektrikli-ve-akülü-inşaat-aletleri/darbeli-matkap
bz.48.08.002,bz.48.08,3,Kırıcı-Delici,inşaat-ve-inşaat-makineleri/elektrikli-ve-akülü-inşaat-aletleri/kırıcı-delici
bz.48.08.003,bz.48.08,3,Taşlama,inşaat-ve-inşaat-makineleri/elektrikli-ve-akülü-inşaat-aletleri/taşlama
bz.48.08.004,bz.48.08,3,Kesme Makinesi,inşaat-ve-inşaat-makineleri/elektrikli-ve-akülü-inşaat-aletleri/kesme-makinesi
bz.48.08.005,bz.48.08,3,Karıştırıcı,inşaat-ve-inşaat-makineleri/elektrikli-ve-akülü-inşaat-aletleri/karıştırıcı
bz.48.08.006,bz.48.08,3,Testere,inşaat-ve-inşaat-makineleri/elektrikli-ve-akülü-inşaat-aletleri/testere
bz.48.08.007,bz.48.08,3,Çivi Tabancası,inşaat-ve-inşaat-makineleri/elektrikli-ve-akülü-inşaat-aletleri/çivi-tabancası
bz.48.08.008,bz.48.08,3,Zımpara,inşaat-ve-inşaat-makineleri/elektrikli-ve-akülü-inşaat-aletleri/zımpara
bz.48.08.009,bz.48.08,3,Akü & Şarj,inşaat-ve-inşaat-makineleri/elektrikli-ve-akülü-inşaat-aletleri/akü-ve-şarj
bz.48.09,bz.48,2,İnşaat El Aletleri,inşaat-ve-inşaat-makineleri/inşaat-el-aletleri
bz.48.09.001,bz.48.09,3,Çekiç,inşaat-ve-inşaat-makineleri/inşaat-el-aletleri/çekiç
bz.48.09.002,bz.48.09,3,Keski,inşaat-ve-inşaat-makineleri/inşaat-el-aletleri/keski
bz.48.09.003,bz.48.09,3,Mala,inşaat-ve-inşaat-makineleri/inşaat-el-aletleri/mala
bz.48.09.004,bz.48.09,3,Spatula,inşaat-ve-inşaat-makineleri/inşaat-el-aletleri/spatula
bz.48.09.005,bz.48.09,3,Su Terazisi,inşaat-ve-inşaat-makineleri/inşaat-el-aletleri/su-terazisi
bz.48.09.006,bz.48.09,3,Metre,inşaat-ve-inşaat-makineleri/inşaat-el-aletleri/metre
bz.48.09.007,bz.48.09,3,Kesici,inşaat-ve-inşaat-makineleri/inşaat-el-aletleri/kesici
bz.48.09.008,bz.48.09,3,Pense,inşaat-ve-inşaat-makineleri/inşaat-el-aletleri/pense
bz.48.09.009,bz.48.09,3,Anahtar,inşaat-ve-inşaat-makineleri/inşaat-el-aletleri/anahtar
bz.48.09.010,bz.48.09,3,Kova,inşaat-ve-inşaat-makineleri/inşaat-el-aletleri/kova
bz.48.09.011,bz.48.09,3,El Arabası,inşaat-ve-inşaat-makineleri/inşaat-el-aletleri/el-arabası
bz.48.10,bz.48,2,Jeneratör & Kompresörler,inşaat-ve-inşaat-makineleri/jeneratör-ve-kompresörler
bz.48.10.001,bz.48.10,3,Dizel Jeneratör,inşaat-ve-inşaat-makineleri/jeneratör-ve-kompresörler/dizel-jeneratör
bz.48.10.002,bz.48.10,3,Benzinli Jeneratör,inşaat-ve-inşaat-makineleri/jeneratör-ve-kompresörler/benzinli-jeneratör
bz.48.10.003,bz.48.10,3,İnverter Jeneratör,inşaat-ve-inşaat-makineleri/jeneratör-ve-kompresörler/inverter-jeneratör
bz.48.10.004,bz.48.10,3,Hava Kompresörü,inşaat-ve-inşaat-makineleri/jeneratör-ve-kompresörler/hava-kompresörü
bz.48.10.005,bz.48.10,3,Vidalı Kompresör,inşaat-ve-inşaat-makineleri/jeneratör-ve-kompresörler/vidalı-kompresör
bz.48.10.006,bz.48.10,3,Pistonlu Kompresör,inşaat-ve-inşaat-makineleri/jeneratör-ve-kompresörler/pistonlu-kompresör
bz.48.10.007,bz.48.10,3,Kompresör Parçaları,inşaat-ve-inşaat-makineleri/jeneratör-ve-kompresörler/kompresör-parçaları
bz.48.11,bz.48,2,İskele & Kalıp Sistemleri,inşaat-ve-inşaat-makineleri/iskele-ve-kalıp-sistemleri
bz.48.11.001,bz.48.11,3,Cephe İskelesi,inşaat-ve-inşaat-makineleri/iskele-ve-kalıp-sistemleri/cephe-iskelesi
bz.48.11.002,bz.48.11,3,Mobil İskele,inşaat-ve-inşaat-makineleri/iskele-ve-kalıp-sistemleri/mobil-iskele
bz.48.11.003,bz.48.11,3,Kalıp,inşaat-ve-inşaat-makineleri/iskele-ve-kalıp-sistemleri/kalıp
bz.48.11.004,bz.48.11,3,Panel Kalıp,inşaat-ve-inşaat-makineleri/iskele-ve-kalıp-sistemleri/panel-kalıp
bz.48.11.005,bz.48.11,3,Beton Kalıbı,inşaat-ve-inşaat-makineleri/iskele-ve-kalıp-sistemleri/beton-kalıbı
bz.48.11.006,bz.48.11,3,İskele Tekerleği,inşaat-ve-inşaat-makineleri/iskele-ve-kalıp-sistemleri/iskele-tekerleği
bz.48.11.007,bz.48.11,3,Kriko,inşaat-ve-inşaat-makineleri/iskele-ve-kalıp-sistemleri/kriko
bz.48.11.008,bz.48.11,3,Destek Sistemi,inşaat-ve-inşaat-makineleri/iskele-ve-kalıp-sistemleri/destek-sistemi
bz.48.12,bz.48,2,Şantiye Ekipmanları,inşaat-ve-inşaat-makineleri/şantiye-ekipmanları
bz.48.12.001,bz.48.12,3,Şantiye Aydınlatması,inşaat-ve-inşaat-makineleri/şantiye-ekipmanları/şantiye-aydınlatması
bz.48.12.002,bz.48.12,3,Su Pompası,inşaat-ve-inşaat-makineleri/şantiye-ekipmanları/su-pompası
bz.48.12.003,bz.48.12,3,Drenaj Pompası,inşaat-ve-inşaat-makineleri/şantiye-ekipmanları/drenaj-pompası
bz.48.12.004,bz.48.12,3,Isıtıcı,inşaat-ve-inşaat-makineleri/şantiye-ekipmanları/isıtıcı
bz.48.12.005,bz.48.12,3,Fan,inşaat-ve-inşaat-makineleri/şantiye-ekipmanları/fan
bz.48.12.006,bz.48.12,3,Kablo Makarası,inşaat-ve-inşaat-makineleri/şantiye-ekipmanları/kablo-makarası
bz.48.12.007,bz.48.12,3,Şantiye Kablosu,inşaat-ve-inşaat-makineleri/şantiye-ekipmanları/şantiye-kablosu
bz.48.12.008,bz.48.12,3,Dağıtım Panosu,inşaat-ve-inşaat-makineleri/şantiye-ekipmanları/dağıtım-panosu
bz.48.12.009,bz.48.12,3,Su Tankı,inşaat-ve-inşaat-makineleri/şantiye-ekipmanları/su-tankı
bz.48.13,bz.48,2,İş Güvenliği & Kişisel Koruyucu Ekipman,inşaat-ve-inşaat-makineleri/iş-güvenliği-ve-kişisel-koruyucu-ekipman
bz.48.13.001,bz.48.13,3,Baret,inşaat-ve-inşaat-makineleri/iş-güvenliği-ve-kişisel-koruyucu-ekipman/baret
bz.48.13.002,bz.48.13,3,İş Ayakkabısı,inşaat-ve-inşaat-makineleri/iş-güvenliği-ve-kişisel-koruyucu-ekipman/iş-ayakkabısı
bz.48.13.003,bz.48.13,3,Eldiven,inşaat-ve-inşaat-makineleri/iş-güvenliği-ve-kişisel-koruyucu-ekipman/eldiven
bz.48.13.004,bz.48.13,3,Gözlük,inşaat-ve-inşaat-makineleri/iş-güvenliği-ve-kişisel-koruyucu-ekipman/gözlük
bz.48.13.005,bz.48.13,3,Kulak Koruyucu,inşaat-ve-inşaat-makineleri/iş-güvenliği-ve-kişisel-koruyucu-ekipman/kulak-koruyucu
bz.48.13.006,bz.48.13,3,Maske,inşaat-ve-inşaat-makineleri/iş-güvenliği-ve-kişisel-koruyucu-ekipman/maske
bz.48.13.007,bz.48.13,3,Emniyet Kemeri,inşaat-ve-inşaat-makineleri/iş-güvenliği-ve-kişisel-koruyucu-ekipman/emniyet-kemeri
bz.48.13.008,bz.48.13,3,Düşüş Durdurma,inşaat-ve-inşaat-makineleri/iş-güvenliği-ve-kişisel-koruyucu-ekipman/düşüş-durdurma
bz.48.13.009,bz.48.13,3,Reflektif Giyim,inşaat-ve-inşaat-makineleri/iş-güvenliği-ve-kişisel-koruyucu-ekipman/reflektif-giyim
bz.48.13.010,bz.48.13,3,İlk Yardım,inşaat-ve-inşaat-makineleri/iş-güvenliği-ve-kişisel-koruyucu-ekipman/ilk-yardım
bz.48.14,bz.48,2,İnşaat Makineleri Yedek Parçaları,inşaat-ve-inşaat-makineleri/inşaat-makineleri-yedek-parçaları
bz.48.14.001,bz.48.14,3,Motor Parçaları,inşaat-ve-inşaat-makineleri/inşaat-makineleri-yedek-parçaları/motor-parçaları
bz.48.14.002,bz.48.14,3,Yakıt Sistemi,inşaat-ve-inşaat-makineleri/inşaat-makineleri-yedek-parçaları/yakıt-sistemi
bz.48.14.003,bz.48.14,3,Turbo,inşaat-ve-inşaat-makineleri/inşaat-makineleri-yedek-parçaları/turbo
bz.48.14.004,bz.48.14,3,Soğutma,inşaat-ve-inşaat-makineleri/inşaat-makineleri-yedek-parçaları/soğutma
bz.48.14.005,bz.48.14,3,Şanzıman,inşaat-ve-inşaat-makineleri/inşaat-makineleri-yedek-parçaları/şanzıman
bz.48.14.006,bz.48.14,3,Diferansiyel,inşaat-ve-inşaat-makineleri/inşaat-makineleri-yedek-parçaları/diferansiyel
bz.48.14.007,bz.48.14,3,Aks,inşaat-ve-inşaat-makineleri/inşaat-makineleri-yedek-parçaları/aks
bz.48.14.008,bz.48.14,3,Hidrolik Pompa,inşaat-ve-inşaat-makineleri/inşaat-makineleri-yedek-parçaları/hidrolik-pompa
bz.48.14.009,bz.48.14,3,Hidrolik Valf,inşaat-ve-inşaat-makineleri/inşaat-makineleri-yedek-parçaları/hidrolik-valf
bz.48.14.010,bz.48.14,3,Hidrolik Silindir,inşaat-ve-inşaat-makineleri/inşaat-makineleri-yedek-parçaları/hidrolik-silindir
bz.48.14.011,bz.48.14,3,Hortum,inşaat-ve-inşaat-makineleri/inşaat-makineleri-yedek-parçaları/hortum
bz.48.14.012,bz.48.14,3,Rulman,inşaat-ve-inşaat-makineleri/inşaat-makineleri-yedek-parçaları/rulman
bz.48.14.013,bz.48.14,3,Keçe,inşaat-ve-inşaat-makineleri/inşaat-makineleri-yedek-parçaları/keçe
bz.48.14.014,bz.48.14,3,Conta,inşaat-ve-inşaat-makineleri/inşaat-makineleri-yedek-parçaları/conta
bz.48.14.015,bz.48.14,3,Filtre,inşaat-ve-inşaat-makineleri/inşaat-makineleri-yedek-parçaları/filtre
bz.48.14.016,bz.48.14,3,Kayış,inşaat-ve-inşaat-makineleri/inşaat-makineleri-yedek-parçaları/kayış
bz.48.14.017,bz.48.14,3,Zincir,inşaat-ve-inşaat-makineleri/inşaat-makineleri-yedek-parçaları/zincir
bz.48.14.018,bz.48.14,3,Elektrik,inşaat-ve-inşaat-makineleri/inşaat-makineleri-yedek-parçaları/elektrik
bz.48.14.019,bz.48.14,3,Sensör,inşaat-ve-inşaat-makineleri/inşaat-makineleri-yedek-parçaları/sensör
bz.48.14.020,bz.48.14,3,ECU,inşaat-ve-inşaat-makineleri/inşaat-makineleri-yedek-parçaları/ecu
bz.48.14.021,bz.48.14,3,Marş,inşaat-ve-inşaat-makineleri/inşaat-makineleri-yedek-parçaları/marş
bz.48.14.022,bz.48.14,3,Alternatör,inşaat-ve-inşaat-makineleri/inşaat-makineleri-yedek-parçaları/alternatör
bz.48.15,bz.48,2,"Palet, Lastik & Yürüyüş Sistemleri",inşaat-ve-inşaat-makineleri/palet-lastik-ve-yürüyüş-sistemleri
bz.48.15.001,bz.48.15,3,Palet Zinciri,inşaat-ve-inşaat-makineleri/palet-lastik-ve-yürüyüş-sistemleri/palet-zinciri
bz.48.15.002,bz.48.15,3,Palet Pabucu,inşaat-ve-inşaat-makineleri/palet-lastik-ve-yürüyüş-sistemleri/palet-pabucu
bz.48.15.003,bz.48.15,3,Palet Rulosu,inşaat-ve-inşaat-makineleri/palet-lastik-ve-yürüyüş-sistemleri/palet-rulosu
bz.48.15.004,bz.48.15,3,İdler,inşaat-ve-inşaat-makineleri/palet-lastik-ve-yürüyüş-sistemleri/idler
bz.48.15.005,bz.48.15,3,Tahrik Dişlisi,inşaat-ve-inşaat-makineleri/palet-lastik-ve-yürüyüş-sistemleri/tahrik-dişlisi
bz.48.15.006,bz.48.15,3,Yürüyüş Motoru,inşaat-ve-inşaat-makineleri/palet-lastik-ve-yürüyüş-sistemleri/yürüyüş-motoru
bz.48.15.007,bz.48.15,3,Lastik,inşaat-ve-inşaat-makineleri/palet-lastik-ve-yürüyüş-sistemleri/lastik
bz.48.15.008,bz.48.15,3,Dolgu Lastik,inşaat-ve-inşaat-makineleri/palet-lastik-ve-yürüyüş-sistemleri/dolgu-lastik
bz.48.15.009,bz.48.15,3,Jant,inşaat-ve-inşaat-makineleri/palet-lastik-ve-yürüyüş-sistemleri/jant
bz.48.15.010,bz.48.15,3,Yürüyüş Aksamı,inşaat-ve-inşaat-makineleri/palet-lastik-ve-yürüyüş-sistemleri/yürüyüş-aksamı
bz.48.16,bz.48,2,Ataşmanlar,inşaat-ve-inşaat-makineleri/ataşmanlar
bz.48.16.001,bz.48.16,3,Kepçe,inşaat-ve-inşaat-makineleri/ataşmanlar/kepçe
bz.48.16.002,bz.48.16,3,Hendek Kepçesi,inşaat-ve-inşaat-makineleri/ataşmanlar/hendek-kepçesi
bz.48.16.003,bz.48.16,3,Kaya Kepçesi,inşaat-ve-inşaat-makineleri/ataşmanlar/kaya-kepçesi
bz.48.16.004,bz.48.16,3,Hidrolik Kıskaç,inşaat-ve-inşaat-makineleri/ataşmanlar/hidrolik-kıskaç
bz.48.16.005,bz.48.16,3,Çatal,inşaat-ve-inşaat-makineleri/ataşmanlar/çatal
bz.48.16.006,bz.48.16,3,Riper,inşaat-ve-inşaat-makineleri/ataşmanlar/riper
bz.48.16.007,bz.48.16,3,Blade,inşaat-ve-inşaat-makineleri/ataşmanlar/blade
bz.48.16.008,bz.48.16,3,Auger,inşaat-ve-inşaat-makineleri/ataşmanlar/auger
bz.48.16.009,bz.48.16,3,Süpürge,inşaat-ve-inşaat-makineleri/ataşmanlar/süpürge
bz.48.16.010,bz.48.16,3,Kırıcı,inşaat-ve-inşaat-makineleri/ataşmanlar/kırıcı
bz.48.16.011,bz.48.16,3,Hızlı Bağlantı,inşaat-ve-inşaat-makineleri/ataşmanlar/hızlı-bağlantı
bz.48.17,bz.48,2,Hidrolik Sistemler & Parçaları,inşaat-ve-inşaat-makineleri/hidrolik-sistemler-ve-parçaları
bz.48.17.001,bz.48.17,3,Hidrolik Pompa,inşaat-ve-inşaat-makineleri/hidrolik-sistemler-ve-parçaları/hidrolik-pompa
bz.48.17.002,bz.48.17,3,Ana Pompa,inşaat-ve-inşaat-makineleri/hidrolik-sistemler-ve-parçaları/ana-pompa
bz.48.17.003,bz.48.17,3,Valf,inşaat-ve-inşaat-makineleri/hidrolik-sistemler-ve-parçaları/valf
bz.48.17.004,bz.48.17,3,Distribütör,inşaat-ve-inşaat-makineleri/hidrolik-sistemler-ve-parçaları/distribütör
bz.48.17.005,bz.48.17,3,Silindir,inşaat-ve-inşaat-makineleri/hidrolik-sistemler-ve-parçaları/silindir
bz.48.17.006,bz.48.17,3,Hortum,inşaat-ve-inşaat-makineleri/hidrolik-sistemler-ve-parçaları/hortum
bz.48.17.007,bz.48.17,3,Rakor,inşaat-ve-inşaat-makineleri/hidrolik-sistemler-ve-parçaları/rakor
bz.48.17.008,bz.48.17,3,Quick Coupling,inşaat-ve-inşaat-makineleri/hidrolik-sistemler-ve-parçaları/quick-coupling
bz.48.17.009,bz.48.17,3,Filtre,inşaat-ve-inşaat-makineleri/hidrolik-sistemler-ve-parçaları/filtre
bz.48.17.010,bz.48.17,3,Tank,inşaat-ve-inşaat-makineleri/hidrolik-sistemler-ve-parçaları/tank
bz.48.17.011,bz.48.17,3,Hidrolik Motor,inşaat-ve-inşaat-makineleri/hidrolik-sistemler-ve-parçaları/hidrolik-motor
bz.48.17.012,bz.48.17,3,Keçe Seti,inşaat-ve-inşaat-makineleri/hidrolik-sistemler-ve-parçaları/keçe-seti
bz.48.18,bz.48,2,Elektrik & Elektronik,inşaat-ve-inşaat-makineleri/elektrik-ve-elektronik
bz.48.18.001,bz.48.18,3,Akü,inşaat-ve-inşaat-makineleri/elektrik-ve-elektronik/akü
bz.48.18.002,bz.48.18,3,Alternatör,inşaat-ve-inşaat-makineleri/elektrik-ve-elektronik/alternatör
bz.48.18.003,bz.48.18,3,Marş Motoru,inşaat-ve-inşaat-makineleri/elektrik-ve-elektronik/marş-motoru
bz.48.18.004,bz.48.18,3,Kablo,inşaat-ve-inşaat-makineleri/elektrik-ve-elektronik/kablo
bz.48.18.005,bz.48.18,3,Sigorta,inşaat-ve-inşaat-makineleri/elektrik-ve-elektronik/sigorta
bz.48.18.006,bz.48.18,3,Röle,inşaat-ve-inşaat-makineleri/elektrik-ve-elektronik/röle
bz.48.18.007,bz.48.18,3,Sensör,inşaat-ve-inşaat-makineleri/elektrik-ve-elektronik/sensör
bz.48.18.008,bz.48.18,3,Joystick,inşaat-ve-inşaat-makineleri/elektrik-ve-elektronik/joystick
bz.48.18.009,bz.48.18,3,Kontrol Ünitesi,inşaat-ve-inşaat-makineleri/elektrik-ve-elektronik/kontrol-ünitesi
bz.48.18.010,bz.48.18,3,ECU,inşaat-ve-inşaat-makineleri/elektrik-ve-elektronik/ecu
bz.48.18.011,bz.48.18,3,Ekran,inşaat-ve-inşaat-makineleri/elektrik-ve-elektronik/ekran
bz.48.18.012,bz.48.18,3,Aydınlatma,inşaat-ve-inşaat-makineleri/elektrik-ve-elektronik/aydınlatma
bz.48.18.013,bz.48.18,3,Kamera,inşaat-ve-inşaat-makineleri/elektrik-ve-elektronik/kamera
bz.48.19,bz.48,2,"Bakım, Sarf & Servis",inşaat-ve-inşaat-makineleri/bakım-sarf-ve-servis
bz.48.19.001,bz.48.19,3,Motor Yağı,inşaat-ve-inşaat-makineleri/bakım-sarf-ve-servis/motor-yağı
bz.48.19.002,bz.48.19,3,Hidrolik Yağ,inşaat-ve-inşaat-makineleri/bakım-sarf-ve-servis/hidrolik-yağ
bz.48.19.003,bz.48.19,3,Şanzıman Yağı,inşaat-ve-inşaat-makineleri/bakım-sarf-ve-servis/şanzıman-yağı
bz.48.19.004,bz.48.19,3,Gres,inşaat-ve-inşaat-makineleri/bakım-sarf-ve-servis/gres
bz.48.19.005,bz.48.19,3,Antifriz,inşaat-ve-inşaat-makineleri/bakım-sarf-ve-servis/antifriz
bz.48.19.006,bz.48.19,3,Filtreler,inşaat-ve-inşaat-makineleri/bakım-sarf-ve-servis/filtreler
bz.48.19.007,bz.48.19,3,Kayışlar,inşaat-ve-inşaat-makineleri/bakım-sarf-ve-servis/kayışlar
bz.48.19.008,bz.48.19,3,Rulmanlar,inşaat-ve-inşaat-makineleri/bakım-sarf-ve-servis/rulmanlar
bz.48.19.009,bz.48.19,3,Keçeler,inşaat-ve-inşaat-makineleri/bakım-sarf-ve-servis/keçeler
bz.48.19.010,bz.48.19,3,Temizlik,inşaat-ve-inşaat-makineleri/bakım-sarf-ve-servis/temizlik
bz.48.19.011,bz.48.19,3,Servis Kitleri,inşaat-ve-inşaat-makineleri/bakım-sarf-ve-servis/servis-kitleri
bz.48.19.012,bz.48.19,3,Cıvata & Somun,inşaat-ve-inşaat-makineleri/bakım-sarf-ve-servis/cıvata-ve-somun
bz.48.20,bz.48,2,"Ölçüm, Lazer & Şantiye Teknolojileri",inşaat-ve-inşaat-makineleri/ölçüm-lazer-ve-şantiye-teknolojileri
bz.48.20.001,bz.48.20,3,Lazer Metre,inşaat-ve-inşaat-makineleri/ölçüm-lazer-ve-şantiye-teknolojileri/lazer-metre
bz.48.20.002,bz.48.20,3,Çizgi Lazer,inşaat-ve-inşaat-makineleri/ölçüm-lazer-ve-şantiye-teknolojileri/çizgi-lazer
bz.48.20.003,bz.48.20,3,Rotasyon Lazer,inşaat-ve-inşaat-makineleri/ölçüm-lazer-ve-şantiye-teknolojileri/rotasyon-lazer
bz.48.20.004,bz.48.20,3,Nivo,inşaat-ve-inşaat-makineleri/ölçüm-lazer-ve-şantiye-teknolojileri/nivo
bz.48.20.005,bz.48.20,3,Total Station,inşaat-ve-inşaat-makineleri/ölçüm-lazer-ve-şantiye-teknolojileri/total-station
bz.48.20.006,bz.48.20,3,Dedektör,inşaat-ve-inşaat-makineleri/ölçüm-lazer-ve-şantiye-teknolojileri/dedektör
bz.48.20.007,bz.48.20,3,GPS/GNSS,inşaat-ve-inşaat-makineleri/ölçüm-lazer-ve-şantiye-teknolojileri/gpsgnss
bz.48.20.008,bz.48.20,3,Mesafe Ölçer,inşaat-ve-inşaat-makineleri/ölçüm-lazer-ve-şantiye-teknolojileri/mesafe-ölçer
bz.48.20.009,bz.48.20,3,Nem Ölçer,inşaat-ve-inşaat-makineleri/ölçüm-lazer-ve-şantiye-teknolojileri/nem-ölçer
bz.48.21,bz.48,2,Şantiye Geçici Sistemleri,inşaat-ve-inşaat-makineleri/şantiye-geçici-sistemleri
bz.48.21.001,bz.48.21,3,Geçici Elektrik,inşaat-ve-inşaat-makineleri/şantiye-geçici-sistemleri/geçici-elektrik
bz.48.21.002,bz.48.21,3,Geçici Su,inşaat-ve-inşaat-makineleri/şantiye-geçici-sistemleri/geçici-su
bz.48.21.003,bz.48.21,3,Mobil Aydınlatma,inşaat-ve-inşaat-makineleri/şantiye-geçici-sistemleri/mobil-aydınlatma
bz.48.21.004,bz.48.21,3,Mobil Isıtma,inşaat-ve-inşaat-makineleri/şantiye-geçici-sistemleri/mobil-isıtma
bz.48.21.005,bz.48.21,3,Mobil Soğutma,inşaat-ve-inşaat-makineleri/şantiye-geçici-sistemleri/mobil-soğutma
bz.48.21.006,bz.48.21,3,Çit,inşaat-ve-inşaat-makineleri/şantiye-geçici-sistemleri/çit
bz.48.21.007,bz.48.21,3,Bariyer,inşaat-ve-inşaat-makineleri/şantiye-geçici-sistemleri/bariyer
bz.48.21.008,bz.48.21,3,Trafik Güvenliği,inşaat-ve-inşaat-makineleri/şantiye-geçici-sistemleri/trafik-güvenliği
bz.48.22,bz.48,2,"Yıkım, Geri Dönüşüm & Atık",inşaat-ve-inşaat-makineleri/yıkım-geri-dönüşüm-ve-atık
bz.48.22.001,bz.48.22,3,Yıkım Makineleri,inşaat-ve-inşaat-makineleri/yıkım-geri-dönüşüm-ve-atık/yıkım-makineleri
bz.48.22.002,bz.48.22,3,Beton Kırıcı,inşaat-ve-inşaat-makineleri/yıkım-geri-dönüşüm-ve-atık/beton-kırıcı
bz.48.22.003,bz.48.22,3,Metal Ayırma,inşaat-ve-inşaat-makineleri/yıkım-geri-dönüşüm-ve-atık/metal-ayırma
bz.48.22.004,bz.48.22,3,Konveyör,inşaat-ve-inşaat-makineleri/yıkım-geri-dönüşüm-ve-atık/konveyör
bz.48.22.005,bz.48.22,3,Elek,inşaat-ve-inşaat-makineleri/yıkım-geri-dönüşüm-ve-atık/elek
bz.48.22.006,bz.48.22,3,Mıknatıs,inşaat-ve-inşaat-makineleri/yıkım-geri-dönüşüm-ve-atık/mıknatıs
bz.48.22.007,bz.48.22,3,Atık Konteyneri,inşaat-ve-inşaat-makineleri/yıkım-geri-dönüşüm-ve-atık/atık-konteyneri
